src,resid_0,tex_0,area_0,resid_21,tex_21,area_21,resid_31,tex_31,area_31,resid_41,tex_41,area_41,resid_51,tex_51,area_51,name
C:\Users\jagan\OneDrive\Documents\TRON\Dataset\PlantVillage\Pepper__bell___Bacterial_spot\0022d6b7-d47c-4ee2-ae9a-392a53f48647___JR_B.Spot 8964.JPG,0.000579833984375,2464.74560546875,0.583587646484375,0.000579833984375,2464.74560546875,0.5845947265625,0.000579833984375,2464.74560546875,0.5883331298828125,0.000579833984375,2464.74560546875,0.59228515625,0.0005645751953125,2437.560546875,0.6094970703125,Pepper__bell___Bacterial_spot
C:\Users\jagan\OneDrive\Documents\TRON\Dataset\PlantVillage\Pepper__bell___Bacterial_spot\006adb74-934f-448f-a14f-62181742127b___JR_B.Spot 3395.JPG,0.0013275146484375,348.93695068359375,0.6782989501953125,0.0013275146484375,348.93695068359375,0.6801910400390625,0.0013275146484375,348.93695068359375,0.6858673095703125,0.0013275146484375,348.93695068359375,0.692626953125,0.0013275146484375,348.93695068359375,0.7083282470703125,Pepper__bell___Bacterial_spot
C:\Users\jagan\OneDrive\Documents\TRON\Dataset\PlantVillage\Pepper__bell___Bacterial_spot\00f2e69a-1e56-412d-8a79-fdce794a17e4___JR_B.Spot 3132.JPG,0.0,0.0,0.6268310546875,0.0,0.0,0.6287689208984375,0.0,0.0,0.6361541748046875,0.0,0.0,0.658660888671875,0.0,0.0,0.6755523681640625,Pepper__bell___Bacterial_spot
C:\Users\jagan\OneDrive\Documents\TRON\Dataset\PlantVillage\Pepper__bell___Bacterial_spot\018e494e-d2eb-468b-9d02-40219d9f4921___JR_B.Spot 9045.JPG,0.0,0.0,0.6792755126953125,0.0,0.0,0.6815948486328125,0.0,0.0,0.6868438720703125,0.0,0.0,0.693115234375,0.0,0.0,0.70062255859375,Pepper__bell___Bacterial_spot
C:\Users\jagan\OneDrive\Documents\TRON\Dataset\PlantVillage\Pepper__bell___Bacterial_spot\02baf62e-11e2-4dde-97fb-e369b57d55d3___JR_B.Spot 8971.JPG,0.0102691650390625,1460.74072265625,0.578521728515625,0.0102691650390625,1460.74072265625,0.5788116455078125,0.0102691650390625,1460.74072265625,0.5842742919921875,0.0102691650390625,1460.74072265625,0.5942230224609375,0.009857177734375,1453.0809326171875,0.6135711669921875,Pepper__bell___Bacterial_spot
C:\Users\jagan\OneDrive\Documents\TRON\Dataset\PlantVillage\Pepper__bell___Bacterial_spot\03bb7042-3fd5-42e1-aa2c-d51d6843704c___JR_B.Spot 8925.JPG,0.0,0.0,0.626251220703125,0.0,0.0,0.6264495849609375,0.0,0.0,0.6297454833984375,0.0,0.0,0.63714599609375,0.0,0.0,0.6408538818359375,Pepper__bell___Bacterial_spot
C:\Users\jagan\OneDrive\Documents\TRON\Dataset\PlantVillage\Pepper__bell___Bacterial_spot\05287bcb-610b-440f-9337-c4ce98bc3bbe___JR_B.Spot 3327.JPG,0.00689697265625,276.8630676269531,0.70574951171875,0.00689697265625,276.8630676269531,0.7073211669921875,0.0068206787109375,272.5266418457031,0.71551513671875,0.006622314453125,270.1277770996094,0.72955322265625,0.0065765380859375,259.2185363769531,0.73956298828125,Pepper__bell___Bacterial_spot
C:\Users\jagan\OneDrive\Documents\TRON\Dataset\PlantVillage\Pepper__bell___Bacterial_spot\0558ff5a-45c7-4ea0-9479-3f71f0048208___JR_B.Spot 3183.JPG,0.0097503662109375,42.12784194946289,0.5932464599609375,0.0097503662109375,42.12784194946289,0.594207763671875,0.0097503662109375,42.12784194946289,0.6018829345703125,0.0045318603515625,39.91554260253906,0.6103057861328125,0.005279541015625,31.731029510498047,0.6172027587890625,Pepper__bell___Bacterial_spot
C:\Users\jagan\OneDrive\Documents\TRON\Dataset\PlantVillage\Pepper__bell___Bacterial_spot\05af15b5-fbda-4dab-a4ba-c783d531d24d___JR_B.Spot 3150.JPG,0.0,0.0,0.56646728515625,0.0,0.0,0.5682220458984375,0.0,0.0,0.5728607177734375,0.0,0.0,0.581268310546875,0.0,0.0,0.5975341796875,Pepper__bell___Bacterial_spot
C:\Users\jagan\OneDrive\Documents\TRON\Dataset\PlantVillage\Pepper__bell___Bacterial_spot\09035eae-2a1c-4718-8877-5270a1fe8462___JR_B.Spot 3280.JPG,0.0004119873046875,13989.4326171875,0.7440185546875,0.0004119873046875,13989.4326171875,0.745819091796875,0.0004119873046875,13989.4326171875,0.750244140625,0.0004119873046875,13989.4326171875,0.7569122314453125,0.0004119873046875,13989.4326171875,0.7741241455078125,Pepper__bell___Bacterial_spot
C:\Users\jagan\OneDrive\Documents\TRON\Dataset\PlantVillage\Pepper__bell___Bacterial_spot\092b3e29-d29a-482f-9207-3cd5fbed6710___JR_B.Spot 3238.JPG,0.0481414794921875,232.3463592529297,0.593505859375,0.0480804443359375,232.6314697265625,0.5938262939453125,0.04754638671875,242.05465698242188,0.5972900390625,0.0469512939453125,244.7626190185547,0.6107177734375,0.04638671875,250.61550903320312,0.6185455322265625,Pepper__bell___Bacterial_spot
C:\Users\jagan\OneDrive\Documents\TRON\Dataset\PlantVillage\Pepper__bell___Bacterial_spot\0bd0f439-013b-40ed-a6d1-4e67e971d437___JR_B.Spot 3272.JPG,0.0332183837890625,2994.86083984375,0.740386962890625,0.0332183837890625,2994.86083984375,0.74261474609375,0.03326416015625,3008.1640625,0.753387451171875,0.0332183837890625,2994.86083984375,0.76593017578125,0.032562255859375,3233.44482421875,0.7733917236328125,Pepper__bell___Bacterial_spot
C:\Users\jagan\OneDrive\Documents\TRON\Dataset\PlantVillage\Pepper__bell___Bacterial_spot\0c1eb1fd-9e3a-4396-81bc-7d1d3eccc5ed___JR_B.Spot 3369.JPG,0.0045166015625,28.916807174682617,0.6502838134765625,0.004486083984375,29.08089256286621,0.6522674560546875,0.0046539306640625,27.800418853759766,0.6551513671875,0.0046844482421875,27.60460090637207,0.6597442626953125,0.0046539306640625,26.891437530517578,0.6656646728515625,Pepper__bell___Bacterial_spot
C:\Users\jagan\OneDrive\Documents\TRON\Dataset\PlantVillage\Pepper__bell___Bacterial_spot\0c2392f6-3e69-4baf-b9f3-197623f6631a___JR_B.Spot 3176.JPG,0.056884765625,138.07528686523438,0.6475677490234375,0.05682373046875,137.99534606933594,0.647857666015625,0.0592498779296875,138.73561096191406,0.6493988037109375,0.0606842041015625,133.40774536132812,0.6525421142578125,0.0692901611328125,135.90150451660156,0.664093017578125,Pepper__bell___Bacterial_spot
C:\Users\jagan\OneDrive\Documents\TRON\Dataset\PlantVillage\Pepper__bell___Bacterial_spot\0c4e75b2-e4aa-437e-815c-636271d66bec___JR_B.Spot 3244.JPG,0.0,0.0,0.658538818359375,0.0,0.0,0.6590728759765625,0.0,0.0,0.6621246337890625,0.0,0.0,0.6656951904296875,0.0,0.0,0.673126220703125,Pepper__bell___Bacterial_spot
C:\Users\jagan\OneDrive\Documents\TRON\Dataset\PlantVillage\Pepper__bell___Bacterial_spot\0c99cb45-b4e0-4ade-bba5-fab3b678f0bb___JR_B.Spot 8912.JPG,0.0,0.0,0.58892822265625,0.0,0.0,0.58978271484375,0.0,0.0,0.5916748046875,0.0,0.0,0.5979766845703125,0.0,0.0,0.6204071044921875,Pepper__bell___Bacterial_spot
C:\Users\jagan\OneDrive\Documents\TRON\Dataset\PlantVillage\Pepper__bell___Bacterial_spot\0d8421cd-eebc-4018-b591-12352dd970a7___JR_B.Spot 3234.JPG,0.04351806640625,260.6502380371094,0.643585205078125,0.0434112548828125,261.27459716796875,0.644317626953125,0.042694091796875,265.9303283691406,0.6536865234375,0.0423736572265625,267.86285400390625,0.6619415283203125,0.0419464111328125,270.547119140625,0.6696624755859375,Pepper__bell___Bacterial_spot
C:\Users\jagan\OneDrive\Documents\TRON\Dataset\PlantVillage\Pepper__bell___Bacterial_spot\0e57b44f-bb06-43ec-8688-5a7985b461e7___JR_B.Spot 8970.JPG,0.0,0.0,0.6676483154296875,0.0,0.0,0.6688232421875,0.0,0.0,0.67376708984375,0.0,0.0,0.6810150146484375,0.0,0.0,0.68646240234375,Pepper__bell___Bacterial_spot
C:\Users\jagan\OneDrive\Documents\TRON\Dataset\PlantVillage\Pepper__bell___Bacterial_spot\0fdb66e8-b17d-42c2-bc6d-30dcfab8fcae___JR_B.Spot 9058.JPG,0.0514068603515625,525.840576171875,0.5942840576171875,0.0514068603515625,525.840576171875,0.5944366455078125,0.0513916015625,525.9827270507812,0.5995330810546875,0.0513916015625,525.9827270507812,0.6078338623046875,0.05126953125,524.7601928710938,0.6141510009765625,Pepper__bell___Bacterial_spot
C:\Users\jagan\OneDrive\Documents\TRON\Dataset\PlantVillage\Pepper__bell___Bacterial_spot\1024fbd6-ded7-4532-becb-aeb624ea832b___JR_B.Spot 8884.JPG,0.0,0.0,0.5791778564453125,0.0,0.0,0.579437255859375,0.0,0.0,0.5804901123046875,0.0,0.0,0.5916748046875,0.0,0.0,0.6136322021484375,Pepper__bell___Bacterial_spot
C:\Users\jagan\OneDrive\Documents\TRON\Dataset\PlantVillage\Pepper__bell___Bacterial_spot\11092e1c-9fdc-4405-85b9-a8d7548f12bb___JR_B.Spot 9051.JPG,0.0,0.0,0.7043914794921875,0.0,0.0,0.7057037353515625,0.0,0.0,0.7106781005859375,0.0,0.0,0.7237396240234375,0.0,0.0,0.7352447509765625,Pepper__bell___Bacterial_spot
C:\Users\jagan\OneDrive\Documents\TRON\Dataset\PlantVillage\Pepper__bell___Bacterial_spot\11a23270-53e7-41b6-8c79-91caeaf9cfa6___JR_B.Spot 9050.JPG,0.0,0.0,0.63751220703125,0.0,0.0,0.638427734375,0.0,0.0,0.6420440673828125,0.0,0.0,0.6548919677734375,0.0,0.0,0.6653594970703125,Pepper__bell___Bacterial_spot
C:\Users\jagan\OneDrive\Documents\TRON\Dataset\PlantVillage\Pepper__bell___Bacterial_spot\11b85334-0029-430e-873d-9402bd9e5e9f___JR_B.Spot 9031.JPG,0.0,0.0,0.6135711669921875,0.0,0.0,0.6138763427734375,0.0,0.0,0.615570068359375,0.0,0.0,0.620391845703125,0.0,0.0,0.6236419677734375,Pepper__bell___Bacterial_spot
C:\Users\jagan\OneDrive\Documents\TRON\Dataset\PlantVillage\Pepper__bell___Bacterial_spot\11e6ce0a-8511-485a-b22c-21b978d28e5e___JR_B.Spot 3383.JPG,0.0,0.0,0.6326141357421875,0.0,0.0,0.6339263916015625,0.0,0.0,0.637176513671875,0.0,0.0,0.6408538818359375,0.0,0.0,0.6455841064453125,Pepper__bell___Bacterial_spot
C:\Users\jagan\OneDrive\Documents\TRON\Dataset\PlantVillage\Pepper__bell___Bacterial_spot\121268d0-b5e9-452b-aa45-df90ddcc5ee5___JR_B.Spot 8876.JPG,0.0,0.0,0.5802459716796875,0.0,0.0,0.581085205078125,0.0,0.0,0.5836639404296875,0.0,0.0,0.5916748046875,0.0,0.0,0.5966949462890625,Pepper__bell___Bacterial_spot
C:\Users\jagan\OneDrive\Documents\TRON\Dataset\PlantVillage\Pepper__bell___Bacterial_spot\1219f26f-a23a-4c2a-99f0-407fc785c74a___JR_B.Spot 3332.JPG,0.00079345703125,357.4407958984375,0.613525390625,0.00079345703125,357.4407958984375,0.61566162109375,0.00079345703125,357.4407958984375,0.61798095703125,0.00079345703125,357.4407958984375,0.620697021484375,0.0018463134765625,179.03204345703125,0.6241912841796875,Pepper__bell___Bacterial_spot
C:\Users\jagan\OneDrive\Documents\TRON\Dataset\PlantVillage\Pepper__bell___Bacterial_spot\12c953a0-bd3e-45d0-aaea-5139f5d63e01___JR_B.Spot 8863.JPG,0.0,0.0,0.58099365234375,0.0,0.0,0.5817413330078125,0.0,0.0,0.58343505859375,0.0,0.0,0.58612060546875,0.0,0.0,0.5935516357421875,Pepper__bell___Bacterial_spot
C:\Users\jagan\OneDrive\Documents\TRON\Dataset\PlantVillage\Pepper__bell___Bacterial_spot\131dd897-98e3-45f0-9b4a-48471c4cbf4c___JR_B.Spot 8845.JPG,0.0,0.0,0.6276397705078125,0.0,0.0,0.6281280517578125,0.0,0.0,0.6334686279296875,0.0,0.0,0.63787841796875,0.0,0.0,0.6422576904296875,Pepper__bell___Bacterial_spot
C:\Users\jagan\OneDrive\Documents\TRON\Dataset\PlantVillage\Pepper__bell___Bacterial_spot\141a46fa-9293-4810-9cf6-b329346f8fb2___JR_B.Spot 8995.JPG,0.02490234375,455.4397277832031,0.6360931396484375,0.02490234375,455.4397277832031,0.6371002197265625,0.0247344970703125,453.6846923828125,0.644378662109375,0.0247344970703125,453.6846923828125,0.6602630615234375,0.0247344970703125,453.6846923828125,0.664093017578125,Pepper__bell___Bacterial_spot
C:\Users\jagan\OneDrive\Documents\TRON\Dataset\PlantVillage\Pepper__bell___Bacterial_spot\144ae14f-dbf4-4dfa-9d47-98fb33009a48___JR_B.Spot 3364.JPG,0.00152587890625,553.005615234375,0.70166015625,0.001953125,551.7691650390625,0.7022552490234375,0.00115966796875,503.65167236328125,0.7062835693359375,0.00079345703125,21.946746826171875,0.73211669921875,0.001068115234375,26.48265266418457,0.7460784912109375,Pepper__bell___Bacterial_spot
C:\Users\jagan\OneDrive\Documents\TRON\Dataset\PlantVillage\Pepper__bell___Bacterial_spot\146d24cd-0c7e-458b-9f82-7b27525b04e4___JR_B.Spot 3329.JPG,0.0054473876953125,196.8803253173828,0.7108306884765625,0.0054473876953125,196.8803253173828,0.712493896484375,0.0064849853515625,248.01519775390625,0.717559814453125,0.0032806396484375,179.2284698486328,0.72808837890625,0.0012359619140625,145.1467742919922,0.752105712890625,Pepper__bell___Bacterial_spot
C:\Users\jagan\OneDrive\Documents\TRON\Dataset\PlantVillage\Pepper__bell___Bacterial_spot\14a96020-2720-43c5-8638-e70b90ebd573___JR_B.Spot 9039.JPG,0.0,0.0,0.62872314453125,0.0,0.0,0.6291961669921875,0.0,0.0,0.634063720703125,0.0,0.0,0.640899658203125,0.0,0.0,0.6517181396484375,Pepper__bell___Bacterial_spot
C:\Users\jagan\OneDrive\Documents\TRON\Dataset\PlantVillage\Pepper__bell___Bacterial_spot\14c4fd88-6d2a-4701-94ce-ab9e4b277f57___JR_B.Spot 8875.JPG,0.0,0.0,0.6710662841796875,0.0,0.0,0.67303466796875,0.0,0.0,0.6789398193359375,0.0,0.0,0.6854248046875,0.0,0.0,0.692962646484375,Pepper__bell___Bacterial_spot
C:\Users\jagan\OneDrive\Documents\TRON\Dataset\PlantVillage\Pepper__bell___Bacterial_spot\15b7cf0f-46ea-4390-a902-375b5b68e3fd___JR_B.Spot 3320.JPG,0.0,0.0,0.6909942626953125,0.0,0.0,0.6914215087890625,0.0,0.0,0.69293212890625,0.0,0.0,0.6996002197265625,0.0,0.0,0.707427978515625,Pepper__bell___Bacterial_spot
C:\Users\jagan\OneDrive\Documents\TRON\Dataset\PlantVillage\Pepper__bell___Bacterial_spot\15f3b9e4-9127-4404-904b-173dbe878fd6___JR_B.Spot 3226.JPG,0.0194854736328125,69.05927276611328,0.6433258056640625,0.0194854736328125,69.05927276611328,0.6451568603515625,0.0117645263671875,870.4549560546875,0.6544036865234375,0.0239715576171875,75.98345947265625,0.6698455810546875,0.0185699462890625,1061.9169921875,0.6853485107421875,Pepper__bell___Bacterial_spot
C:\Users\jagan\OneDrive\Documents\TRON\Dataset\PlantVillage\Pepper__bell___Bacterial_spot\162a3375-31e6-48f4-9b78-ab35054fb86c___JR_B.Spot 3397.JPG,0.00048828125,53.484375,0.53369140625,0.00048828125,53.484375,0.534393310546875,0.00048828125,53.484375,0.5370941162109375,0.00048828125,53.484375,0.5400848388671875,0.00048828125,53.484375,0.5430145263671875,Pepper__bell___Bacterial_spot
C:\Users\jagan\OneDrive\Documents\TRON\Dataset\PlantVillage\Pepper__bell___Bacterial_spot\1694ae00-3c5f-488c-9402-e65c70c73cf2___JR_B.Spot 3179.JPG,0.0533294677734375,419.3668212890625,0.6250152587890625,0.05316162109375,396.08843994140625,0.6254425048828125,0.030609130859375,442.41461181640625,0.6302032470703125,0.02996826171875,423.41363525390625,0.6388397216796875,0.0293121337890625,421.5230712890625,0.66827392578125,Pepper__bell___Bacterial_spot
C:\Users\jagan\OneDrive\Documents\TRON\Dataset\PlantVillage\Pepper__bell___Bacterial_spot\17000d8e-8095-4f00-b704-b94b1c531d8d___JR_B.Spot 3384.JPG,0.0062408447265625,428.0332336425781,0.6354217529296875,0.0062408447265625,428.0332336425781,0.6360931396484375,0.0062408447265625,428.0332336425781,0.64031982421875,0.0062408447265625,428.0332336425781,0.6481170654296875,0.0062408447265625,428.0332336425781,0.6602325439453125,Pepper__bell___Bacterial_spot
C:\Users\jagan\OneDrive\Documents\TRON\Dataset\PlantVillage\Pepper__bell___Bacterial_spot\177e323a-7c1d-41f2-a6b3-8ea30795054f___JR_B.Spot 8941.JPG,0.0,0.0,0.5806884765625,0.0,0.0,0.582733154296875,0.0,0.0,0.58624267578125,0.0,0.0,0.5904998779296875,0.0,0.0,0.5984954833984375,Pepper__bell___Bacterial_spot
C:\Users\jagan\OneDrive\Documents\TRON\Dataset\PlantVillage\Pepper__bell___Bacterial_spot\17c4557b-7a8f-4ded-b11c-6c5ba3532f37___JR_B.Spot 8824.JPG,0.0,0.0,0.5362091064453125,0.0,0.0,0.5376739501953125,0.0,0.0,0.5420074462890625,0.0,0.0,0.5447998046875,0.0,0.0,0.5501861572265625,Pepper__bell___Bacterial_spot
C:\Users\jagan\OneDrive\Documents\TRON\Dataset\PlantVillage\Pepper__bell___healthy\00100ffa-095e-4881-aebf-61fe5af7226e___JR_HL 7886.JPG,0.0,0.0,0.6707000732421875,0.0,0.0,0.671966552734375,0.0,0.0,0.6792449951171875,0.0,0.0,0.6910552978515625,0.0,0.0,0.6943359375,Pepper__bell___healthy
C:\Users\jagan\OneDrive\Documents\TRON\Dataset\PlantVillage\Pepper__bell___healthy\00208a93-7687-4e8c-b79e-3138687e0f38___JR_HL 7955.JPG,0.01483154296875,74.47695922851562,0.560150146484375,0.01483154296875,74.47695922851562,0.5611724853515625,0.0148162841796875,74.447265625,0.56768798828125,0.0147857666015625,73.98921203613281,0.5797271728515625,0.0147552490234375,73.10902404785156,0.5865478515625,Pepper__bell___healthy
C:\Users\jagan\OneDrive\Documents\TRON\Dataset\PlantVillage\Pepper__bell___healthy\002f87b7-e1a5-49e5-a422-bb423630ded5___JR_HL 8068.JPG,0.0,0.0,0.5961456298828125,0.0,0.0,0.5963897705078125,0.0,0.0,0.5975189208984375,0.0,0.0,0.60791015625,0.0,0.0,0.6218109130859375,Pepper__bell___healthy
C:\Users\jagan\OneDrive\Documents\TRON\Dataset\PlantVillage\Pepper__bell___healthy\00726ad4-2569-46ce-9d4e-dbf82b14bd94___JR_HL 8686.JPG,0.039764404296875,45.26538848876953,0.5748291015625,0.0418853759765625,55.2519645690918,0.575408935546875,0.0417327880859375,55.305240631103516,0.5772857666015625,0.049072265625,57.82343292236328,0.5804290771484375,0.0334625244140625,22.200786590576172,0.5894012451171875,Pepper__bell___healthy
C:\Users\jagan\OneDrive\Documents\TRON\Dataset\PlantVillage\Pepper__bell___healthy\0119205b-cfac-4322-be37-dcc401fcfa11___JR_HL 8527.JPG,0.0,0.0,0.67071533203125,0.0,0.0,0.6729583740234375,0.0,0.0,0.6778564453125,0.0,0.0,0.696014404296875,0.0,0.0,0.718231201171875,Pepper__bell___healthy
C:\Users\jagan\OneDrive\Documents\TRON\Dataset\PlantVillage\Pepper__bell___healthy\01482fdd-5dfd-4190-bbc0-6189a3161fae___JR_HL 7983.JPG,0.0,0.0,0.6066741943359375,0.0,0.0,0.6072540283203125,0.0,0.0,0.6105804443359375,0.0,0.0,0.6139068603515625,0.0,0.0,0.61749267578125,Pepper__bell___healthy
C:\Users\jagan\OneDrive\Documents\TRON\Dataset\PlantVillage\Pepper__bell___healthy\016c8a9f-8eab-41b2-bb4b-0eb6ed0b2a7d___JR_HL 8591.JPG,0.019866943359375,319.7052001953125,0.586456298828125,0.019866943359375,319.7052001953125,0.5866546630859375,0.0216827392578125,335.55352783203125,0.590179443359375,0.0222625732421875,338.25128173828125,0.5949554443359375,0.0220489501953125,330.5024108886719,0.60595703125,Pepper__bell___healthy
C:\Users\jagan\OneDrive\Documents\TRON\Dataset\PlantVillage\Pepper__bell___healthy\01d03cb9-4505-458c-a6dc-648dedccd71a___JR_HL 8474.JPG,0.0,0.0,0.6368560791015625,0.0,0.0,0.6380462646484375,0.0,0.0,0.643890380859375,0.0,0.0,0.650482177734375,0.0,0.0,0.6553955078125,Pepper__bell___healthy
C:\Users\jagan\OneDrive\Documents\TRON\Dataset\PlantVillage\Pepper__bell___healthy\01dd93b0-0e34-447b-87ea-ccc9f2b62d03___JR_HL 8005.JPG,0.0,0.0,0.6765594482421875,0.0,0.0,0.6773529052734375,0.0,0.0,0.6796875,0.0,0.0,0.6838531494140625,0.0,0.0,0.688446044921875,Pepper__bell___healthy
C:\Users\jagan\OneDrive\Documents\TRON\Dataset\PlantVillage\Pepper__bell___healthy\01fbd010-0cc1-4c48-98bc-49e328bf9bbc___JR_HL 8584.JPG,0.0,0.0,0.611724853515625,0.0,0.0,0.612030029296875,0.001495361328125,69.55611419677734,0.6226348876953125,0.0070343017578125,112.05068969726562,0.6316375732421875,0.014984130859375,169.666748046875,0.6365203857421875,Pepper__bell___healthy
C:\Users\jagan\OneDrive\Documents\TRON\Dataset\PlantVillage\Pepper__bell___healthy\023563f1-a71a-433d-aefc-d6c7aef8e9eb___JR_HL 8067.JPG,0.0101165771484375,168.72068786621094,0.7075653076171875,0.0098114013671875,166.95977783203125,0.7086181640625,0.00860595703125,160.93667602539062,0.7120208740234375,0.0083465576171875,153.05984497070312,0.71966552734375,0.007293701171875,159.42308044433594,0.7232666015625,Pepper__bell___healthy
C:\Users\jagan\OneDrive\Documents\TRON\Dataset\PlantVillage\Pepper__bell___healthy\02a7d2e5-9169-4856-9683-d4fa9894e012___JR_HL 8002.JPG,0.0009002685546875,496.4607849121094,0.658355712890625,0.000762939453125,466.02557373046875,0.658905029296875,0.0003662109375,421.2899169921875,0.66107177734375,0.0,0.0,0.6649322509765625,0.0,0.0,0.6724700927734375,Pepper__bell___healthy
C:\Users\jagan\OneDrive\Documents\TRON\Dataset\PlantVillage\Pepper__bell___healthy\030eee8e-5db2-4596-8ebc-6ab9b2fec504___JR_HL 5993.JPG,0.0,0.0,0.4940948486328125,0.0,0.0,0.494384765625,0.0,0.0,0.5006866455078125,0.0,0.0,0.505950927734375,0.0,0.0,0.5216827392578125,Pepper__bell___healthy
C:\Users\jagan\OneDrive\Documents\TRON\Dataset\PlantVillage\Pepper__bell___healthy\031f6e91-afc0-48c2-8989-a2ce770549d5___JR_HL 7911.JPG,0.030853271484375,1333.4102783203125,0.6182861328125,0.030853271484375,1333.4102783203125,0.6189727783203125,0.0307769775390625,1321.6658935546875,0.62213134765625,0.0307159423828125,1339.026611328125,0.6272735595703125,0.0306549072265625,1341.5,0.640625,Pepper__bell___healthy
C:\Users\jagan\OneDrive\Documents\TRON\Dataset\PlantVillage\Pepper__bell___healthy\03396fd1-be05-40a7-81b2-67000e77d479___JR_HL 8721.JPG,0.0,0.0,0.5579071044921875,0.0,0.0,0.558135986328125,0.0,0.0,0.5600738525390625,0.0,0.0,0.571319580078125,0.0,0.0,0.583984375,Pepper__bell___healthy
C:\Users\jagan\OneDrive\Documents\TRON\Dataset\PlantVillage\Pepper__bell___healthy\035746b5-cbe6-4e5d-9c3a-4bfc5c6cf5a1___JR_HL 7728.JPG,0.008941650390625,273.83013916015625,0.6484222412109375,0.008941650390625,273.83013916015625,0.64971923828125,0.00537109375,307.3693542480469,0.6563720703125,0.00537109375,307.3693542480469,0.66375732421875,0.00274658203125,280.2892150878906,0.672027587890625,Pepper__bell___healthy
C:\Users\jagan\OneDrive\Documents\TRON\Dataset\PlantVillage\Pepper__bell___healthy\0371d114-2c42-40c5-b2cd-acf2072520e2___JR_HL 7914.JPG,0.091583251953125,4457.6171875,0.516265869140625,0.089996337890625,4363.65771484375,0.5205230712890625,0.08929443359375,3684.675048828125,0.5389556884765625,0.088592529296875,3430.18798828125,0.55084228515625,0.0725860595703125,1780.1309814453125,0.592437744140625,Pepper__bell___healthy
C:\Users\jagan\OneDrive\Documents\TRON\Dataset\PlantVillage\Pepper__bell___healthy\0379e766-3bb9-4d00-8600-7d818a4b2ebf___JR_HL 7769.JPG,0.0120391845703125,282.7727966308594,0.691619873046875,0.0119781494140625,281.8453369140625,0.6927337646484375,0.0146331787109375,292.7297058105469,0.6975250244140625,0.01446533203125,295.23284912109375,0.703399658203125,0.0142822265625,298.0999450683594,0.7157135009765625,Pepper__bell___healthy
C:\Users\jagan\OneDrive\Documents\TRON\Dataset\PlantVillage\Pepper__bell___healthy\03c966a7-ac9e-4c8e-965a-6c0e7289a0e8___JR_HL 8509.JPG,0.0,0.0,0.5814666748046875,0.0,0.0,0.5821380615234375,0.0,0.0,0.5848388671875,0.0,0.0,0.59033203125,0.0,0.0,0.5934295654296875,Pepper__bell___healthy
C:\Users\jagan\OneDrive\Documents\TRON\Dataset\PlantVillage\Pepper__bell___healthy\03e8ce3f-9bb5-481c-945b-1fa7d5da09e3___JR_HL 7583.JPG,0.0,0.0,0.63848876953125,0.0,0.0,0.6390838623046875,0.0,0.0,0.6415252685546875,0.0,0.0,0.6500244140625,0.0,0.0,0.6580963134765625,Pepper__bell___healthy
C:\Users\jagan\OneDrive\Documents\TRON\Dataset\PlantVillage\Pepper__bell___healthy\05f73b75-e898-4752-9c9b-ae745994eb01___JR_HL 8801.JPG,0.0,0.0,0.5219879150390625,0.0,0.0,0.5220947265625,0.0,0.0,0.525604248046875,0.0,0.0,0.5321502685546875,0.0,0.0,0.5359344482421875,Pepper__bell___healthy
C:\Users\jagan\OneDrive\Documents\TRON\Dataset\PlantVillage\Pepper__bell___healthy\0691ea32-a88a-4487-a92c-1159140ff880___JR_HL 7694.JPG,0.0,0.0,0.640350341796875,0.0,0.0,0.64166259765625,0.0,0.0,0.6440887451171875,0.0,0.0,0.6479644775390625,0.0,0.0,0.6733856201171875,Pepper__bell___healthy
C:\Users\jagan\OneDrive\Documents\TRON\Dataset\PlantVillage\Pepper__bell___healthy\06ae69f3-53f7-4ad8-b6b0-185dd26b2fc0___JR_HL 7971.JPG,0.0069427490234375,23873.08203125,0.6631622314453125,0.0067291259765625,23840.599609375,0.66448974609375,0.000885009765625,30497.14453125,0.672271728515625,0.0,0.0,0.6781463623046875,0.0,0.0,0.687347412109375,Pepper__bell___healthy
C:\Users\jagan\OneDrive\Documents\TRON\Dataset\PlantVillage\Pepper__bell___healthy\075e9bdc-4921-440b-948d-83f30151317c___JR_HL 7958.JPG,0.0,0.0,0.5400848388671875,0.0,0.0,0.540496826171875,0.0,0.0,0.542388916015625,0.0,0.0,0.5443115234375,0.0,0.0,0.54888916015625,Pepper__bell___healthy
C:\Users\jagan\OneDrive\Documents\TRON\Dataset\PlantVillage\Pepper__bell___healthy\0760194c-efdd-4065-babb-a12f3b7881a6___JR_HL 7591.JPG,0.010986328125,1052.396728515625,0.63067626953125,0.010986328125,1052.396728515625,0.63189697265625,0.01092529296875,1018.5739135742188,0.635772705078125,0.01092529296875,1018.5739135742188,0.6446380615234375,0.01092529296875,1018.5739135742188,0.652801513671875,Pepper__bell___healthy
C:\Users\jagan\OneDrive\Documents\TRON\Dataset\PlantVillage\Pepper__bell___healthy\07aae897-44cd-4a0c-9471-1bd6234135b0___JR_HL 8745.JPG,0.0,0.0,0.5692138671875,0.0,0.0,0.569854736328125,0.0,0.0,0.571502685546875,0.0,0.0,0.582427978515625,0.0,0.0,0.587646484375,Pepper__bell___healthy
C:\Users\jagan\OneDrive\Documents\TRON\Dataset\PlantVillage\Pepper__bell___healthy\07eda9a1-8f8a-471b-b3c6-9093c3d6ca90___JR_HL 8177.JPG,0.0,0.0,0.708892822265625,0.0,0.0,0.709808349609375,0.0,0.0,0.7144927978515625,0.0,0.0,0.719146728515625,0.0,0.0,0.725067138671875,Pepper__bell___healthy
C:\Users\jagan\OneDrive\Documents\TRON\Dataset\PlantVillage\Pepper__bell___healthy\07f381f7-bc63-4e41-8bcc-6c5954a14c03___JR_HL 8326.JPG,0.062835693359375,939.0704345703125,0.5737152099609375,0.0628204345703125,939.2968139648438,0.5739288330078125,0.0398712158203125,1201.516845703125,0.579315185546875,0.0368499755859375,1127.4931640625,0.5860137939453125,0.0343170166015625,1041.5435791015625,0.595916748046875,Pepper__bell___healthy
C:\Users\jagan\OneDrive\Documents\TRON\Dataset\PlantVillage\Pepper__bell___healthy\084a1485-7006-4277-bd4f-5b9e766cfd24___JR_HL 7892.JPG,0.0,0.0,0.5383148193359375,0.0,0.0,0.5389251708984375,0.0,0.0,0.5420989990234375,0.0,0.0,0.5512237548828125,0.00030517578125,5.527500152587891,0.5611419677734375,Pepper__bell___healthy
C:\Users\jagan\OneDrive\Documents\TRON\Dataset\PlantVillage\Pepper__bell___healthy\08945f1c-9204-48d6-a5b4-bece52a18909___JR_HL 8056.JPG,0.0070037841796875,16.53208351135254,0.6298828125,0.0070037841796875,16.53208351135254,0.630401611328125,0.0064697265625,15.149230003356934,0.6340789794921875,0.0090789794921875,20.474245071411133,0.6441802978515625,0.022369384765625,19.756362915039062,0.65045166015625,Pepper__bell___healthy
C:\Users\jagan\OneDrive\Documents\TRON\Dataset\PlantVillage\Pepper__bell___healthy\08c9ab27-c1a4-4ccd-a179-ca6e2fa05d78___JR_HL 8769.JPG,0.0058441162109375,2441.691650390625,0.51092529296875,0.0058441162109375,2441.691650390625,0.51116943359375,0.0058441162109375,2441.691650390625,0.51324462890625,0.0055999755859375,2058.280029296875,0.523712158203125,0.0055999755859375,2058.280029296875,0.532196044921875,Pepper__bell___healthy
C:\Users\jagan\OneDrive\Documents\TRON\Dataset\PlantVillage\Pepper__bell___healthy\0984b7ed-2a64-40fe-b0fa-ff440b0fc8e4___JR_HL 8600.JPG,0.0408935546875,787.310791015625,0.6891632080078125,0.0408935546875,787.310791015625,0.690185546875,0.0408935546875,787.310791015625,0.6974334716796875,0.0408935546875,787.310791015625,0.7040557861328125,0.0313262939453125,631.549560546875,0.714752197265625,Pepper__bell___healthy
C:\Users\jagan\OneDrive\Documents\TRON\Dataset\PlantVillage\Pepper__bell___healthy\09c7fa21-c544-4a90-86ec-c56d3996602d___JR_HL 8578.JPG,0.019622802734375,1037.370849609375,0.6387481689453125,0.019622802734375,1037.370849609375,0.6398162841796875,0.0176849365234375,1036.181884765625,0.649261474609375,0.017364501953125,1052.083251953125,0.658050537109375,0.017120361328125,1055.206298828125,0.667388916015625,Pepper__bell___healthy
C:\Users\jagan\OneDrive\Documents\TRON\Dataset\PlantVillage\Pepper__bell___healthy\0a3f2927-4410-46a3-bfda-5f4769a5aaf8___JR_HL 8275.JPG,0.0057220458984375,170.15272521972656,0.5445098876953125,0.005218505859375,186.5323944091797,0.545745849609375,0.0042572021484375,220.91506958007812,0.54779052734375,0.0045318603515625,274.8260498046875,0.5505218505859375,0.004058837890625,291.2385559082031,0.553314208984375,Pepper__bell___healthy
C:\Users\jagan\OneDrive\Documents\TRON\Dataset\PlantVillage\Pepper__bell___healthy\0ade14b6-8937-43ea-93eb-98343af6bae7___JR_HL 8026.JPG,0.0,0.0,0.614288330078125,0.0,0.0,0.6147308349609375,0.0,0.0,0.6156463623046875,0.0,0.0,0.6204071044921875,0.0,0.0,0.62554931640625,Pepper__bell___healthy
C:\Users\jagan\OneDrive\Documents\TRON\Dataset\PlantVillage\Pepper__bell___healthy\0b76f650-27cf-4b62-b3ad-c97d81e0db0c___JR_HL 8554.JPG,0.0231475830078125,70.92345428466797,0.6005859375,0.0231475830078125,70.92345428466797,0.6010894775390625,0.0231475830078125,70.92345428466797,0.60247802734375,0.0231475830078125,70.92345428466797,0.60809326171875,0.0231475830078125,70.92345428466797,0.6112213134765625,Pepper__bell___healthy
C:\Users\jagan\OneDrive\Documents\TRON\Dataset\PlantVillage\Pepper__bell___healthy\0b796b7a-dfc8-47f7-9970-8373263c6408___JR_HL 5948.JPG,0.0,0.0,0.53826904296875,0.0,0.0,0.5384368896484375,0.0,0.0,0.538909912109375,0.0,0.0,0.5401153564453125,0.0,0.0,0.548004150390625,Pepper__bell___healthy
C:\Users\jagan\OneDrive\Documents\TRON\Dataset\PlantVillage\Pepper__bell___healthy\0c102dad-d31f-469b-89d1-6fe7bf93708c___JR_HL 7689.JPG,0.0,0.0,0.727630615234375,0.0,0.0,0.729766845703125,0.0,0.0,0.73638916015625,0.0,0.0,0.75433349609375,0.0,0.0,0.776336669921875,Pepper__bell___healthy
C:\Users\jagan\OneDrive\Documents\TRON\Dataset\PlantVillage\Pepper__bell___healthy\0c93ef1a-ccc8-4a62-9353-308e7da3ac3e___JR_HL 8245.JPG,0.005157470703125,12.264530181884766,0.62298583984375,0.005157470703125,12.264530181884766,0.625091552734375,0.006439208984375,12.22657299041748,0.6283111572265625,0.002685546875,13.292322158813477,0.6424407958984375,0.0021209716796875,14.311372756958008,0.6510009765625,Pepper__bell___healthy
C:\Users\jagan\OneDrive\Documents\TRON\Dataset\PlantVillage\Pepper__bell___healthy\0cc984a1-ea7d-4f97-9967-5ca1be71c932___JR_HL 8803.JPG,0.0100555419921875,571.386962890625,0.5962677001953125,0.0100555419921875,571.386962890625,0.597320556640625,0.0100555419921875,571.386962890625,0.60516357421875,0.0100555419921875,571.386962890625,0.608673095703125,0.0100555419921875,571.386962890625,0.6213531494140625,Pepper__bell___healthy
C:\Users\jagan\OneDrive\Documents\TRON\Dataset\PlantVillage\Potato___Early_blight\002a55fb-7a3d-4a3a-aca8-ce2d5ebc6925___RS_Early.B 8170.JPG,0.00048828125,1246.359375,0.6242218017578125,0.00048828125,1246.359375,0.6275177001953125,0.00048828125,1246.359375,0.63189697265625,0.00048828125,1246.359375,0.6353607177734375,0.00048828125,1246.359375,0.6373138427734375,Potato___Early_blight
C:\Users\jagan\OneDrive\Documents\TRON\Dataset\PlantVillage\Potato___Early_blight\009c8c31-f22d-4ffd-8f16-189c6f06c577___RS_Early.B 7885.JPG,0.0,0.0,0.6639404296875,0.0,0.0,0.6666717529296875,0.0,0.0,0.6755828857421875,0.0,0.0,0.6971282958984375,0.0,0.0,0.7129364013671875,Potato___Early_blight
C:\Users\jagan\OneDrive\Documents\TRON\Dataset\PlantVillage\Potato___Early_blight\02578b86-b234-4ac0-9bc3-691b5610e2bf___RS_Early.B 7562.JPG,0.0,0.0,0.671539306640625,0.0,0.0,0.673187255859375,0.0,0.0,0.676422119140625,0.0,0.0,0.6873931884765625,0.0,0.0,0.6957855224609375,Potato___Early_blight
C:\Users\jagan\OneDrive\Documents\TRON\Dataset\PlantVillage\Potato___Early_blight\0267d4ca-522e-4ca0-b1a2-ce925e5b54a2___RS_Early.B 7020.JPG,0.0,0.0,0.696441650390625,0.0,0.0,0.6972503662109375,0.0,0.0,0.7042236328125,0.0,0.0,0.7164154052734375,0.0,0.0,0.735870361328125,Potato___Early_blight
C:\Users\jagan\OneDrive\Documents\TRON\Dataset\PlantVillage\Potato___Early_blight\028f9b73-142f-499a-9c7b-d7c1ed5e5506___RS_Early.B 8546.JPG,0.001068115234375,11733.86328125,0.7071075439453125,0.00048828125,14988.974609375,0.710113525390625,0.0,0.0,0.7196197509765625,0.0,0.0,0.737396240234375,0.0,0.0,0.7505035400390625,Potato___Early_blight
C:\Users\jagan\OneDrive\Documents\TRON\Dataset\PlantVillage\Potato___Early_blight\034959c1-f1e8-4a79-a6d5-3c1d14efa2f3___RS_Early.B 7136.JPG,0.000732421875,13041.17578125,0.6616973876953125,0.0,0.0,0.6631317138671875,0.0002593994140625,204.34603881835938,0.6701507568359375,0.0,0.0,0.686431884765625,0.0,0.0,0.693359375,Potato___Early_blight
C:\Users\jagan\OneDrive\Documents\TRON\Dataset\PlantVillage\Potato___Early_blight\03b0d3c1-b5b0-48f4-98aa-f8904670290f___RS_Early.B 7051.JPG,0.0035400390625,1091.5469970703125,0.699310302734375,0.0035400390625,1091.5469970703125,0.701080322265625,0.0035400390625,1091.5469970703125,0.7102203369140625,0.0042266845703125,1106.6925048828125,0.726531982421875,0.00518798828125,1143.4144287109375,0.730804443359375,Potato___Early_blight
C:\Users\jagan\OneDrive\Documents\TRON\Dataset\PlantVillage\Potato___Early_blight\044c3abc-0bc9-45fb-8fd5-094aeb605f90___RS_Early.B 8044.JPG,0.0015411376953125,26638.201171875,0.67828369140625,0.001495361328125,27128.744140625,0.6813507080078125,0.00140380859375,27945.064453125,0.6927032470703125,0.001190185546875,29151.19921875,0.704071044921875,0.0007781982421875,7099.16552734375,0.70855712890625,Potato___Early_blight
C:\Users\jagan\OneDrive\Documents\TRON\Dataset\PlantVillage\Potato___Early_blight\048d18ae-98b1-484d-97da-5a0e69b9ebc1___RS_Early.B 6845.JPG,0.0005035400390625,4392.37060546875,0.7088775634765625,0.0005035400390625,4392.37060546875,0.7097625732421875,0.0005035400390625,4392.37060546875,0.719879150390625,0.0005035400390625,4392.37060546875,0.7312164306640625,0.0005035400390625,4392.37060546875,0.7395782470703125,Potato___Early_blight
C:\Users\jagan\OneDrive\Documents\TRON\Dataset\PlantVillage\Potato___Early_blight\04c8e6b9-7710-4cdd-b259-2d78b15d1036___RS_Early.B 7066.JPG,0.0002593994140625,889.5155029296875,0.6098785400390625,0.0002593994140625,889.5155029296875,0.6114501953125,0.0002593994140625,889.5155029296875,0.6147308349609375,0.0002593994140625,889.5155029296875,0.624237060546875,0.0002593994140625,889.5155029296875,0.6300506591796875,Potato___Early_blight
C:\Users\jagan\OneDrive\Documents\TRON\Dataset\PlantVillage\Potato___Early_blight\04fd2a46-ddd4-4b0b-8f19-5ecca482a7d5___RS_Early.B 7273.JPG,0.00048828125,620.5068359375,0.657135009765625,0.00048828125,620.5068359375,0.65850830078125,0.00054931640625,560.9530029296875,0.6657257080078125,0.00054931640625,560.9530029296875,0.68243408203125,0.000396728515625,747.8475952148438,0.6944580078125,Potato___Early_blight
C:\Users\jagan\OneDrive\Documents\TRON\Dataset\PlantVillage\Potato___Early_blight\05c35093-11b8-4cd0-b67a-148859754440___RS_Early.B 8939.JPG,0.0205078125,89.78961944580078,0.657623291015625,0.019195556640625,87.80828857421875,0.6587982177734375,0.012115478515625,68.10521697998047,0.666778564453125,0.0097808837890625,117.82232666015625,0.6856689453125,0.01055908203125,125.31168365478516,0.6955108642578125,Potato___Early_blight
C:\Users\jagan\OneDrive\Documents\TRON\Dataset\PlantVillage\Potato___Early_blight\0604174e-3018-4faa-9975-0be32d2c0789___RS_Early.B 7123.JPG,0.0002593994140625,432.6020812988281,0.5985107421875,0.0002593994140625,432.6020812988281,0.5993194580078125,0.0002593994140625,432.6020812988281,0.6051483154296875,0.0002593994140625,432.6020812988281,0.6144561767578125,0.0002593994140625,432.6020812988281,0.62457275390625,Potato___Early_blight
C:\Users\jagan\OneDrive\Documents\TRON\Dataset\PlantVillage\Potato___Early_blight\060fd5a7-1606-4a59-895b-604c90d6b414___RS_Early.B 7205.JPG,0.0012359619140625,222.2005615234375,0.735595703125,0.001495361328125,192.40658569335938,0.7368621826171875,0.001495361328125,192.40658569335938,0.7441864013671875,0.0012359619140625,222.2005615234375,0.758148193359375,0.0012359619140625,222.2005615234375,0.768035888671875,Potato___Early_blight
C:\Users\jagan\OneDrive\Documents\TRON\Dataset\PlantVillage\Potato___Early_blight\06ac6596-8d65-46dd-a343-a2209f3480e4___RS_Early.B 6921.JPG,0.006927490234375,11516.1669921875,0.6955108642578125,0.0068359375,11440.029296875,0.6964111328125,0.0066680908203125,11028.1611328125,0.70379638671875,0.00628662109375,10840.48046875,0.709686279296875,0.0024871826171875,13631.662109375,0.7258148193359375,Potato___Early_blight
C:\Users\jagan\OneDrive\Documents\TRON\Dataset\PlantVillage\Potato___Early_blight\07d777f8-2c5a-48da-935e-f17c572b1e6e___RS_Early.B 7880.JPG,0.0,0.0,0.7319793701171875,0.0,0.0,0.7328033447265625,0.0,0.0,0.744293212890625,0.0,0.0,0.7500762939453125,0.0,0.0,0.756103515625,Potato___Early_blight
C:\Users\jagan\OneDrive\Documents\TRON\Dataset\PlantVillage\Potato___Early_blight\08029ccc-387e-4be6-9389-04f7b82fdb2a___RS_Early.B 9130.JPG,0.0002593994140625,272.2076110839844,0.74212646484375,0.000823974609375,265.1759338378906,0.7436370849609375,0.0009002685546875,450.983642578125,0.7476654052734375,0.0009002685546875,450.983642578125,0.753997802734375,0.0009002685546875,450.983642578125,0.76190185546875,Potato___Early_blight
C:\Users\jagan\OneDrive\Documents\TRON\Dataset\PlantVillage\Potato___Early_blight\08392b44-ecc6-4f38-8566-361b552cfe21___RS_Early.B 7393.JPG,0.0,0.0,0.6556854248046875,0.0,0.0,0.656951904296875,0.0,0.0,0.661712646484375,0.0,0.0,0.6671905517578125,0.0,0.0,0.6749420166015625,Potato___Early_blight
C:\Users\jagan\OneDrive\Documents\TRON\Dataset\PlantVillage\Potato___Early_blight\089fb289-4bea-48b6-a29a-3a1d268d9dd3___RS_Early.B 8081.JPG,0.00537109375,15261.7216796875,0.747039794921875,0.0038909912109375,19324.013671875,0.7532501220703125,0.00048828125,22458.560546875,0.76971435546875,0.0,0.0,0.783355712890625,0.0,0.0,0.798919677734375,Potato___Early_blight
C:\Users\jagan\OneDrive\Documents\TRON\Dataset\PlantVillage\Potato___Early_blight\08a892eb-19cc-45ea-babc-181b98f89238___RS_Early.B 7367.JPG,0.0,0.0,0.6492462158203125,0.0,0.0,0.650665283203125,0.0,0.0,0.65478515625,0.0,0.0,0.67242431640625,0.0,0.0,0.686492919921875,Potato___Early_blight
C:\Users\jagan\OneDrive\Documents\TRON\Dataset\PlantVillage\Potato___Early_blight\08cf1add-91f8-41ea-bc13-54e7d1cb6da0___RS_Early.B 6865.JPG,0.0004119873046875,164.89984130859375,0.683837890625,0.0004119873046875,164.89984130859375,0.6849822998046875,0.0004119873046875,164.89984130859375,0.6903228759765625,0.0,0.0,0.72259521484375,0.0,0.0,0.7395782470703125,Potato___Early_blight
C:\Users\jagan\OneDrive\Documents\TRON\Dataset\PlantVillage\Potato___Early_blight\094fbf4c-da00-4037-82af-03e712d8db47___RS_Early.B 6908.JPG,0.0,0.0,0.7266998291015625,0.0,0.0,0.7275238037109375,0.0,0.0,0.731414794921875,0.0,0.0,0.7467041015625,0.0,0.0,0.7591094970703125,Potato___Early_blight
C:\Users\jagan\OneDrive\Documents\TRON\Dataset\PlantVillage\Potato___Early_blight\096f6928-24dd-4efd-acc6-b8246318676c___RS_Early.B 8970.JPG,0.007476806640625,21340.7109375,0.70672607421875,0.0070343017578125,21494.291015625,0.7099609375,0.000335693359375,67.85330200195312,0.72967529296875,0.0,0.0,0.7456817626953125,0.0,0.0,0.75274658203125,Potato___Early_blight
C:\Users\jagan\OneDrive\Documents\TRON\Dataset\PlantVillage\Potato___Early_blight\0a47f32c-1724-4c8d-bfe4-986cedd3587b___RS_Early.B 8001.JPG,0.0004119873046875,190.61727905273438,0.7562408447265625,0.0004119873046875,190.61727905273438,0.7587738037109375,0.0006256103515625,274.8185729980469,0.7657012939453125,0.0008392333984375,318.14410400390625,0.7737579345703125,0.0008392333984375,318.14410400390625,0.780426025390625,Potato___Early_blight
C:\Users\jagan\OneDrive\Documents\TRON\Dataset\PlantVillage\Potato___Early_blight\0a6983a5-895e-4e68-9edb-88adf79211e9___RS_Early.B 9072.JPG,0.0012054443359375,51.632755279541016,0.7206878662109375,0.0012054443359375,51.632755279541016,0.722930908203125,0.0023651123046875,43.54938888549805,0.74261474609375,0.0012054443359375,51.632755279541016,0.7535858154296875,0.00103759765625,38.29822540283203,0.7645111083984375,Potato___Early_blight
C:\Users\jagan\OneDrive\Documents\TRON\Dataset\PlantVillage\Potato___Early_blight\0a79700b-f834-41f5-ae51-6ceda6f67a48___RS_Early.B 8951.JPG,0.0010528564453125,133.68914794921875,0.777252197265625,0.001007080078125,135.58584594726562,0.7793121337890625,0.0001678466796875,217.50413513183594,0.788238525390625,0.0001678466796875,217.50413513183594,0.796600341796875,0.0,0.0,0.806549072265625,Potato___Early_blight
C:\Users\jagan\OneDrive\Documents\TRON\Dataset\PlantVillage\Potato___Early_blight\0a8a68ee-f587-4dea-beec-79d02e7d3fa4___RS_Early.B 8461.JPG,0.0,0.0,0.6798248291015625,0.0,0.0,0.680023193359375,0.0001678466796875,255.7851104736328,0.6831817626953125,0.000213623046875,213.53062438964844,0.705413818359375,0.000946044921875,175.09988403320312,0.7541656494140625,Potato___Early_blight
C:\Users\jagan\OneDrive\Documents\TRON\Dataset\PlantVillage\Potato___Early_blight\0ad3ba53-f01b-403b-a99d-5991eed85045___RS_Early.B 7600.JPG,0.00067138671875,178.9979248046875,0.5977935791015625,0.0007476806640625,131.34693908691406,0.599456787109375,0.00079345703125,171.32061767578125,0.602020263671875,0.0007476806640625,131.34693908691406,0.606536865234375,0.00067138671875,178.9979248046875,0.6266937255859375,Potato___Early_blight
C:\Users\jagan\OneDrive\Documents\TRON\Dataset\PlantVillage\Potato___Early_blight\0bbb8bce-2020-416b-8bd6-c160c2db9921___RS_Early.B 8386.JPG,0.0,0.0,0.7123870849609375,0.0,0.0,0.7139892578125,0.00042724609375,129.8367156982422,0.71929931640625,0.00079345703125,252.0399627685547,0.7237701416015625,0.001861572265625,348.2276611328125,0.7504730224609375,Potato___Early_blight
C:\Users\jagan\OneDrive\Documents\TRON\Dataset\PlantVillage\Potato___Early_blight\0c4f6f72-c7a2-42e1-9671-41ab3bf37fe7___RS_Early.B 6752.JPG,0.0006256103515625,9890.8544921875,0.695648193359375,0.000457763671875,10897.0224609375,0.69610595703125,0.0,0.0,0.7010955810546875,0.0001678466796875,2365.289306640625,0.709320068359375,0.0,0.0,0.723297119140625,Potato___Early_blight
C:\Users\jagan\OneDrive\Documents\TRON\Dataset\PlantVillage\Potato___Early_blight\0c5b14d9-8b1c-4c39-bb23-1835b5760caa___RS_Early.B 7937.JPG,0.0,0.0,0.6270751953125,0.0,0.0,0.6280364990234375,0.0,0.0,0.635162353515625,0.0,0.0,0.654571533203125,0.0,0.0,0.6746673583984375,Potato___Early_blight
C:\Users\jagan\OneDrive\Documents\TRON\Dataset\PlantVillage\Potato___Early_blight\0d2e2971-f1c9-4278-b35c-91dd8a22a64d___RS_Early.B 7581.JPG,0.0019989013671875,13168.2841796875,0.6473236083984375,0.0018157958984375,12844.9833984375,0.649871826171875,0.00152587890625,12671.712890625,0.6557464599609375,0.00128173828125,11268.5458984375,0.663848876953125,0.0,0.0,0.67987060546875,Potato___Early_blight
C:\Users\jagan\OneDrive\Documents\TRON\Dataset\PlantVillage\Potato___Early_blight\0d987d4a-26bc-4f74-8a16-12f8969dfed8___RS_Early.B 7013.JPG,0.0,0.0,0.6744232177734375,0.0,0.0,0.67498779296875,0.0,0.0,0.68084716796875,0.0,0.0,0.6883392333984375,0.0,0.0,0.695709228515625,Potato___Early_blight
C:\Users\jagan\OneDrive\Documents\TRON\Dataset\PlantVillage\Potato___Early_blight\0d9dbf50-53a9-42b2-8b29-0360fb7dbd98___RS_Early.B 6692.JPG,0.0011444091796875,512.3971557617188,0.72515869140625,0.0011444091796875,512.3971557617188,0.7262725830078125,0.0011444091796875,512.3971557617188,0.731658935546875,0.0011444091796875,512.3971557617188,0.7351837158203125,0.0011444091796875,512.3971557617188,0.741485595703125,Potato___Early_blight
C:\Users\jagan\OneDrive\Documents\TRON\Dataset\PlantVillage\Potato___Early_blight\0ddd62cd-a999-4d58-a8f1-506e1004a595___RS_Early.B 8041.JPG,0.0,0.0,0.684722900390625,0.0,0.0,0.68548583984375,0.0,0.0,0.6923065185546875,0.0,0.0,0.702667236328125,0.0,0.0,0.71124267578125,Potato___Early_blight
C:\Users\jagan\OneDrive\Documents\TRON\Dataset\PlantVillage\Potato___Early_blight\0e0a1b51-f61c-4934-bc57-a820af1faacb___RS_Early.B 7147.JPG,0.0,0.0,0.7264862060546875,0.0,0.0,0.72760009765625,0.0,0.0,0.734375,0.0,0.0,0.7407379150390625,0.0,0.0,0.751922607421875,Potato___Early_blight
C:\Users\jagan\OneDrive\Documents\TRON\Dataset\PlantVillage\Potato___Early_blight\0e6b9e09-2bcd-41e0-b001-b80a33a8a78b___RS_Early.B 8694.JPG,0.0143890380859375,22643.91015625,0.64300537109375,0.0137481689453125,22626.08203125,0.64483642578125,0.0,0.0,0.66534423828125,0.0002593994140625,95.34947967529297,0.6732330322265625,0.000335693359375,121.48967742919922,0.68145751953125,Potato___Early_blight
C:\Users\jagan\OneDrive\Documents\TRON\Dataset\PlantVillage\Potato___Early_blight\0ede4acd-3685-40d9-b52b-7b3cb6536fa8___RS_Early.B 7377.JPG,0.000335693359375,28653.501953125,0.68994140625,0.000335693359375,28653.501953125,0.69085693359375,0.0004730224609375,35717.9609375,0.695068359375,0.0,0.0,0.7073211669921875,0.0,0.0,0.712615966796875,Potato___Early_blight
C:\Users\jagan\OneDrive\Documents\TRON\Dataset\PlantVillage\Potato___Early_blight\0f223bbc-d2b4-4d58-8314-359d92d0102b___RS_Early.B 8052.JPG,0.0,0.0,0.745697021484375,0.0,0.0,0.74884033203125,0.0,0.0,0.756805419921875,0.0,0.0,0.77325439453125,0.0,0.0,0.78460693359375,Potato___Early_blight
C:\Users\jagan\OneDrive\Documents\TRON\Dataset\PlantVillage\Potato___Early_blight\0f9c098f-a6df-4a73-8c14-8e7d4dbb1b0b___RS_Early.B 7991.JPG,0.0009613037109375,27139.50390625,0.70025634765625,0.0009613037109375,27139.50390625,0.7018585205078125,0.0005340576171875,26954.15625,0.71075439453125,0.0,0.0,0.7218475341796875,0.0,0.0,0.7392120361328125,Potato___Early_blight
C:\Users\jagan\OneDrive\Documents\TRON\Dataset\PlantVillage\Potato___Late_blight\0051e5e8-d1c4-4a84-bf3a-a426cdad6285___RS_LB 4640.JPG,0.000823974609375,160.7959747314453,0.371551513671875,0.000823974609375,160.7959747314453,0.3717193603515625,0.000823974609375,160.7959747314453,0.372528076171875,0.0006103515625,100.43437194824219,0.3740692138671875,0.0007476806640625,58.48063278198242,0.3799285888671875,Potato___Late_blight
C:\Users\jagan\OneDrive\Documents\TRON\Dataset\PlantVillage\Potato___Late_blight\0085ef03-aec3-431a-99a1-de286e10c0cf___RS_LB 2949.JPG,0.000701904296875,2169.287353515625,0.52899169921875,0.000701904296875,2169.287353515625,0.53192138671875,0.0008697509765625,2466.997802734375,0.54150390625,0.000885009765625,2600.083740234375,0.548492431640625,0.0009307861328125,2482.816162109375,0.5584869384765625,Potato___Late_blight
C:\Users\jagan\OneDrive\Documents\TRON\Dataset\PlantVillage\Potato___Late_blight\00b1f292-23dd-44d4-aad3-c1ffb6a6ad5a___RS_LB 4479.JPG,0.010467529296875,15035.556640625,0.4655303955078125,0.008880615234375,15460.4912109375,0.468505859375,0.008056640625,15622.0341796875,0.47149658203125,0.006988525390625,16171.244140625,0.47418212890625,0.0028076171875,13594.9140625,0.47900390625,Potato___Late_blight
C:\Users\jagan\OneDrive\Documents\TRON\Dataset\PlantVillage\Potato___Late_blight\0114b195-844c-4978-93a9-b0d5aae010f1___RS_LB 2738.JPG,0.0005035400390625,10530.8330078125,0.5088958740234375,0.0002593994140625,9161.466796875,0.5094757080078125,0.0,0.0,0.5136260986328125,0.0,0.0,0.52801513671875,0.0,0.0,0.534942626953125,Potato___Late_blight
C:\Users\jagan\OneDrive\Documents\TRON\Dataset\PlantVillage\Potato___Late_blight\01270f5c-a44b-4da7-9398-289088c197ab___RS_LB 2517.JPG,0.0,0.0,0.70709228515625,0.0,0.0,0.707672119140625,0.0,0.0,0.70953369140625,0.0,0.0,0.720184326171875,0.0,0.0,0.7279205322265625,Potato___Late_blight
C:\Users\jagan\OneDrive\Documents\TRON\Dataset\PlantVillage\Potato___Late_blight\01ad74ce-eb28-42c7-9204-778d17cfd45c___RS_LB 2669.JPG,0.021697998046875,5735.98388671875,0.6212921142578125,0.021484375,5759.16455078125,0.62286376953125,0.0134429931640625,4723.23486328125,0.6340789794921875,0.0022735595703125,1313.3475341796875,0.6580657958984375,0.00146484375,830.1943359375,0.6714935302734375,Potato___Late_blight
C:\Users\jagan\OneDrive\Documents\TRON\Dataset\PlantVillage\Potato___Late_blight\0201bf8e-27e3-4c92-ae97-2fb4f665b5d3___RS_LB 4320.JPG,0.0,0.0,0.496246337890625,0.0,0.0,0.498138427734375,0.0,0.0,0.501007080078125,0.0,0.0,0.5054168701171875,0.0,0.0,0.5104522705078125,Potato___Late_blight
C:\Users\jagan\OneDrive\Documents\TRON\Dataset\PlantVillage\Potato___Late_blight\02282fee-ba3f-460e-91e0-630204ab96c2___RS_LB 5031.JPG,0.058135986328125,487.22265625,0.614593505859375,0.0579376220703125,487.89691162109375,0.6149139404296875,0.0576934814453125,489.1210021972656,0.61614990234375,0.0478668212890625,513.6327514648438,0.6220550537109375,0.0354461669921875,554.8780517578125,0.6536865234375,Potato___Late_blight
C:\Users\jagan\OneDrive\Documents\TRON\Dataset\PlantVillage\Potato___Late_blight\025f3c76-6d6c-4dad-ba22-e3e72d084ef1___RS_LB 3105.JPG,0.0,0.0,0.624664306640625,0.0,0.0,0.6258544921875,0.0,0.0,0.631317138671875,0.0,0.0,0.643463134765625,0.0,0.0,0.65460205078125,Potato___Late_blight
C:\Users\jagan\OneDrive\Documents\TRON\Dataset\PlantVillage\Potato___Late_blight\02c8ff21-4e0a-4326-ba8f-089e5cb45b74___RS_LB 4089.JPG,0.008148193359375,463.86065673828125,0.4830474853515625,0.008087158203125,462.0501708984375,0.483367919921875,0.0078125,444.2757568359375,0.485626220703125,0.0059967041015625,472.0505676269531,0.4913482666015625,0.005462646484375,500.3465576171875,0.4940338134765625,Potato___Late_blight
C:\Users\jagan\OneDrive\Documents\TRON\Dataset\PlantVillage\Potato___Late_blight\030e8945-d3ce-4ad3-8a91-a14c18285249___RS_LB 2532.JPG,0.0060577392578125,9939.1337890625,0.5702972412109375,0.005035400390625,9465.0712890625,0.573028564453125,0.0,0.0,0.5859832763671875,0.0,0.0,0.5908355712890625,0.0,0.0,0.6087493896484375,Potato___Late_blight
C:\Users\jagan\OneDrive\Documents\TRON\Dataset\PlantVillage\Potato___Late_blight\031c39d3-9a91-4e81-85ac-b36512133b0a___RS_LB 5220.JPG,0.0193023681640625,58.38462829589844,0.5950469970703125,0.019256591796875,58.395835876464844,0.595428466796875,0.0125579833984375,64.25494384765625,0.604217529296875,0.0090484619140625,58.63752746582031,0.6110687255859375,0.0041656494140625,31.936641693115234,0.62054443359375,Potato___Late_blight
C:\Users\jagan\OneDrive\Documents\TRON\Dataset\PlantVillage\Potato___Late_blight\0396e413-e165-427a-ba72-04cbae7b8ab0___RS_LB 4751.JPG,0.0291900634765625,626.2951049804688,0.61065673828125,0.029052734375,627.529541015625,0.614959716796875,0.0256805419921875,580.8894653320312,0.6293487548828125,0.0102996826171875,674.980712890625,0.6582489013671875,0.02508544921875,538.8108520507812,0.688079833984375,Potato___Late_blight
C:\Users\jagan\OneDrive\Documents\TRON\Dataset\PlantVillage\Potato___Late_blight\03bab48b-962b-4c08-bc98-da95237d20ac___RS_LB 3190.JPG,0.0,0.0,0.6240386962890625,0.0,0.0,0.6246337890625,0.0,0.0,0.6256103515625,0.0,0.0,0.6378021240234375,0.0,0.0,0.64862060546875,Potato___Late_blight
C:\Users\jagan\OneDrive\Documents\TRON\Dataset\PlantVillage\Potato___Late_blight\0450570b-44d1-4290-956d-5d970164a2e2___RS_LB 5160.JPG,0.0248260498046875,66.1664810180664,0.6842803955078125,0.017791748046875,72.50747680664062,0.6853790283203125,0.0124053955078125,62.76031494140625,0.693450927734375,0.007080078125,176.46133422851562,0.7025909423828125,0.008331298828125,218.06930541992188,0.7104034423828125,Potato___Late_blight
C:\Users\jagan\OneDrive\Documents\TRON\Dataset\PlantVillage\Potato___Late_blight\04b964fd-7033-4cdf-88ef-b1acbcd8183a___RS_LB 2783.JPG,0.0,0.0,0.60784912109375,0.0,0.0,0.6090545654296875,0.0002593994140625,5459.40478515625,0.6115875244140625,0.0,0.0,0.61773681640625,0.0002593994140625,2422.11083984375,0.6399993896484375,Potato___Late_blight
C:\Users\jagan\OneDrive\Documents\TRON\Dataset\PlantVillage\Potato___Late_blight\04ce7b2d-5e41-43c6-9e11-e1bc4f5e4cca___RS_LB 3224.JPG,0.00103759765625,2005.0302734375,0.5732269287109375,0.0009307861328125,1723.5140380859375,0.57403564453125,0.00030517578125,107.14749908447266,0.5784759521484375,0.00030517578125,107.14749908447266,0.5800628662109375,0.0008697509765625,245.4976806640625,0.5946502685546875,Potato___Late_blight
C:\Users\jagan\OneDrive\Documents\TRON\Dataset\PlantVillage\Potato___Late_blight\04fe5855-ec9c-40b3-9893-ca8addc236bd___RS_LB 4913.JPG,0.0001068115234375,375.9591979980469,0.4789276123046875,0.0001068115234375,375.9591979980469,0.47900390625,0.0001068115234375,375.9591979980469,0.4792327880859375,0.0001068115234375,375.9591979980469,0.480010986328125,0.0001068115234375,375.9591979980469,0.482696533203125,Potato___Late_blight
C:\Users\jagan\OneDrive\Documents\TRON\Dataset\PlantVillage\Potato___Late_blight\050b6d37-4056-4c6c-8359-d7823a488531___RS_LB 3944.JPG,0.0,0.0,0.60736083984375,0.0,0.0,0.6090087890625,0.0,0.0,0.61065673828125,0.0,0.0,0.61376953125,0.0,0.0,0.617645263671875,Potato___Late_blight
C:\Users\jagan\OneDrive\Documents\TRON\Dataset\PlantVillage\Potato___Late_blight\051089cf-e083-4fdb-9256-aac12b8a55d2___RS_LB 4078.JPG,0.0029449462890625,281.1534423828125,0.655914306640625,0.0029449462890625,281.1534423828125,0.6560516357421875,0.0043182373046875,262.6982727050781,0.6611328125,0.0064239501953125,296.1807861328125,0.6754150390625,0.0048370361328125,304.9474182128906,0.6840362548828125,Potato___Late_blight
C:\Users\jagan\OneDrive\Documents\TRON\Dataset\PlantVillage\Potato___Late_blight\053c5330-129d-4515-84da-82a701710723___RS_LB 4576.JPG,0.0,0.0,0.4478607177734375,0.0,0.0,0.448394775390625,0.0,0.0,0.4502410888671875,0.0,0.0,0.46295166015625,0.0,0.0,0.469451904296875,Potato___Late_blight
C:\Users\jagan\OneDrive\Documents\TRON\Dataset\PlantVillage\Potato___Late_blight\059c9129-51b7-4d6b-9b57-f22e87568a0a___RS_LB 5118.JPG,0.0089569091796875,14444.748046875,0.5743408203125,0.00860595703125,14665.7431640625,0.588348388671875,0.002838134765625,74.98161315917969,0.60595703125,0.002838134765625,74.98161315917969,0.6107025146484375,0.0040740966796875,74.76129150390625,0.6172637939453125,Potato___Late_blight
C:\Users\jagan\OneDrive\Documents\TRON\Dataset\PlantVillage\Potato___Late_blight\05a51957-779c-4a2f-bf2a-d1fb03947793___RS_LB 4772.JPG,0.00250244140625,314.705078125,0.626556396484375,0.0023956298828125,314.4839172363281,0.6282806396484375,0.001708984375,404.6363830566406,0.6351776123046875,0.002593994140625,378.1565856933594,0.6421661376953125,0.0006256103515625,63.63949966430664,0.666015625,Potato___Late_blight
C:\Users\jagan\OneDrive\Documents\TRON\Dataset\PlantVillage\Potato___Late_blight\05c29b23-ecdf-41fc-be67-910bb74cd67c___RS_LB 4016.JPG,0.002044677734375,75.183837890625,0.4475860595703125,0.001983642578125,76.14017486572266,0.447784423828125,0.001983642578125,76.14017486572266,0.4482269287109375,0.001983642578125,76.14017486572266,0.44891357421875,0.0017852783203125,75.92504119873047,0.4560089111328125,Potato___Late_blight
C:\Users\jagan\OneDrive\Documents\TRON\Dataset\PlantVillage\Potato___Late_blight\0651be8e-a2d1-4b8a-97b8-1dc89d79fd26___RS_LB 3261.JPG,0.0002593994140625,42.01383590698242,0.6310272216796875,0.0,0.0,0.63189697265625,0.0,0.0,0.6396484375,0.0,0.0,0.647247314453125,0.0,0.0,0.6761322021484375,Potato___Late_blight
C:\Users\jagan\OneDrive\Documents\TRON\Dataset\PlantVillage\Potato___Late_blight\06554e38-28ce-429d-b8e9-520e61e3c58f___RS_LB 2692.JPG,0.000640869140625,418.92340087890625,0.5847930908203125,0.000579833984375,459.6600036621094,0.5850372314453125,0.000579833984375,459.6600036621094,0.5861053466796875,0.0006561279296875,412.5494689941406,0.59356689453125,0.000335693359375,172.81198120117188,0.6031646728515625,Potato___Late_blight
C:\Users\jagan\OneDrive\Documents\TRON\Dataset\PlantVillage\Potato___Late_blight\0736dad0-be93-484b-9e89-bcb825fefda1___RS_LB 5454.JPG,0.008514404296875,120.53671264648438,0.600006103515625,0.00848388671875,120.84491729736328,0.6002960205078125,0.00830078125,120.0791015625,0.60198974609375,0.008087158203125,120.87405395507812,0.6168365478515625,0.006622314453125,108.33810424804688,0.63201904296875,Potato___Late_blight
C:\Users\jagan\OneDrive\Documents\TRON\Dataset\PlantVillage\Potato___Late_blight\07fea080-7f6b-48e9-b6b5-10d7daf57610___RS_LB 3210.JPG,0.0001678466796875,1234.33056640625,0.572906494140625,0.0001678466796875,1234.33056640625,0.5733489990234375,0.0001678466796875,1234.33056640625,0.5753326416015625,0.000213623046875,1058.1683349609375,0.5823211669921875,0.000213623046875,1058.1683349609375,0.5873565673828125,Potato___Late_blight
C:\Users\jagan\OneDrive\Documents\TRON\Dataset\PlantVillage\Potato___Late_blight\07ff77ae-07b4-4a2d-9c4a-bb89bb4fb1ef___RS_LB 2985.JPG,0.0018768310546875,1734.3389892578125,0.6204986572265625,0.00048828125,653.1943359375,0.622406005859375,0.0,0.0,0.628997802734375,0.0,0.0,0.6457977294921875,0.0,0.0,0.657318115234375,Potato___Late_blight
C:\Users\jagan\OneDrive\Documents\TRON\Dataset\PlantVillage\Potato___Late_blight\08ce9666-2dda-4fa8-8d58-55bb9fa19484___RS_LB 3318.JPG,0.0,0.0,0.619598388671875,0.0,0.0,0.6206512451171875,0.0,0.0,0.629547119140625,0.0,0.0,0.6522979736328125,0.0,0.0,0.6692962646484375,Potato___Late_blight
C:\Users\jagan\OneDrive\Documents\TRON\Dataset\PlantVillage\Potato___Late_blight\08ddae0c-5328-4183-b16e-c980f197e471___RS_LB 2845.JPG,0.001861572265625,57.86965560913086,0.6193695068359375,0.0017547607421875,59.61708450317383,0.619873046875,0.0014190673828125,68.2774887084961,0.6228790283203125,0.0010833740234375,64.94306182861328,0.6276092529296875,0.0013275146484375,274.6904602050781,0.6330718994140625,Potato___Late_blight
C:\Users\jagan\OneDrive\Documents\TRON\Dataset\PlantVillage\Potato___Late_blight\09287918-9f73-4707-823f-f4331f5114a3___RS_LB 2604.JPG,0.000396728515625,38.147926330566406,0.588623046875,0.000396728515625,38.147926330566406,0.5888671875,0.000640869140625,45.070858001708984,0.58978271484375,0.000396728515625,38.147926330566406,0.595489501953125,0.000396728515625,38.147926330566406,0.60296630859375,Potato___Late_blight
C:\Users\jagan\OneDrive\Documents\TRON\Dataset\PlantVillage\Potato___Late_blight\09a215a1-a539-4635-a27f-232229ff11f4___RS_LB 4529.JPG,0.000335693359375,7571.27294921875,0.6679840087890625,0.000335693359375,2057.35546875,0.67047119140625,0.000335693359375,2057.35546875,0.6772918701171875,0.000335693359375,2057.35546875,0.6833648681640625,0.000335693359375,2057.35546875,0.6984710693359375,Potato___Late_blight
C:\Users\jagan\OneDrive\Documents\TRON\Dataset\PlantVillage\Potato___Late_blight\09a30eff-d386-456d-a6ce-ead7c0d6235b___RS_LB 5068.JPG,0.007537841796875,220.52297973632812,0.5686492919921875,0.0075225830078125,220.8920440673828,0.5689697265625,0.0072021484375,229.608642578125,0.5703125,0.0069580078125,226.0978546142578,0.571502685546875,0.0069427490234375,226.2657928466797,0.5738372802734375,Potato___Late_blight
C:\Users\jagan\OneDrive\Documents\TRON\Dataset\PlantVillage\Potato___Late_blight\09fa42e4-1736-494e-8c46-50c6900586d6___RS_LB 5212.JPG,0.0264739990234375,100.75562286376953,0.6098785400390625,0.0264129638671875,100.97126007080078,0.6106109619140625,0.028656005859375,110.92510986328125,0.620941162109375,0.02783203125,111.73898315429688,0.626068115234375,0.02716064453125,112.86481475830078,0.642547607421875,Potato___Late_blight
C:\Users\jagan\OneDrive\Documents\TRON\Dataset\PlantVillage\Potato___Late_blight\0acdc2b2-0dde-4073-8542-6fca275ab974___RS_LB 4857.JPG,0.0,0.0,0.5990753173828125,0.0,0.0,0.5995025634765625,0.0,0.0,0.6011810302734375,0.0,0.0,0.6099090576171875,0.0002593994140625,613.5225219726562,0.6195526123046875,Potato___Late_blight
C:\Users\jagan\OneDrive\Documents\TRON\Dataset\PlantVillage\Potato___Late_blight\0b2bdc8e-90fd-4bb4-bedb-485502fe8a96___RS_LB 4906.JPG,0.0009002685546875,13586.875,0.5460205078125,0.000640869140625,14429.6669921875,0.5466461181640625,0.00042724609375,17900.763671875,0.5498809814453125,0.0,0.0,0.557403564453125,0.0,0.0,0.5627593994140625,Potato___Late_blight
C:\Users\jagan\OneDrive\Documents\TRON\Dataset\PlantVillage\Potato___Late_blight\0c2628d4-8d64-48a9-a157-19a9c902e304___RS_LB 4590.JPG,0.0126190185546875,90.3622055053711,0.6014404296875,0.0129547119140625,94.86209106445312,0.6039276123046875,0.0157012939453125,104.69574737548828,0.61004638671875,0.012725830078125,106.06641387939453,0.617767333984375,0.008880615234375,91.30043029785156,0.6282806396484375,Potato___Late_blight
C:\Users\jagan\OneDrive\Documents\TRON\Dataset\PlantVillage\Potato___Late_blight\0c83302d-4233-4e98-8ecf-755a970495bb___RS_LB 4904.JPG,0.0,0.0,0.5539398193359375,0.0,0.0,0.5541229248046875,0.0,0.0,0.5545654296875,0.0,0.0,0.555877685546875,0.0,0.0,0.5670928955078125,Potato___Late_blight
C:\Users\jagan\OneDrive\Documents\TRON\Dataset\PlantVillage\Potato___Late_blight\0eb28ea9-c9e4-4999-9de2-835682241e53___RS_LB 2708.JPG,0.0,0.0,0.6085357666015625,0.0,0.0,0.60906982421875,0.0,0.0,0.6154327392578125,0.0,0.0,0.6271820068359375,0.0,0.0,0.6495361328125,Potato___Late_blight
C:\Users\jagan\OneDrive\Documents\TRON\Dataset\PlantVillage\Potato___healthy\03da9931-e514-4cc7-b04a-8f474a133ce5___RS_HL 1830.JPG,0.00146484375,6894.24951171875,0.582305908203125,0.00146484375,6894.24951171875,0.582427978515625,0.00146484375,6894.24951171875,0.5871124267578125,0.00152587890625,6925.9873046875,0.6024932861328125,0.00152587890625,6925.9873046875,0.616729736328125,Potato___healthy
C:\Users\jagan\OneDrive\Documents\TRON\Dataset\PlantVillage\Potato___healthy\04481ca2-f94c-457e-b785-1ac05800b7ec___RS_HL 1930.JPG,0.0,0.0,0.5749664306640625,0.0,0.0,0.5751800537109375,0.0,0.0,0.5811309814453125,0.0,0.0,0.594146728515625,0.0,0.0,0.603179931640625,Potato___healthy
C:\Users\jagan\OneDrive\Documents\TRON\Dataset\PlantVillage\Potato___healthy\0b3e5032-8ae8-49ac-8157-a1cac3df01dd___RS_HL 1817.JPG,0.0,0.0,0.6825103759765625,0.0,0.0,0.6827545166015625,0.0,0.0,0.6897430419921875,0.0,0.0,0.7043609619140625,0.0,0.0,0.7147674560546875,Potato___healthy
C:\Users\jagan\OneDrive\Documents\TRON\Dataset\PlantVillage\Potato___healthy\0be9d721-82f5-42c3-b535-7494afe01dbe___RS_HL 1814.JPG,0.0,0.0,0.6226806640625,0.0,0.0,0.6228179931640625,0.0,0.0,0.62322998046875,0.0,0.0,0.6240692138671875,0.0,0.0,0.6247406005859375,Potato___healthy
C:\Users\jagan\OneDrive\Documents\TRON\Dataset\PlantVillage\Potato___healthy\0f4ebc5a-d646-436a-919d-961342997cde___RS_HL 4183.JPG,0.001434326171875,192.3046875,0.62396240234375,0.001434326171875,192.3046875,0.6240997314453125,0.001434326171875,192.3046875,0.62451171875,0.0015411376953125,203.0175323486328,0.6594696044921875,0.0015411376953125,203.0175323486328,0.66796875,Potato___healthy
C:\Users\jagan\OneDrive\Documents\TRON\Dataset\PlantVillage\Potato___healthy\1106c3fc-92cb-41a6-a6c6-8f08b9b45108___RS_HL 1914.JPG,0.0,0.0,0.6184539794921875,0.0,0.0,0.62030029296875,0.0,0.0,0.6255950927734375,0.0,0.0,0.6390838623046875,0.0,0.0,0.6485443115234375,Potato___healthy
C:\Users\jagan\OneDrive\Documents\TRON\Dataset\PlantVillage\Potato___healthy\111cd9d8-4d27-4225-be9e-d29b21cf56b9___RS_HL 5419.JPG,0.0,0.0,0.6018829345703125,0.0,0.0,0.602020263671875,0.0,0.0,0.6103668212890625,0.0,0.0,0.6221771240234375,0.0,0.0,0.639678955078125,Potato___healthy
C:\Users\jagan\OneDrive\Documents\TRON\Dataset\PlantVillage\Potato___healthy\14484ea5-9c34-427c-abe4-2743265aced0___RS_HL 4204.JPG,0.0008697509765625,2209.947265625,0.410003662109375,0.0008697509765625,2209.947265625,0.41015625,0.0008697509765625,2209.947265625,0.4134979248046875,0.0008697509765625,2209.947265625,0.4148712158203125,0.0008697509765625,2209.947265625,0.4214935302734375,Potato___healthy
C:\Users\jagan\OneDrive\Documents\TRON\Dataset\PlantVillage\Potato___healthy\144d2475-21ab-4bdc-a67c-9672a9b711e6___RS_HL 5376.JPG,0.001373291015625,48.97580337524414,0.6023101806640625,0.001373291015625,48.97580337524414,0.6025390625,0.001373291015625,48.97580337524414,0.60467529296875,0.001373291015625,48.97580337524414,0.6078948974609375,0.00042724609375,13.17729663848877,0.6204833984375,Potato___healthy
C:\Users\jagan\OneDrive\Documents\TRON\Dataset\PlantVillage\Potato___healthy\163ada72-4288-4f85-a3c1-feed23c8d1de___RS_HL 1940.JPG,0.0,0.0,0.557525634765625,0.0,0.0,0.558258056640625,0.0,0.0,0.5595703125,0.0,0.0,0.565826416015625,0.0,0.0,0.5718841552734375,Potato___healthy
C:\Users\jagan\OneDrive\Documents\TRON\Dataset\PlantVillage\Potato___healthy\170f1f57-0fd4-421f-9c82-3b1804be63ad___RS_HL 1771.JPG,0.0,0.0,0.550537109375,0.0,0.0,0.550994873046875,0.0,0.0,0.5515594482421875,0.0,0.0,0.5534820556640625,0.0,0.0,0.5594940185546875,Potato___healthy
C:\Users\jagan\OneDrive\Documents\TRON\Dataset\PlantVillage\Potato___healthy\1a1184f8-c414-4ead-a4c4-41ae78e29a82___RS_HL 1971.JPG,0.0,0.0,0.638824462890625,0.0,0.0,0.6391754150390625,0.0,0.0,0.647674560546875,0.0,0.0,0.6714324951171875,0.0,0.0,0.687530517578125,Potato___healthy
C:\Users\jagan\OneDrive\Documents\TRON\Dataset\PlantVillage\Potato___healthy\1ae826e2-5148-47bd-a44c-711ec9cc9c75___RS_HL 1954.JPG,0.0002899169921875,2154.56494140625,0.5838470458984375,0.0002899169921875,2154.56494140625,0.5847625732421875,0.0,0.0,0.5874786376953125,0.0,0.0,0.5897369384765625,0.0,0.0,0.597412109375,Potato___healthy
C:\Users\jagan\OneDrive\Documents\TRON\Dataset\PlantVillage\Potato___healthy\1dcfeaa9-006d-470c-b3e5-d67609d07d4e___RS_HL 1808.JPG,0.00079345703125,25290.44140625,0.596832275390625,0.00079345703125,25290.44140625,0.59906005859375,0.00079345703125,25290.44140625,0.6046600341796875,0.00079345703125,25290.44140625,0.6268463134765625,0.00079345703125,25290.44140625,0.639892578125,Potato___healthy
C:\Users\jagan\OneDrive\Documents\TRON\Dataset\PlantVillage\Potato___healthy\20ac28d6-5708-4e31-8676-1b1979de094f___RS_HL 1735.JPG,0.0,0.0,0.622344970703125,0.0,0.0,0.622833251953125,0.0,0.0,0.62542724609375,0.0,0.0,0.6352996826171875,0.0,0.0,0.6411895751953125,Potato___healthy
C:\Users\jagan\OneDrive\Documents\TRON\Dataset\PlantVillage\Potato___healthy\22322780-95b4-4b45-b626-26b22965d55e___RS_HL 1880.JPG,0.0004425048828125,14183.03125,0.59271240234375,0.0004425048828125,14183.03125,0.5937042236328125,0.0004425048828125,14183.03125,0.5975189208984375,0.0004425048828125,14183.03125,0.5991058349609375,0.0,0.0,0.61505126953125,Potato___healthy
C:\Users\jagan\OneDrive\Documents\TRON\Dataset\PlantVillage\Potato___healthy\23f1ab77-d664-49c4-92eb-41eb66c6d101___RS_HL 4169.JPG,0.0,0.0,0.4910430908203125,0.0,0.0,0.4910736083984375,0.0,0.0,0.49139404296875,0.0,0.0,0.4916229248046875,0.0,0.0,0.492034912109375,Potato___healthy
C:\Users\jagan\OneDrive\Documents\TRON\Dataset\PlantVillage\Potato___healthy\23f4d3b1-23f4-43fb-96c2-dae37224ec74___RS_HL 1803.JPG,0.0006561279296875,14706.291015625,0.4870147705078125,0.0006561279296875,14706.291015625,0.4873199462890625,0.0,0.0,0.488494873046875,0.0,0.0,0.4949798583984375,0.0,0.0,0.499969482421875,Potato___healthy
C:\Users\jagan\OneDrive\Documents\TRON\Dataset\PlantVillage\Potato___healthy\2ccb9ee9-faac-4d32-9af5-29497fa2e028___RS_HL 1837.JPG,0.0,0.0,0.6192779541015625,0.0,0.0,0.619720458984375,0.0,0.0,0.6235809326171875,0.0,0.0,0.6274871826171875,0.0,0.0,0.636077880859375,Potato___healthy
C:\Users\jagan\OneDrive\Documents\TRON\Dataset\PlantVillage\Potato___healthy\2dee1571-ef6b-40ef-8c46-334e89aad3f1___RS_HL 1950.JPG,0.0,0.0,0.5902099609375,0.0,0.0,0.5907440185546875,0.0,0.0,0.594635009765625,0.0,0.0,0.6030731201171875,0.0,0.0,0.6123809814453125,Potato___healthy
C:\Users\jagan\OneDrive\Documents\TRON\Dataset\PlantVillage\Potato___healthy\2e0b8b4b-e900-408b-b760-730690bbd382___RS_HL 1901.JPG,0.0,0.0,0.622802734375,0.0,0.0,0.6231536865234375,0.0,0.0,0.62738037109375,0.0,0.0,0.6378631591796875,0.0,0.0,0.6437835693359375,Potato___healthy
C:\Users\jagan\OneDrive\Documents\TRON\Dataset\PlantVillage\Potato___healthy\30937333-8898-4634-8c00-af57d3020ba6___RS_HL 1922.JPG,0.0,0.0,0.54833984375,0.0,0.0,0.5484466552734375,0.0,0.0,0.5532684326171875,0.0,0.0,0.5625152587890625,0.0,0.0,0.57647705078125,Potato___healthy
C:\Users\jagan\OneDrive\Documents\TRON\Dataset\PlantVillage\Potato___healthy\31a09d39-6791-4ecb-8f44-af2ed85dbd33___RS_HL 1970.JPG,0.0,0.0,0.58868408203125,0.0,0.0,0.5891876220703125,0.0,0.0,0.5902557373046875,0.0,0.0,0.599517822265625,0.0,0.0,0.6157379150390625,Potato___healthy
C:\Users\jagan\OneDrive\Documents\TRON\Dataset\PlantVillage\Potato___healthy\36bdc44c-96a4-40bb-86f7-63a91d706e96___RS_HL 4203.JPG,0.0,0.0,0.5746612548828125,0.0,0.0,0.5747222900390625,0.0,0.0,0.57537841796875,0.0,0.0,0.5768280029296875,0.0,0.0,0.578277587890625,Potato___healthy
C:\Users\jagan\OneDrive\Documents\TRON\Dataset\PlantVillage\Potato___healthy\3a1dbeee-089c-43f0-8f51-a92d3687a515___RS_HL 1754.JPG,0.0025177001953125,4105.533203125,0.636199951171875,0.0025177001953125,4105.533203125,0.6375274658203125,0.0025177001953125,4105.533203125,0.6388702392578125,0.0025177001953125,4105.533203125,0.647247314453125,0.002410888671875,4165.546875,0.6668853759765625,Potato___healthy
C:\Users\jagan\OneDrive\Documents\TRON\Dataset\PlantVillage\Potato___healthy\3c0d6888-c7e1-4cf8-9c25-9a0b8c62ba72___RS_HL 1780.JPG,0.0,0.0,0.610565185546875,0.0,0.0,0.6111602783203125,0.0,0.0,0.613189697265625,0.0,0.0,0.62347412109375,0.0,0.0,0.6363677978515625,Potato___healthy
C:\Users\jagan\OneDrive\Documents\TRON\Dataset\PlantVillage\Potato___healthy\3f369e63-81eb-4194-a145-df9ed91abc5d___RS_HL 1745.JPG,0.0007476806640625,1566.6220703125,0.5200042724609375,0.0007476806640625,1566.6220703125,0.5211944580078125,0.0007476806640625,1566.6220703125,0.5231475830078125,0.0007476806640625,1566.6220703125,0.524932861328125,0.0007476806640625,1566.6220703125,0.53289794921875,Potato___healthy
C:\Users\jagan\OneDrive\Documents\TRON\Dataset\PlantVillage\Potato___healthy\413bc2e9-eb2a-48fd-ba65-48b5121fd85c___RS_HL 4200.JPG,0.0195770263671875,121.7796401977539,0.593353271484375,0.0195770263671875,121.7796401977539,0.5946502685546875,0.0194549560546875,120.12812805175781,0.6021575927734375,0.0193634033203125,119.12138366699219,0.6161956787109375,0.019317626953125,118.65753173828125,0.628265380859375,Potato___healthy
C:\Users\jagan\OneDrive\Documents\TRON\Dataset\PlantVillage\Potato___healthy\414f6249-9f78-4af5-9593-9d5a7e7d979f___RS_HL 1918.JPG,0.0,0.0,0.5384521484375,0.0,0.0,0.53863525390625,0.0,0.0,0.5390167236328125,0.0,0.0,0.539459228515625,0.0,0.0,0.547515869140625,Potato___healthy
C:\Users\jagan\OneDrive\Documents\TRON\Dataset\PlantVillage\Potato___healthy\415ac4a2-8f16-4052-880e-1e1f208965f0___RS_HL 1884.JPG,0.0,0.0,0.5872802734375,0.0,0.0,0.588134765625,0.0,0.0,0.59326171875,0.0,0.0,0.59600830078125,0.0,0.0,0.59869384765625,Potato___healthy
C:\Users\jagan\OneDrive\Documents\TRON\Dataset\PlantVillage\Potato___healthy\43fd6ace-3712-494a-9aba-de5482d22561___RS_HL 1968.JPG,0.0,0.0,0.694610595703125,0.0,0.0,0.6967010498046875,0.0,0.0,0.7049407958984375,0.0,0.0,0.7160491943359375,0.0,0.0,0.722625732421875,Potato___healthy
C:\Users\jagan\OneDrive\Documents\TRON\Dataset\PlantVillage\Potato___healthy\45bc0b37-ca59-4a89-8531-705af42a6fd5___RS_HL 1946.JPG,0.0063323974609375,1056.5751953125,0.63348388671875,0.0063323974609375,1056.5751953125,0.6336669921875,0.0063323974609375,1056.5751953125,0.6359710693359375,0.0063018798828125,1060.4886474609375,0.646087646484375,0.0063018798828125,1060.4886474609375,0.65618896484375,Potato___healthy
C:\Users\jagan\OneDrive\Documents\TRON\Dataset\PlantVillage\Potato___healthy\468d3107-f09a-4f0d-8b9d-f08d7c49738f___RS_HL 1747.JPG,0.0044708251953125,11252.4453125,0.528717041015625,0.0044708251953125,11252.4453125,0.5289306640625,0.00433349609375,11472.4326171875,0.52984619140625,0.0036773681640625,12494.5634765625,0.539093017578125,0.003448486328125,12881.1611328125,0.5448455810546875,Potato___healthy
C:\Users\jagan\OneDrive\Documents\TRON\Dataset\PlantVillage\Potato___healthy\46b2555a-c0a6-48c2-af13-0816e147e4de___RS_HL 1943.JPG,0.0005645751953125,965.7721557617188,0.6121063232421875,0.0005645751953125,965.7721557617188,0.6122589111328125,0.000335693359375,1093.99169921875,0.615692138671875,0.000335693359375,1093.99169921875,0.6283111572265625,0.0001678466796875,794.5620727539062,0.64495849609375,Potato___healthy
C:\Users\jagan\OneDrive\Documents\TRON\Dataset\PlantVillage\Potato___healthy\4bbccfb6-5720-4c80-9b37-0c3ed8999c9f___RS_HL 1791.JPG,0.0,0.0,0.538909912109375,0.0,0.0,0.5399169921875,0.0,0.0,0.5412750244140625,0.0,0.0,0.54571533203125,0.0,0.0,0.547882080078125,Potato___healthy
C:\Users\jagan\OneDrive\Documents\TRON\Dataset\PlantVillage\Potato___healthy\52dd2fdd-6966-450c-a42b-ee14428d4271___RS_HL 1955.JPG,0.0,0.0,0.5301666259765625,0.0,0.0,0.5302886962890625,0.0,0.0,0.5307464599609375,0.0,0.0,0.535552978515625,0.0,0.0,0.54107666015625,Potato___healthy
C:\Users\jagan\OneDrive\Documents\TRON\Dataset\PlantVillage\Potato___healthy\533abd3a-3e1d-42d0-ae9c-5189282b78af___RS_HL 5369.JPG,0.0005645751953125,36.56538009643555,0.6063079833984375,0.0005645751953125,36.56538009643555,0.606414794921875,0.0005645751953125,36.56538009643555,0.60882568359375,0.0005645751953125,36.56538009643555,0.6120452880859375,0.0008544921875,62.747127532958984,0.6211090087890625,Potato___healthy
C:\Users\jagan\OneDrive\Documents\TRON\Dataset\PlantVillage\Potato___healthy\56ae1281-5ee5-4f2a-8678-c2e4491878c6___RS_HL 1869.JPG,0.0,0.0,0.5146636962890625,0.0,0.0,0.514892578125,0.0,0.0,0.51507568359375,0.0,0.0,0.51531982421875,0.0,0.0,0.5294952392578125,Potato___healthy
C:\Users\jagan\OneDrive\Documents\TRON\Dataset\PlantVillage\Potato___healthy\57e24d88-fd01-4422-b8b5-d688d2296184___RS_HL 5401.JPG,0.0,0.0,0.6592559814453125,0.0,0.0,0.660552978515625,0.0,0.0,0.6653594970703125,0.0,0.0,0.6747283935546875,0.0,0.0,0.6884613037109375,Potato___healthy
C:\Users\jagan\OneDrive\Documents\TRON\Dataset\PlantVillage\Potato___healthy\57e262fc-e0ba-44db-a967-5ba6f1826e49___RS_HL 1897.JPG,0.0,0.0,0.6065826416015625,0.0,0.0,0.6082763671875,0.0,0.0,0.611724853515625,0.0,0.0,0.61572265625,0.0,0.0,0.63494873046875,Potato___healthy
C:\Users\jagan\OneDrive\Documents\TRON\Dataset\PlantVillage\Tomato_Bacterial_spot\00416648-be6e-4bd4-bc8d-82f43f8a7240___GCREC_Bact.Sp 3110.JPG,0.0,0.0,0.521514892578125,0.0,0.0,0.5235595703125,0.0,0.0,0.5322418212890625,0.0,0.0,0.5389556884765625,0.0,0.0,0.546051025390625,Tomato_Bacterial_spot
C:\Users\jagan\OneDrive\Documents\TRON\Dataset\PlantVillage\Tomato_Bacterial_spot\00a7c269-3476-4d25-b744-44d6353cd921___GCREC_Bact.Sp 5807.JPG,0.0086669921875,397.12603759765625,0.648834228515625,0.00848388671875,395.9927062988281,0.6503753662109375,0.007904052734375,398.17706298828125,0.65435791015625,0.0069580078125,399.6268615722656,0.6592559814453125,0.00775146484375,403.42724609375,0.670501708984375,Tomato_Bacterial_spot
C:\Users\jagan\OneDrive\Documents\TRON\Dataset\PlantVillage\Tomato_Bacterial_spot\00b7e89a-e129-4576-b51f-48923888bff9___GCREC_Bact.Sp 6202.JPG,0.0,0.0,0.5239715576171875,0.0,0.0,0.5248870849609375,0.0,0.0,0.5308837890625,0.0,0.0,0.53424072265625,0.0,0.0,0.544158935546875,Tomato_Bacterial_spot
C:\Users\jagan\OneDrive\Documents\TRON\Dataset\PlantVillage\Tomato_Bacterial_spot\01375198-62af-4c40-bddf-f3c11107200b___GCREC_Bact.Sp 5914.JPG,0.0016021728515625,200.26849365234375,0.5903167724609375,0.0016021728515625,200.26849365234375,0.5913848876953125,0.0015411376953125,453.4149475097656,0.595001220703125,0.0013275146484375,464.0581359863281,0.5970916748046875,0.0010986328125,241.6041717529297,0.606414794921875,Tomato_Bacterial_spot
C:\Users\jagan\OneDrive\Documents\TRON\Dataset\PlantVillage\Tomato_Bacterial_spot\014b58ae-091b-408a-ab4a-5a780cd1c3f3___GCREC_Bact.Sp 2971.JPG,0.000701904296875,40.56143569946289,0.5673828125,0.000701904296875,40.56143569946289,0.5677642822265625,0.0006866455078125,41.35110855102539,0.570098876953125,0.0,0.0,0.573699951171875,0.0,0.0,0.583465576171875,Tomato_Bacterial_spot
C:\Users\jagan\OneDrive\Documents\TRON\Dataset\PlantVillage\Tomato_Bacterial_spot\01a3cf3f-94c1-44d5-8972-8c509d62558e___GCREC_Bact.Sp 3396.JPG,0.0,0.0,0.63482666015625,0.0,0.0,0.6375732421875,0.0,0.0,0.644012451171875,0.0,0.0,0.6567535400390625,0.0,0.0,0.6692962646484375,Tomato_Bacterial_spot
C:\Users\jagan\OneDrive\Documents\TRON\Dataset\PlantVillage\Tomato_Bacterial_spot\01a46cb5-d354-4f59-868e-e56186701541___GCREC_Bact.Sp 5638.JPG,0.0023193359375,317.8451843261719,0.5870208740234375,0.0023193359375,317.8451843261719,0.588348388671875,0.0023040771484375,319.9494934082031,0.594757080078125,0.0022735595703125,320.474853515625,0.6086578369140625,0.0045623779296875,425.0136413574219,0.6320037841796875,Tomato_Bacterial_spot
C:\Users\jagan\OneDrive\Documents\TRON\Dataset\PlantVillage\Tomato_Bacterial_spot\01d9fc8d-5083-468d-a583-885f33517cdd___GCREC_Bact.Sp 3422.JPG,0.004791259765625,174.7248992919922,0.6069793701171875,0.0055694580078125,206.5111083984375,0.6094512939453125,0.006317138671875,217.1942901611328,0.6157379150390625,0.0092620849609375,236.87474060058594,0.6284637451171875,0.007476806640625,180.62771606445312,0.6512603759765625,Tomato_Bacterial_spot
C:\Users\jagan\OneDrive\Documents\TRON\Dataset\PlantVillage\Tomato_Bacterial_spot\01e079ba-939a-4681-8983-db663f4a859b___GCREC_Bact.Sp 3029.JPG,0.00030517578125,299.8275146484375,0.6584320068359375,0.000213623046875,203.5153045654297,0.6593780517578125,0.0,0.0,0.6667022705078125,0.0,0.0,0.6717987060546875,0.0,0.0,0.688201904296875,Tomato_Bacterial_spot
C:\Users\jagan\OneDrive\Documents\TRON\Dataset\PlantVillage\Tomato_Bacterial_spot\01f13167-f508-4ef2-8720-4e973438f8fc___GCREC_Bact.Sp 5892.JPG,0.015106201171875,464.77410888671875,0.54150390625,0.0181121826171875,478.18682861328125,0.5421600341796875,0.019561767578125,494.5211486816406,0.5459747314453125,0.0183258056640625,503.2210693359375,0.5490570068359375,0.016204833984375,516.1253662109375,0.5576019287109375,Tomato_Bacterial_spot
C:\Users\jagan\OneDrive\Documents\TRON\Dataset\PlantVillage\Tomato_Bacterial_spot\0296e043-c805-47e4-bce5-b2326048ac67___GCREC_Bact.Sp 5680.JPG,0.0,0.0,0.5597686767578125,0.0,0.0,0.5609588623046875,0.0002593994140625,550.4636840820312,0.564697265625,0.0002593994140625,550.4636840820312,0.5695037841796875,0.0,0.0,0.576446533203125,Tomato_Bacterial_spot
C:\Users\jagan\OneDrive\Documents\TRON\Dataset\PlantVillage\Tomato_Bacterial_spot\02dfe58f-0ad1-4bf6-838a-e145978b1eed___GCREC_Bact.Sp 5841.JPG,0.000518798828125,532.1185913085938,0.6127471923828125,0.000518798828125,532.1185913085938,0.613800048828125,0.0013580322265625,407.5952453613281,0.61651611328125,0.0010986328125,278.3024597167969,0.6214447021484375,0.000518798828125,85.08649444580078,0.634185791015625,Tomato_Bacterial_spot
C:\Users\jagan\OneDrive\Documents\TRON\Dataset\PlantVillage\Tomato_Bacterial_spot\02fd4e60-db82-441c-87f6-08de768a4462___GCREC_Bact.Sp 5547.JPG,0.012298583984375,940.5406494140625,0.552764892578125,0.012298583984375,940.5406494140625,0.5531005859375,0.0118865966796875,956.473388671875,0.554412841796875,0.0116729736328125,961.79052734375,0.556549072265625,0.01129150390625,971.7986450195312,0.55865478515625,Tomato_Bacterial_spot
C:\Users\jagan\OneDrive\Documents\TRON\Dataset\PlantVillage\Tomato_Bacterial_spot\030501db-683b-4ed5-9ec0-c475a5dfdd76___GCREC_Bact.Sp 5650.JPG,0.014556884765625,146.08128356933594,0.6041107177734375,0.0144500732421875,145.63912963867188,0.605133056640625,0.0136260986328125,149.69012451171875,0.609619140625,0.0137481689453125,151.66845703125,0.6269378662109375,0.01715087890625,155.03208923339844,0.6495513916015625,Tomato_Bacterial_spot
C:\Users\jagan\OneDrive\Documents\TRON\Dataset\PlantVillage\Tomato_Bacterial_spot\03707c27-7f95-4f19-a173-1c0c74653fdf___GCREC_Bact.Sp 3046.JPG,0.0,0.0,0.501800537109375,0.0,0.0,0.5027313232421875,0.0,0.0,0.5056610107421875,0.0,0.0,0.510009765625,0.0,0.0,0.514495849609375,Tomato_Bacterial_spot
C:\Users\jagan\OneDrive\Documents\TRON\Dataset\PlantVillage\Tomato_Bacterial_spot\03af6874-872f-41e1-bce4-b3022bd7a9e6___GCREC_Bact.Sp 2995.JPG,0.0,0.0,0.5595703125,0.0,0.0,0.5615234375,0.0,0.0,0.5676727294921875,0.0,0.0,0.57916259765625,0.0,0.0,0.5843048095703125,Tomato_Bacterial_spot
C:\Users\jagan\OneDrive\Documents\TRON\Dataset\PlantVillage\Tomato_Bacterial_spot\03c8e0d0-6c57-4207-ad44-4d017c3e7943___GCREC_Bact.Sp 6325.JPG,0.000946044921875,3621.61279296875,0.5763702392578125,0.000946044921875,3621.61279296875,0.577484130859375,0.000946044921875,3621.61279296875,0.5848846435546875,0.0019989013671875,34.50171661376953,0.600006103515625,0.0019989013671875,34.50171661376953,0.6047210693359375,Tomato_Bacterial_spot
C:\Users\jagan\OneDrive\Documents\TRON\Dataset\PlantVillage\Tomato_Bacterial_spot\03ca5883-e9d6-4f88-81d8-90176fcc5413___GCREC_Bact.Sp 3013.JPG,0.000335693359375,71.54545593261719,0.6652069091796875,0.000335693359375,71.54545593261719,0.665802001953125,0.000335693359375,71.54545593261719,0.6714324951171875,0.000335693359375,71.54545593261719,0.686676025390625,0.000335693359375,71.54545593261719,0.702362060546875,Tomato_Bacterial_spot
C:\Users\jagan\OneDrive\Documents\TRON\Dataset\PlantVillage\Tomato_Bacterial_spot\03e6cea1-1c09-420a-a22e-2c29844004d1___GCREC_Bact.Sp 3076.JPG,0.0010833740234375,36.6756591796875,0.585357666015625,0.0009918212890625,35.62224578857422,0.5877685546875,0.000579833984375,32.19459533691406,0.5943756103515625,0.00042724609375,30.820158004760742,0.6016693115234375,0.0001678466796875,35.45454406738281,0.6064453125,Tomato_Bacterial_spot
C:\Users\jagan\OneDrive\Documents\TRON\Dataset\PlantVillage\Tomato_Bacterial_spot\045e9a8d-bed0-4700-8d27-7f8d0735223e___GCREC_Bact.Sp 3848.JPG,0.0073699951171875,53.95183563232422,0.62823486328125,0.0071563720703125,54.86915969848633,0.6300811767578125,0.006805419921875,58.36886215209961,0.63427734375,0.0052337646484375,50.51165771484375,0.6470794677734375,0.0019989013671875,47.80257797241211,0.6707763671875,Tomato_Bacterial_spot
C:\Users\jagan\OneDrive\Documents\TRON\Dataset\PlantVillage\Tomato_Bacterial_spot\04da1f61-623b-4878-86ed-3ea24723b515___GCREC_Bact.Sp 5700.JPG,0.001861572265625,26.404462814331055,0.5974273681640625,0.001861572265625,26.404462814331055,0.5982666015625,0.00115966796875,35.993770599365234,0.6041107177734375,0.0013275146484375,49.700626373291016,0.6105499267578125,0.000640869140625,59.930267333984375,0.620147705078125,Tomato_Bacterial_spot
C:\Users\jagan\OneDrive\Documents\TRON\Dataset\PlantVillage\Tomato_Bacterial_spot\0542f446-f9d7-4173-ab07-f41125b21dc7___GCREC_Bact.Sp 3074.JPG,0.000396728515625,28.232250213623047,0.5726470947265625,0.000396728515625,28.232250213623047,0.574462890625,0.0006256103515625,30.12492561340332,0.57958984375,0.00152587890625,25.079999923706055,0.586334228515625,0.0017242431640625,23.32571029663086,0.5943603515625,Tomato_Bacterial_spot
C:\Users\jagan\OneDrive\Documents\TRON\Dataset\PlantVillage\Tomato_Bacterial_spot\05530c50-5cb9-484f-91d0-82c9df7689d5___GCREC_Bact.Sp 6051.JPG,0.0,0.0,0.5392913818359375,0.0,0.0,0.5415191650390625,0.0003204345703125,48.15419387817383,0.552947998046875,0.0003204345703125,48.15419387817383,0.5638275146484375,0.0,0.0,0.5785064697265625,Tomato_Bacterial_spot
C:\Users\jagan\OneDrive\Documents\TRON\Dataset\PlantVillage\Tomato_Bacterial_spot\05777829-6912-44bb-bcef-901bc5190584___GCREC_Bact.Sp 6150.JPG,0.00042724609375,587.3099365234375,0.61102294921875,0.0006866455078125,110.06617736816406,0.6120758056640625,0.0002593994140625,116.9688491821289,0.6260833740234375,0.0002593994140625,116.9688491821289,0.6351318359375,0.0006103515625,100.0999984741211,0.6546630859375,Tomato_Bacterial_spot
C:\Users\jagan\OneDrive\Documents\TRON\Dataset\PlantVillage\Tomato_Bacterial_spot\057e3333-e63f-4259-888e-12869cc457c7___GCREC_Bact.Sp 3317.JPG,0.0008392333984375,316.89715576171875,0.5413055419921875,0.000823974609375,322.5614013671875,0.5418243408203125,0.0006256103515625,278.7376708984375,0.5434417724609375,0.0004730224609375,147.61080932617188,0.55078125,0.0008697509765625,437.758056640625,0.56341552734375,Tomato_Bacterial_spot
C:\Users\jagan\OneDrive\Documents\TRON\Dataset\PlantVillage\Tomato_Bacterial_spot\05fc994d-7781-4dc5-a15c-b359f6c681a6___GCREC_Bact.Sp 6304.JPG,0.0025482177734375,449.94049072265625,0.6244964599609375,0.0025482177734375,449.94049072265625,0.624969482421875,0.0020294189453125,329.9316711425781,0.6334381103515625,0.00048828125,1042.421875,0.6460113525390625,0.0002593994140625,432.12457275390625,0.6573638916015625,Tomato_Bacterial_spot
C:\Users\jagan\OneDrive\Documents\TRON\Dataset\PlantVillage\Tomato_Bacterial_spot\06ac210d-bdb1-4224-9053-c218cb14fa60___GCREC_Bact.Sp 3220.JPG,0.0,0.0,0.6051483154296875,0.0,0.0,0.606781005859375,0.0,0.0,0.6129608154296875,0.0,0.0,0.6231536865234375,0.0,0.0,0.637451171875,Tomato_Bacterial_spot
C:\Users\jagan\OneDrive\Documents\TRON\Dataset\PlantVillage\Tomato_Bacterial_spot\06d98f32-c416-4a79-81df-8e64f8bb7779___GCREC_Bact.Sp 3083.JPG,0.000274658203125,198.39505004882812,0.6390838623046875,0.000274658203125,198.39505004882812,0.64013671875,0.000396728515625,8.236686706542969,0.6450042724609375,0.000457763671875,7.809999942779541,0.6525115966796875,0.000457763671875,7.809999942779541,0.662628173828125,Tomato_Bacterial_spot
C:\Users\jagan\OneDrive\Documents\TRON\Dataset\PlantVillage\Tomato_Bacterial_spot\072f9c7d-c296-49d9-a432-6ec9448cab2a___GCREC_Bact.Sp 3558.JPG,0.017333984375,406.82598876953125,0.5627593994140625,0.0230712890625,405.6457214355469,0.5639801025390625,0.017333984375,406.82598876953125,0.56829833984375,0.022003173828125,393.4798889160156,0.574371337890625,0.009613037109375,366.8112487792969,0.5892486572265625,Tomato_Bacterial_spot
C:\Users\jagan\OneDrive\Documents\TRON\Dataset\PlantVillage\Tomato_Bacterial_spot\0740bf94-09c3-4718-8375-6ceed7db97a3___GCREC_Bact.Sp 3628.JPG,0.0096588134765625,1974.59521484375,0.62445068359375,0.0101470947265625,2014.0751953125,0.625091552734375,0.0101318359375,2014.0823974609375,0.626312255859375,0.0105438232421875,2103.0166015625,0.6338653564453125,0.0103302001953125,2028.2034912109375,0.644500732421875,Tomato_Bacterial_spot
C:\Users\jagan\OneDrive\Documents\TRON\Dataset\PlantVillage\Tomato_Bacterial_spot\07458546-6893-49c8-b94f-edde706b19fa___GCREC_Bact.Sp 3835.JPG,0.0008392333984375,373.6132507324219,0.62554931640625,0.0008392333984375,373.6132507324219,0.6268768310546875,0.0012054443359375,312.0730895996094,0.63665771484375,0.0027008056640625,848.0545654296875,0.648895263671875,0.0035400390625,869.844970703125,0.6631011962890625,Tomato_Bacterial_spot
C:\Users\jagan\OneDrive\Documents\TRON\Dataset\PlantVillage\Tomato_Bacterial_spot\0756753c-decb-4344-892f-4677b8215f0f___GCREC_Bact.Sp 5778.JPG,0.000244140625,42.109375,0.457672119140625,0.000244140625,42.109375,0.45843505859375,0.000244140625,42.109375,0.4633636474609375,0.000244140625,42.109375,0.471343994140625,0.000244140625,42.109375,0.484405517578125,Tomato_Bacterial_spot
C:\Users\jagan\OneDrive\Documents\TRON\Dataset\PlantVillage\Tomato_Bacterial_spot\075caa8d-0748-441c-a365-754b43a5b538___GCREC_Bact.Sp 5625.JPG,0.0022735595703125,71.09220123291016,0.5878143310546875,0.0018463134765625,72.08428192138672,0.589508056640625,0.001129150390625,79.2790298461914,0.5972442626953125,0.0009307861328125,59.38134765625,0.60577392578125,0.0009307861328125,59.38134765625,0.6182861328125,Tomato_Bacterial_spot
C:\Users\jagan\OneDrive\Documents\TRON\Dataset\PlantVillage\Tomato_Bacterial_spot\07f5c629-92da-49ad-b132-6268199882f8___GCREC_Bact.Sp 3362.JPG,0.0008087158203125,634.664306640625,0.494903564453125,0.0008087158203125,634.664306640625,0.4965362548828125,0.000518798828125,231.439453125,0.5025787353515625,0.000518798828125,231.439453125,0.508148193359375,0.0007476806640625,681.1187133789062,0.517608642578125,Tomato_Bacterial_spot
C:\Users\jagan\OneDrive\Documents\TRON\Dataset\PlantVillage\Tomato_Bacterial_spot\0809f630-10f6-48b4-9aa2-6c08852aa83a___GCREC_Bact.Sp 5626.JPG,0.000457763671875,40.3599967956543,0.640411376953125,0.000457763671875,40.3599967956543,0.64141845703125,0.0,0.0,0.651153564453125,0.0,0.0,0.6596221923828125,0.0,0.0,0.6777801513671875,Tomato_Bacterial_spot
C:\Users\jagan\OneDrive\Documents\TRON\Dataset\PlantVillage\Tomato_Bacterial_spot\086880d1-73c4-40d3-99ea-d446c2299692___GCREC_Bact.Sp 3333.JPG,0.0,0.0,0.5931243896484375,0.0,0.0,0.5938720703125,0.0,0.0,0.5981597900390625,0.0,0.0,0.6090545654296875,0.0,0.0,0.612762451171875,Tomato_Bacterial_spot
C:\Users\jagan\OneDrive\Documents\TRON\Dataset\PlantVillage\Tomato_Bacterial_spot\09442ca2-e279-4937-8ba0-faa85901f199___GCREC_Bact.Sp 5643.JPG,0.024627685546875,676.1953125,0.4871368408203125,0.0293731689453125,698.7015991210938,0.4894256591796875,0.037841796875,760.6207885742188,0.4980010986328125,0.03765869140625,755.368896484375,0.500946044921875,0.037353515625,755.5437622070312,0.503692626953125,Tomato_Bacterial_spot
C:\Users\jagan\OneDrive\Documents\TRON\Dataset\PlantVillage\Tomato_Bacterial_spot\095f2dd4-7e65-44ab-a867-c5d9634ec532___GCREC_Bact.Sp 3801.JPG,0.0006561279296875,259.42022705078125,0.6621856689453125,0.0006561279296875,259.42022705078125,0.6627655029296875,0.0006561279296875,259.42022705078125,0.6664581298828125,0.0006561279296875,259.42022705078125,0.6692352294921875,0.0011138916015625,275.163818359375,0.69140625,Tomato_Bacterial_spot
C:\Users\jagan\OneDrive\Documents\TRON\Dataset\PlantVillage\Tomato_Bacterial_spot\098b62a4-f92b-4c0d-9ab9-a6061a9d1625___GCREC_Bact.Sp 2955.JPG,0.000946044921875,240.9451141357422,0.49957275390625,0.000946044921875,240.9451141357422,0.500274658203125,0.0002593994140625,174.23529052734375,0.5035552978515625,0.0,0.0,0.5118408203125,0.0,0.0,0.5272369384765625,Tomato_Bacterial_spot
C:\Users\jagan\OneDrive\Documents\TRON\Dataset\PlantVillage\Tomato_Bacterial_spot\0a1655ed-797c-4d1d-ba35-dc255d68a2ee___GCREC_Bact.Sp 3560.JPG,0.002471923828125,101.1789779663086,0.6058349609375,0.002471923828125,101.1789779663086,0.6070404052734375,0.002471923828125,101.1789779663086,0.611846923828125,0.0024871826171875,115.20162963867188,0.62738037109375,0.00384521484375,219.6454315185547,0.6402130126953125,Tomato_Bacterial_spot
C:\Users\jagan\OneDrive\Documents\TRON\Dataset\PlantVillage\Tomato_Early_blight\0012b9d2-2130-4a06-a834-b1f3af34f57e___RS_Erly.B 8389.JPG,0.001861572265625,19042.4921875,0.70623779296875,0.001800537109375,18891.78125,0.7081298828125,0.0,0.0,0.7132720947265625,0.0,0.0,0.7182464599609375,0.0,0.0,0.73858642578125,Tomato_Early_blight
C:\Users\jagan\OneDrive\Documents\TRON\Dataset\PlantVillage\Tomato_Early_blight\00c5c908-fc25-4710-a109-db143da23112___RS_Erly.B 7778.JPG,0.0,0.0,0.4585418701171875,0.0,0.0,0.4588775634765625,0.0,0.0,0.461578369140625,0.0,0.0,0.4674224853515625,0.0,0.0,0.4766998291015625,Tomato_Early_blight
C:\Users\jagan\OneDrive\Documents\TRON\Dataset\PlantVillage\Tomato_Early_blight\00e7c4b2-3005-4558-9cfa-235e356cb7a8___RS_Erly.B 7844.JPG,0.00042724609375,193.43240356445312,0.5304412841796875,0.00042724609375,193.43240356445312,0.53076171875,0.00042724609375,193.43240356445312,0.53509521484375,0.0002593994140625,530.5259399414062,0.544219970703125,0.0002593994140625,530.5259399414062,0.5510406494140625,Tomato_Early_blight
C:\Users\jagan\OneDrive\Documents\TRON\Dataset\PlantVillage\Tomato_Early_blight\0114f7b3-7f56-4bef-aa47-7a82da142d4b___RS_Erly.B 7437.JPG,0.00189208984375,231.3483123779297,0.538848876953125,0.0015869140625,242.20562744140625,0.5400848388671875,0.0012969970703125,272.2914733886719,0.544403076171875,0.000823974609375,486.9259948730469,0.55084228515625,0.0004730224609375,114.64099884033203,0.5601959228515625,Tomato_Early_blight
C:\Users\jagan\OneDrive\Documents\TRON\Dataset\PlantVillage\Tomato_Early_blight\011aa278-a39e-40b0-b6e4-2e2f835889f0___RS_Erly.B 8251.JPG,0.109893798828125,11246.1640625,0.5411376953125,0.109283447265625,11289.353515625,0.54779052734375,0.1049957275390625,11441.0087890625,0.5672149658203125,0.089691162109375,10293.4560546875,0.5937042236328125,0.08624267578125,10219.525390625,0.626190185546875,Tomato_Early_blight
C:\Users\jagan\OneDrive\Documents\TRON\Dataset\PlantVillage\Tomato_Early_blight\01861c93-ea8b-4820-aaa8-cc6003b3e75b___RS_Erly.B 7855.JPG,0.0,0.0,0.4273834228515625,0.0,0.0,0.4275665283203125,0.0,0.0,0.4283599853515625,0.0,0.0,0.42913818359375,0.0,0.0,0.4299774169921875,Tomato_Early_blight
C:\Users\jagan\OneDrive\Documents\TRON\Dataset\PlantVillage\Tomato_Early_blight\01f87f04-ff38-4aba-b7d1-587aa06e5282___RS_Erly.B 7851.JPG,0.0,0.0,0.5524444580078125,0.0,0.0,0.55322265625,0.0,0.0,0.55914306640625,0.0,0.0,0.5733795166015625,0.0,0.0,0.5770416259765625,Tomato_Early_blight
C:\Users\jagan\OneDrive\Documents\TRON\Dataset\PlantVillage\Tomato_Early_blight\0208ed52-1b28-4c9c-88e3-4667581e1109___RS_Erly.B 7829.JPG,0.001190185546875,30672.701171875,0.480621337890625,0.0010528564453125,32884.07421875,0.4822998046875,0.000946044921875,35536.71484375,0.486541748046875,0.0005950927734375,19742.009765625,0.4961395263671875,0.0005950927734375,19742.009765625,0.50213623046875,Tomato_Early_blight
C:\Users\jagan\OneDrive\Documents\TRON\Dataset\PlantVillage\Tomato_Early_blight\03b4571c-b1eb-4e2a-b372-307046913f50___RS_Erly.B 7548.JPG,0.0148773193359375,597.798095703125,0.4293670654296875,0.0148162841796875,597.6419067382812,0.4309844970703125,0.014312744140625,566.9530639648438,0.43780517578125,0.0117645263671875,558.8530883789062,0.46197509765625,0.0126800537109375,573.8807983398438,0.476287841796875,Tomato_Early_blight
C:\Users\jagan\OneDrive\Documents\TRON\Dataset\PlantVillage\Tomato_Early_blight\04747279-48b2-4ce1-932b-e511424beb6b___RS_Erly.B 8240.JPG,0.0011749267578125,932.9391479492188,0.6119842529296875,0.0011749267578125,932.9391479492188,0.613800048828125,0.000701904296875,625.183349609375,0.6230316162109375,0.0011749267578125,932.9391479492188,0.632843017578125,0.0011749267578125,932.9391479492188,0.6356353759765625,Tomato_Early_blight
C:\Users\jagan\OneDrive\Documents\TRON\Dataset\PlantVillage\Tomato_Early_blight\04e38351-80bc-4260-8a4d-187f7817c3e5___RS_Erly.B 7439.JPG,0.0359649658203125,78.68196105957031,0.577789306640625,0.037322998046875,80.21231842041016,0.57861328125,0.036956787109375,80.43641662597656,0.58203125,0.0373382568359375,80.54043579101562,0.588226318359375,0.03924560546875,83.52436065673828,0.5923004150390625,Tomato_Early_blight
C:\Users\jagan\OneDrive\Documents\TRON\Dataset\PlantVillage\Tomato_Early_blight\055ae8d8-09e1-4b27-b385-9ff8a3e0eaae___RS_Erly.B 8247.JPG,0.0065460205078125,789.2105102539062,0.7401275634765625,0.00653076171875,790.7510375976562,0.7418975830078125,0.0064697265625,889.6942749023438,0.7505645751953125,0.005828857421875,875.7410888671875,0.758514404296875,0.00518798828125,838.4671630859375,0.771026611328125,Tomato_Early_blight
C:\Users\jagan\OneDrive\Documents\TRON\Dataset\PlantVillage\Tomato_Early_blight\06339fe1-154f-4bcb-be91-a29e86e25929___RS_Erly.B 7440.JPG,0.0021209716796875,1049.7457275390625,0.487274169921875,0.0020751953125,1044.985107421875,0.4881134033203125,0.0020751953125,1044.985107421875,0.4898834228515625,0.0013275146484375,782.4567260742188,0.4927978515625,0.000701904296875,683.2027587890625,0.4947967529296875,Tomato_Early_blight
C:\Users\jagan\OneDrive\Documents\TRON\Dataset\PlantVillage\Tomato_Early_blight\06d0298e-18e5-4bf5-8d33-8feef6600f15___RS_Erly.B 7573.JPG,0.0,0.0,0.5394287109375,0.0,0.0,0.5407257080078125,0.0,0.0,0.5457916259765625,0.0,0.0,0.552520751953125,0.0,0.0,0.5608062744140625,Tomato_Early_blight
C:\Users\jagan\OneDrive\Documents\TRON\Dataset\PlantVillage\Tomato_Early_blight\072ae43a-416b-434a-a5a2-1b48bc47fada___RS_Erly.B 7472.JPG,0.0268707275390625,4769.35888671875,0.6608428955078125,0.0253753662109375,4715.96337890625,0.6638031005859375,0.023590087890625,4657.20751953125,0.6727752685546875,0.021453857421875,4594.06591796875,0.6772918701171875,0.020599365234375,4415.16064453125,0.711761474609375,Tomato_Early_blight
C:\Users\jagan\OneDrive\Documents\TRON\Dataset\PlantVillage\Tomato_Early_blight\07409e2c-a730-4b11-b25e-31025bd63a91___RS_Erly.B 9578.JPG,0.0114593505859375,97.98826599121094,0.5850830078125,0.01116943359375,100.1025619506836,0.5855865478515625,0.0102081298828125,103.01631164550781,0.587493896484375,0.00775146484375,103.40391540527344,0.5928192138671875,0.0085296630859375,105.82109832763672,0.601806640625,Tomato_Early_blight
C:\Users\jagan\OneDrive\Documents\TRON\Dataset\PlantVillage\Tomato_Early_blight\074bc781-f586-46b0-bef5-0237e3bf5043___RS_Erly.B 8375.JPG,0.0002593994140625,2651.169921875,0.768768310546875,0.00042724609375,2882.88134765625,0.771514892578125,0.0005645751953125,2505.31640625,0.7781219482421875,0.0006103515625,2374.33984375,0.7871246337890625,0.0006103515625,2374.33984375,0.7954559326171875,Tomato_Early_blight
C:\Users\jagan\OneDrive\Documents\TRON\Dataset\PlantVillage\Tomato_Early_blight\07502bbb-1733-4d49-a3dc-557b1d4391da___RS_Erly.B 7516.JPG,0.0,0.0,0.5281982421875,0.0,0.0,0.528656005859375,0.0,0.0,0.5301055908203125,0.0,0.0,0.534149169921875,0.0,0.0,0.5483551025390625,Tomato_Early_blight
C:\Users\jagan\OneDrive\Documents\TRON\Dataset\PlantVillage\Tomato_Early_blight\079e0d43-e9d2-4217-b8e8-2f3b989cdab2___RS_Erly.B 7588.JPG,0.0095977783203125,196.4132080078125,0.54669189453125,0.009490966796875,198.35714721679688,0.5480804443359375,0.0091705322265625,198.66867065429688,0.5575103759765625,0.0072174072265625,72.44803619384766,0.569305419921875,0.0088653564453125,65.74774169921875,0.57568359375,Tomato_Early_blight
C:\Users\jagan\OneDrive\Documents\TRON\Dataset\PlantVillage\Tomato_Early_blight\08615b7d-eca7-487e-a9ea-07842ecf81e8___RS_Erly.B 7543.JPG,0.003875732421875,261.91510009765625,0.5644989013671875,0.0035858154296875,273.3726501464844,0.565399169921875,0.0,0.0,0.5737152099609375,0.0,0.0,0.5805206298828125,0.0,0.0,0.600067138671875,Tomato_Early_blight
C:\Users\jagan\OneDrive\Documents\TRON\Dataset\PlantVillage\Tomato_Early_blight\090af0e4-75f2-495a-8bca-a3370c6dd2a6___RS_Erly.B 9562.JPG,0.0045623779296875,59.49745178222656,0.4809112548828125,0.004547119140625,59.60997772216797,0.4828033447265625,0.00439453125,58.04378128051758,0.4866485595703125,0.0041351318359375,57.551856994628906,0.4928436279296875,0.0004425048828125,118.86088562011719,0.5024871826171875,Tomato_Early_blight
C:\Users\jagan\OneDrive\Documents\TRON\Dataset\PlantVillage\Tomato_Early_blight\0a2726e0-3358-4a46-b6dc-563a5a9f2bdf___RS_Erly.B 7860.JPG,0.0,0.0,0.5361328125,0.0,0.0,0.5367431640625,0.0,0.0,0.5396728515625,0.0,0.0,0.55206298828125,0.0,0.0,0.5552520751953125,Tomato_Early_blight
C:\Users\jagan\OneDrive\Documents\TRON\Dataset\PlantVillage\Tomato_Early_blight\0abc57ec-7f3b-482a-8579-21f3b2fb780b___RS_Erly.B 7609.JPG,0.0,0.0,0.5414581298828125,0.0,0.0,0.54241943359375,0.0,0.0,0.5496978759765625,0.0,0.0,0.5605926513671875,0.0,0.0,0.5796661376953125,Tomato_Early_blight
C:\Users\jagan\OneDrive\Documents\TRON\Dataset\PlantVillage\Tomato_Early_blight\0ae44a6c-1213-4312-a11b-c7c5d4e585d0___RS_Erly.B 9442.JPG,0.0,0.0,0.5722808837890625,0.0,0.0,0.572784423828125,0.0,0.0,0.5743408203125,0.0,0.0,0.5783538818359375,0.0,0.0,0.5805206298828125,Tomato_Early_blight
C:\Users\jagan\OneDrive\Documents\TRON\Dataset\PlantVillage\Tomato_Early_blight\0b494c44-8cd0-4491-bdfd-8a354209c3ae___RS_Erly.B 9561.JPG,0.0031890869140625,102.02485656738281,0.67498779296875,0.0059661865234375,140.5000457763672,0.676666259765625,0.005889892578125,141.25924682617188,0.6807861328125,0.0022430419921875,102.73191833496094,0.700958251953125,0.0067138671875,145.861572265625,0.7216796875,Tomato_Early_blight
C:\Users\jagan\OneDrive\Documents\TRON\Dataset\PlantVillage\Tomato_Early_blight\0ba3d536-8732-4ea1-b3e1-a1be86e5dc6a___RS_Erly.B 9499.JPG,0.1176300048828125,978.6281127929688,0.46392822265625,0.11761474609375,978.7546997070312,0.4659423828125,0.115447998046875,940.697265625,0.4719085693359375,0.111114501953125,852.6556396484375,0.4772186279296875,0.107574462890625,802.61083984375,0.496490478515625,Tomato_Early_blight
C:\Users\jagan\OneDrive\Documents\TRON\Dataset\PlantVillage\Tomato_Early_blight\0bd357fe-1e54-4c65-979c-e894e0b8a3aa___RS_Erly.B 8328.JPG,0.0025177001953125,18807.171875,0.434783935546875,0.0024261474609375,19267.6640625,0.437164306640625,0.001251220703125,3512.116943359375,0.4459686279296875,0.001220703125,138.77749633789062,0.4513092041015625,0.001220703125,138.77749633789062,0.4592132568359375,Tomato_Early_blight
C:\Users\jagan\OneDrive\Documents\TRON\Dataset\PlantVillage\Tomato_Early_blight\0c221e01-a85e-4794-b45b-3a91e349a8d2___RS_Erly.B 6425.JPG,0.0037384033203125,254.87728881835938,0.533782958984375,0.0037384033203125,254.87728881835938,0.5357666015625,0.0033721923828125,246.9458770751953,0.54119873046875,0.0040283203125,269.3333435058594,0.5496978759765625,0.003753662109375,273.59722900390625,0.5675201416015625,Tomato_Early_blight
C:\Users\jagan\OneDrive\Documents\TRON\Dataset\PlantVillage\Tomato_Early_blight\0cd1ebaf-3975-4749-b625-50b7b0751c36___RS_Erly.B 7508.JPG,0.0,0.0,0.4520111083984375,0.0,0.0,0.45245361328125,0.0,0.0,0.4539337158203125,0.0,0.0,0.4556121826171875,0.0,0.0,0.4576873779296875,Tomato_Early_blight
C:\Users\jagan\OneDrive\Documents\TRON\Dataset\PlantVillage\Tomato_Early_blight\0cd2270f-87f8-45b5-a4af-19fa34b2acaa___RS_Erly.B 9567.JPG,0.0761566162109375,192.1496124267578,0.541412353515625,0.0255126953125,99.4953384399414,0.6213531494140625,0.0260772705078125,97.6774673461914,0.625030517578125,0.02789306640625,115.26959228515625,0.6383056640625,0.028289794921875,120.70552062988281,0.64202880859375,Tomato_Early_blight
C:\Users\jagan\OneDrive\Documents\TRON\Dataset\PlantVillage\Tomato_Early_blight\0e03c87e-b43f-4cfe-a837-71306c68f4c0___RS_Erly.B 7733.JPG,0.0387420654296875,10830.0791015625,0.5009002685546875,0.0383758544921875,10840.125,0.5019989013671875,0.036865234375,10901.1884765625,0.50732421875,0.03485107421875,10990.828125,0.5145111083984375,0.033477783203125,10931.5986328125,0.5215606689453125,Tomato_Early_blight
C:\Users\jagan\OneDrive\Documents\TRON\Dataset\PlantVillage\Tomato_Early_blight\0e2abcfb-e62b-4c61-a24a-0800cad904a8___RS_Erly.B 7382.JPG,0.0,0.0,0.4344329833984375,0.0,0.0,0.4347686767578125,0.0,0.0,0.435577392578125,0.0,0.0,0.4390716552734375,0.0,0.0,0.443817138671875,Tomato_Early_blight
C:\Users\jagan\OneDrive\Documents\TRON\Dataset\PlantVillage\Tomato_Early_blight\0ecc2ee7-fb66-41fa-a23b-9bdeaf31078a___RS_Erly.B 6381.JPG,0.0018310546875,26.683053970336914,0.6666717529296875,0.001708984375,28.343109130859375,0.6692962646484375,0.001495361328125,27.268741607666016,0.6730499267578125,0.0003662109375,17.37326431274414,0.685089111328125,0.0003662109375,17.37326431274414,0.6980438232421875,Tomato_Early_blight
C:\Users\jagan\OneDrive\Documents\TRON\Dataset\PlantVillage\Tomato_Early_blight\0efaac13-1988-48db-aec3-f31df3045b95___RS_Erly.B 8342.JPG,0.0018768310546875,3234.93310546875,0.80157470703125,0.0018463134765625,3245.4443359375,0.8042144775390625,0.001129150390625,3180.07373046875,0.8134765625,0.0065155029296875,104.25237274169922,0.83343505859375,0.002899169921875,70.3125,0.852294921875,Tomato_Early_blight
C:\Users\jagan\OneDrive\Documents\TRON\Dataset\PlantVillage\Tomato_Early_blight\0f03a09c-aa48-4d51-95e1-752c466c3742___RS_Erly.B 6413.JPG,0.01348876953125,84.3897933959961,0.4622039794921875,0.0134735107421875,84.44871520996094,0.462371826171875,0.01300048828125,84.23710632324219,0.463623046875,0.0139617919921875,83.76610565185547,0.46771240234375,0.014312744140625,80.90436553955078,0.4735260009765625,Tomato_Early_blight
C:\Users\jagan\OneDrive\Documents\TRON\Dataset\PlantVillage\Tomato_Early_blight\0f065614-a53a-4c83-9d29-5d3e4ab5b41d___RS_Erly.B 7676.JPG,0.0,0.0,0.5915679931640625,0.0,0.0,0.59234619140625,0.0,0.0,0.597686767578125,0.0,0.0,0.6069793701171875,0.0,0.0,0.6115875244140625,Tomato_Early_blight
C:\Users\jagan\OneDrive\Documents\TRON\Dataset\PlantVillage\Tomato_Early_blight\0f111718-a749-42cf-9495-412f4b51acf0___RS_Erly.B 7482.JPG,0.000335693359375,230.15908813476562,0.4959564208984375,0.000335693359375,230.15908813476562,0.4962005615234375,0.0002593994140625,262.23529052734375,0.4974517822265625,0.0,0.0,0.505828857421875,0.0,0.0,0.509429931640625,Tomato_Early_blight
C:\Users\jagan\OneDrive\Documents\TRON\Dataset\PlantVillage\Tomato_Early_blight\0f1fb081-c715-414e-aa64-2c398ba6c320___RS_Erly.B 6382.JPG,0.0023040771484375,59.19038391113281,0.5573577880859375,0.002288818359375,59.382225036621094,0.558807373046875,0.0018310546875,61.78437423706055,0.5620269775390625,0.00341796875,60.0980339050293,0.5737457275390625,0.0033416748046875,59.38279342651367,0.576416015625,Tomato_Early_blight
C:\Users\jagan\OneDrive\Documents\TRON\Dataset\PlantVillage\Tomato_Early_blight\0f4e562d-77ee-47c2-8ee9-34b391bc0fc3___RS_Erly.B 9434.JPG,0.0,0.0,0.5453948974609375,0.0,0.0,0.5459442138671875,0.0,0.0,0.54705810546875,0.0,0.0,0.548126220703125,0.0,0.0,0.5493927001953125,Tomato_Early_blight
C:\Users\jagan\OneDrive\Documents\TRON\Dataset\PlantVillage\Tomato_Early_blight\0f7a2408-9c26-4ff9-bee5-2bfcd91a11f7___RS_Erly.B 9440.JPG,0.01129150390625,896.1282348632812,0.528564453125,0.01116943359375,892.1448974609375,0.5304412841796875,0.0107269287109375,819.8639526367188,0.5436553955078125,0.01043701171875,951.968994140625,0.550384521484375,0.006744384765625,786.978271484375,0.5608367919921875,Tomato_Early_blight
C:\Users\jagan\OneDrive\Documents\TRON\Dataset\PlantVillage\Tomato_Late_blight\00355ec2-f12c-4015-b8f9-94354f69ce22___RS_Late.B 5311.JPG,0.02044677734375,1083.327392578125,0.64013671875,0.020355224609375,1092.8939208984375,0.641998291015625,0.0195159912109375,1042.2581787109375,0.6481170654296875,0.014312744140625,910.4170532226562,0.6601104736328125,0.000396728515625,4268.7822265625,0.6878814697265625,Tomato_Late_blight
C:\Users\jagan\OneDrive\Documents\TRON\Dataset\PlantVillage\Tomato_Late_blight\005a2c1f-4e15-49e4-9e5c-61dc3ecf9708___RS_Late.B 5096.JPG,0.0,0.0,0.5862579345703125,0.0,0.0,0.586578369140625,0.0,0.0,0.59295654296875,0.0,0.0,0.60418701171875,0.0,0.0,0.61920166015625,Tomato_Late_blight
C:\Users\jagan\OneDrive\Documents\TRON\Dataset\PlantVillage\Tomato_Late_blight\008ebb44-eb77-4843-b621-4b88b5df7d43___RS_Late.B 5188.JPG,0.000518798828125,155.64013671875,0.545196533203125,0.000518798828125,155.64013671875,0.5458984375,0.000518798828125,155.64013671875,0.5503997802734375,0.000396728515625,150.1790008544922,0.5578460693359375,0.001434326171875,505.8941650390625,0.5684356689453125,Tomato_Late_blight
C:\Users\jagan\OneDrive\Documents\TRON\Dataset\PlantVillage\Tomato_Late_blight\00ce4c63-9913-4b16-898c-29f99acf0dc3___RS_Late.B 4982.JPG,0.003662109375,173.06494140625,0.4990386962890625,0.0036773681640625,172.9626922607422,0.5000457763671875,0.003662109375,173.06494140625,0.5072479248046875,0.003662109375,173.06494140625,0.5141143798828125,0.003662109375,173.06494140625,0.5260162353515625,Tomato_Late_blight
C:\Users\jagan\OneDrive\Documents\TRON\Dataset\PlantVillage\Tomato_Late_blight\01425d17-4c97-46e3-b395-c1453b78ab78___GHLB2 Leaf 9100.JPG,0.001556396484375,8932.15234375,0.2863616943359375,0.001556396484375,8932.15234375,0.28704833984375,0.001556396484375,8932.15234375,0.2892913818359375,0.001556396484375,8932.15234375,0.2927703857421875,0.001556396484375,8932.15234375,0.29559326171875,Tomato_Late_blight
C:\Users\jagan\OneDrive\Documents\TRON\Dataset\PlantVillage\Tomato_Late_blight\014d4972-1301-46d3-afc4-56470b774137___GHLB2 Leaf 8831.JPG,0.012969970703125,103.74153137207031,0.18841552734375,0.012969970703125,103.74153137207031,0.1887054443359375,0.012969970703125,103.74153137207031,0.189300537109375,0.012969970703125,103.74153137207031,0.190460205078125,0.012969970703125,103.74153137207031,0.1917724609375,Tomato_Late_blight
C:\Users\jagan\OneDrive\Documents\TRON\Dataset\PlantVillage\Tomato_Late_blight\014eee0c-8000-4762-b4b8-63ecc2fadc13___GHLB2ES Leaf 69.1.JPG,0.0251007080078125,86.35740661621094,0.3477020263671875,0.0251007080078125,86.35740661621094,0.3490142822265625,0.0251007080078125,86.35740661621094,0.353851318359375,0.0211334228515625,83.0252685546875,0.35870361328125,0.0211334228515625,83.0252685546875,0.3628082275390625,Tomato_Late_blight
C:\Users\jagan\OneDrive\Documents\TRON\Dataset\PlantVillage\Tomato_Late_blight\01527fac-41e4-484c-af41-1ed7bc3b5ce6___RS_Late.B 6134.JPG,0.0402679443359375,119.05082702636719,0.4378204345703125,0.0402679443359375,119.05082702636719,0.43829345703125,0.0401763916015625,118.93028259277344,0.4407958984375,0.04302978515625,124.77522277832031,0.4446258544921875,0.0515899658203125,150.10208129882812,0.45452880859375,Tomato_Late_blight
C:\Users\jagan\OneDrive\Documents\TRON\Dataset\PlantVillage\Tomato_Late_blight\017a9839-6097-45aa-85b0-3051db151484___RS_Late.B 5125.JPG,0.0,0.0,0.633544921875,0.0,0.0,0.6345672607421875,0.0,0.0,0.6408538818359375,0.0,0.0,0.647308349609375,0.0,0.0,0.655181884765625,Tomato_Late_blight
C:\Users\jagan\OneDrive\Documents\TRON\Dataset\PlantVillage\Tomato_Late_blight\01a68044-9c5b-4658-a944-6108c6862ce7___GHLB Leaf 2.1 Day 16.JPG,0.0185394287109375,21.846567153930664,0.5339813232421875,0.0185394287109375,21.846567153930664,0.5349884033203125,0.0185394287109375,21.846567153930664,0.537322998046875,0.0185394287109375,21.846567153930664,0.542144775390625,0.022308349609375,21.44972038269043,0.563323974609375,Tomato_Late_blight
C:\Users\jagan\OneDrive\Documents\TRON\Dataset\PlantVillage\Tomato_Late_blight\01c391d2-1b3a-4b58-b205-a75674bba6e9___GHLB2 Leaf 8824.JPG,0.0049896240234375,143.1287078857422,0.1878662109375,0.0049896240234375,143.1287078857422,0.18804931640625,0.0049896240234375,143.1287078857422,0.1885223388671875,0.0049896240234375,143.1287078857422,0.189056396484375,0.0049896240234375,143.1287078857422,0.18951416015625,Tomato_Late_blight
C:\Users\jagan\OneDrive\Documents\TRON\Dataset\PlantVillage\Tomato_Late_blight\01cd2d73-c741-45a5-9610-a2cea2266b80___GHLB2 Leaf 121.JPG,0.010223388671875,142.34344482421875,0.438385009765625,0.01019287109375,142.76475524902344,0.4394989013671875,0.00933837890625,150.59605407714844,0.442657470703125,0.0085601806640625,144.2388458251953,0.4453277587890625,0.00823974609375,136.56329345703125,0.45458984375,Tomato_Late_blight
C:\Users\jagan\OneDrive\Documents\TRON\Dataset\PlantVillage\Tomato_Late_blight\01d9be0b-c5e7-49db-8cdf-46bd0ef2c6e7___RS_Late.B 7066.JPG,0.02001953125,7313.50830078125,0.583953857421875,0.0192718505859375,7088.10791015625,0.591888427734375,0.0188446044921875,7104.95703125,0.6064453125,0.016448974609375,6396.595703125,0.633453369140625,0.00830078125,3031.2275390625,0.673065185546875,Tomato_Late_blight
C:\Users\jagan\OneDrive\Documents\TRON\Dataset\PlantVillage\Tomato_Late_blight\01ebf21e-ef94-4c92-b007-0b26741c2fc8___GHLB2 Leaf 9075.JPG,0.0,0.0,0.3271484375,0.0,0.0,0.3291168212890625,0.0,0.0,0.3341217041015625,0.0,0.0,0.339630126953125,0.0,0.0,0.3443603515625,Tomato_Late_blight
C:\Users\jagan\OneDrive\Documents\TRON\Dataset\PlantVillage\Tomato_Late_blight\01ece5a1-8398-4e68-a9e3-198c57b51b01___GHLB2 Leaf 8757.JPG,0.0009765625,5546.21484375,0.1424407958984375,0.0009765625,5546.21484375,0.142669677734375,0.0009765625,5546.21484375,0.1433563232421875,0.0009765625,5546.21484375,0.14483642578125,0.0009765625,5546.21484375,0.1461181640625,Tomato_Late_blight
C:\Users\jagan\OneDrive\Documents\TRON\Dataset\PlantVillage\Tomato_Late_blight\0220afd9-d40e-4b72-8405-78b417c7b8af___GHLB2 Leaf 8987.JPG,0.000518798828125,3825.591796875,0.14959716796875,0.000518798828125,3825.591796875,0.1498260498046875,0.000518798828125,3825.591796875,0.1506195068359375,0.000518798828125,3825.591796875,0.15118408203125,0.000518798828125,3825.591796875,0.152008056640625,Tomato_Late_blight
C:\Users\jagan\OneDrive\Documents\TRON\Dataset\PlantVillage\Tomato_Late_blight\023315df-8824-4760-9480-4dca3a023931___GHLB2 Leaf 8719.JPG,0.0028839111328125,228.92666625976562,0.2611083984375,0.0028839111328125,228.92666625976562,0.2612762451171875,0.0028839111328125,228.92666625976562,0.2615509033203125,0.0028839111328125,228.92666625976562,0.2618560791015625,0.0028839111328125,228.92666625976562,0.262298583984375,Tomato_Late_blight
C:\Users\jagan\OneDrive\Documents\TRON\Dataset\PlantVillage\Tomato_Late_blight\024dc5bb-7990-4256-b2b4-a8495b71cbd4___RS_Late.B 6064.JPG,0.0543212890625,43.068077087402344,0.5168609619140625,0.0543212890625,43.068077087402344,0.517425537109375,0.0541534423828125,42.0809326171875,0.5203399658203125,0.053802490234375,41.70866775512695,0.52471923828125,0.0536346435546875,41.79560089111328,0.531829833984375,Tomato_Late_blight
C:\Users\jagan\OneDrive\Documents\TRON\Dataset\PlantVillage\Tomato_Late_blight\02790384-a589-421b-8695-693e77970418___GHLB2 Leaf 8920.JPG,0.0398406982421875,13.951974868774414,0.1964874267578125,0.0398406982421875,13.951974868774414,0.19952392578125,0.0340576171875,13.866570472717285,0.2023773193359375,0.0340576171875,13.866570472717285,0.20391845703125,0.0340576171875,13.866570472717285,0.20703125,Tomato_Late_blight
C:\Users\jagan\OneDrive\Documents\TRON\Dataset\PlantVillage\Tomato_Late_blight\02a3e0cd-04da-4e08-b929-167bcb7f46f4___GHLB2 Leaf 8731.JPG,0.0200042724609375,34.981781005859375,0.1450653076171875,0.0200042724609375,34.981781005859375,0.1451873779296875,0.0200042724609375,34.981781005859375,0.14617919921875,0.0200042724609375,34.981781005859375,0.147247314453125,0.0200042724609375,34.981781005859375,0.1480712890625,Tomato_Late_blight
C:\Users\jagan\OneDrive\Documents\TRON\Dataset\PlantVillage\Tomato_Late_blight\02effbf1-e958-4531-a19b-f8be754d2805___RS_Late.B 5206.JPG,0.001556396484375,10684.5322265625,0.466400146484375,0.0010986328125,269.96527099609375,0.47210693359375,0.0011444091796875,86.64888000488281,0.47491455078125,0.00128173828125,97.27720642089844,0.478729248046875,0.0011138916015625,95.83637237548828,0.4882965087890625,Tomato_Late_blight
C:\Users\jagan\OneDrive\Documents\TRON\Dataset\PlantVillage\Tomato_Late_blight\02fe963e-7c68-4fd3-9f8f-36bf9e153c20___GHLB2 Leaf 8581.JPG,0.048309326171875,65.5889663696289,0.5722808837890625,0.048309326171875,65.5889663696289,0.575531005859375,0.0469207763671875,65.46094512939453,0.5811614990234375,0.0262451171875,107.97196960449219,0.5872802734375,0.0215911865234375,97.24883270263672,0.599395751953125,Tomato_Late_blight
C:\Users\jagan\OneDrive\Documents\TRON\Dataset\PlantVillage\Tomato_Late_blight\031ab3ab-02f4-4397-9886-54345461580d___RS_Late.B 6654.JPG,0.0359344482421875,105.58018493652344,0.5802764892578125,0.0359344482421875,105.58018493652344,0.582763671875,0.0201263427734375,102.429443359375,0.5872955322265625,0.0117950439453125,85.91255950927734,0.5959930419921875,0.0359344482421875,105.58018493652344,0.611236572265625,Tomato_Late_blight
C:\Users\jagan\OneDrive\Documents\TRON\Dataset\PlantVillage\Tomato_Late_blight\0334d40b-d880-442f-a7db-e5c85a2e0bed___RS_Late.B 6367.JPG,0.0003662109375,2942.471923828125,0.6041717529296875,0.0003662109375,2942.471923828125,0.605743408203125,0.0003662109375,2942.471923828125,0.6112823486328125,0.0003662109375,2942.471923828125,0.620208740234375,0.0003662109375,2942.471923828125,0.6415252685546875,Tomato_Late_blight
C:\Users\jagan\OneDrive\Documents\TRON\Dataset\PlantVillage\Tomato_Late_blight\03a15d38-e1b5-4586-b763-2bad2d268290___RS_Late.B 5207.JPG,0.0129852294921875,279.645751953125,0.50518798828125,0.0129852294921875,279.645751953125,0.5058135986328125,0.01837158203125,499.7706604003906,0.50811767578125,0.0116119384765625,304.4576110839844,0.5120697021484375,0.011138916015625,307.8342590332031,0.518035888671875,Tomato_Late_blight
C:\Users\jagan\OneDrive\Documents\TRON\Dataset\PlantVillage\Tomato_Late_blight\03e8a2f9-6a7e-43dd-8a1b-3eb7cf99b89b___RS_Late.B 5034.JPG,0.0134429931640625,55.84651565551758,0.5646209716796875,0.00958251953125,41.41600036621094,0.570098876953125,0.00274658203125,30.805278778076172,0.589630126953125,0.00274658203125,30.805278778076172,0.6113739013671875,0.00103759765625,26.66522216796875,0.62213134765625,Tomato_Late_blight
C:\Users\jagan\OneDrive\Documents\TRON\Dataset\PlantVillage\Tomato_Late_blight\0418161a-871a-4d36-b988-c95f89e0feaf___RS_Late.B 7063.JPG,0.0028076171875,2168.988037109375,0.4267578125,0.0028076171875,2168.988037109375,0.4273834228515625,0.00274658203125,2215.974365234375,0.4288482666015625,0.002777099609375,2192.200927734375,0.432373046875,0.0027008056640625,2243.762451171875,0.4361724853515625,Tomato_Late_blight
C:\Users\jagan\OneDrive\Documents\TRON\Dataset\PlantVillage\Tomato_Late_blight\04540250-4926-47a6-9240-e047a04befc5___GHLB2 Leaf 9019.JPG,0.0069732666015625,87.72428894042969,0.1375274658203125,0.0069732666015625,87.72428894042969,0.137847900390625,0.0069732666015625,87.72428894042969,0.1386871337890625,0.0069732666015625,87.72428894042969,0.1392059326171875,0.0069732666015625,87.72428894042969,0.1405181884765625,Tomato_Late_blight
C:\Users\jagan\OneDrive\Documents\TRON\Dataset\PlantVillage\Tomato_Late_blight\048eddf2-6142-4031-b23a-654cc3803d01___RS_Late.B 6097.JPG,0.0233917236328125,178.5966033935547,0.7216949462890625,0.0203399658203125,171.3677978515625,0.7237701416015625,0.005157470703125,202.03631591796875,0.7335357666015625,0.00115966796875,272.91619873046875,0.7530670166015625,0.0008544921875,200.31631469726562,0.76580810546875,Tomato_Late_blight
C:\Users\jagan\OneDrive\Documents\TRON\Dataset\PlantVillage\Tomato_Late_blight\04ba0ca5-c52c-4bab-897b-2d38f7835a03___RS_Late.B 5631.JPG,0.0139617919921875,6950.2626953125,0.300567626953125,0.0,0.0,0.3210906982421875,0.0,0.0,0.3227081298828125,0.0,0.0,0.3243865966796875,0.0,0.0,0.328277587890625,Tomato_Late_blight
C:\Users\jagan\OneDrive\Documents\TRON\Dataset\PlantVillage\Tomato_Late_blight\04d8f472-b6ba-4bf7-82eb-a643937af9aa___GHLB2 Leaf 113.3.JPG,0.0153350830078125,364.92755126953125,0.3715972900390625,0.0153350830078125,364.92755126953125,0.3721160888671875,0.0153350830078125,364.92755126953125,0.377197265625,0.0153350830078125,364.92755126953125,0.3814849853515625,0.0088653564453125,255.62887573242188,0.3855438232421875,Tomato_Late_blight
C:\Users\jagan\OneDrive\Documents\TRON\Dataset\PlantVillage\Tomato_Late_blight\04da342d-5952-4f2f-b19c-14cdc7fcb07b___GHLB2 Leaf 8716.JPG,0.0,0.0,0.33306884765625,0.0,0.0,0.3333282470703125,0.0,0.0,0.3352508544921875,0.0,0.0,0.34161376953125,0.0,0.0,0.35015869140625,Tomato_Late_blight
C:\Users\jagan\OneDrive\Documents\TRON\Dataset\PlantVillage\Tomato_Late_blight\050ddb3f-1eb7-4905-8fa3-fc537dc50b7a___GHLB2 Leaf 9042.JPG,0.0,0.0,0.234222412109375,0.0,0.0,0.2347564697265625,0.0,0.0,0.23602294921875,0.0,0.0,0.2381591796875,0.0,0.0,0.239898681640625,Tomato_Late_blight
C:\Users\jagan\OneDrive\Documents\TRON\Dataset\PlantVillage\Tomato_Late_blight\0524e8c4-56d9-41e2-b22d-33f22950ff93___RS_Late.B 5320.JPG,0.0,0.0,0.699066162109375,0.0,0.0,0.701141357421875,0.0,0.0,0.7111663818359375,0.0,0.0,0.724029541015625,0.0,0.0,0.74566650390625,Tomato_Late_blight
C:\Users\jagan\OneDrive\Documents\TRON\Dataset\PlantVillage\Tomato_Late_blight\052ec825-37a3-4467-a5ea-2e0601c29fbd___RS_Late.B 6786.JPG,0.0018768310546875,112.5609130859375,0.6997528076171875,0.0021820068359375,150.85752868652344,0.701446533203125,0.0003509521484375,138.1512451171875,0.7115020751953125,0.0003509521484375,138.1512451171875,0.7184295654296875,0.0003509521484375,138.1512451171875,0.723968505859375,Tomato_Late_blight
C:\Users\jagan\OneDrive\Documents\TRON\Dataset\PlantVillage\Tomato_Late_blight\0566e4e3-675b-4289-9e36-ad199448975b___GHLB2 Leaf 161.2.JPG,0.019866943359375,62.45589828491211,0.481414794921875,0.019744873046875,59.66663360595703,0.4826507568359375,0.019378662109375,58.624046325683594,0.486541748046875,0.0192108154296875,58.62712097167969,0.4897918701171875,0.0191192626953125,58.781280517578125,0.49212646484375,Tomato_Late_blight
C:\Users\jagan\OneDrive\Documents\TRON\Dataset\PlantVillage\Tomato_Late_blight\05b90bad-941f-499f-a2f6-a88e54c1da85___GHLB2 Leaf 155.2.JPG,0.0493621826171875,685.5089111328125,0.2722015380859375,0.0493621826171875,685.5089111328125,0.2725372314453125,0.0493621826171875,685.5089111328125,0.2737579345703125,0.0493621826171875,685.5089111328125,0.275238037109375,0.0493621826171875,685.5089111328125,0.2760467529296875,Tomato_Late_blight
C:\Users\jagan\OneDrive\Documents\TRON\Dataset\PlantVillage\Tomato_Late_blight\06412832-90d3-4713-9e82-f2cca52dadc8___GHLB2 Leaf 8734.JPG,0.012939453125,194.785888671875,0.1248321533203125,0.012939453125,194.785888671875,0.1249542236328125,0.012939453125,194.785888671875,0.1256103515625,0.012939453125,194.785888671875,0.1263885498046875,0.012939453125,194.785888671875,0.1270294189453125,Tomato_Late_blight
C:\Users\jagan\OneDrive\Documents\TRON\Dataset\PlantVillage\Tomato_Late_blight\06471eca-3cac-4cc9-afc3-1841af0ba672___GHLB2 Leaf 8893.JPG,0.0005340576171875,56.75917434692383,0.244659423828125,0.0005340576171875,56.75917434692383,0.245819091796875,0.0,0.0,0.254730224609375,0.0,0.0,0.2597808837890625,0.0,0.0,0.266876220703125,Tomato_Late_blight
C:\Users\jagan\OneDrive\Documents\TRON\Dataset\PlantVillage\Tomato_Late_blight\06913075-dad1-4047-b5a2-74fe680efa3b___RS_Late.B 6048.JPG,0.0830535888671875,279.2943115234375,0.3756256103515625,0.079071044921875,268.93499755859375,0.37628173828125,0.079071044921875,268.93499755859375,0.3776702880859375,0.0464630126953125,225.14627075195312,0.38885498046875,0.0458221435546875,224.67372131347656,0.3909149169921875,Tomato_Late_blight
C:\Users\jagan\OneDrive\Documents\TRON\Dataset\PlantVillage\Tomato_Leaf_Mold\00694db7-3327-45e0-b4da-a8bb7ab6a4b7___Crnl_L.Mold 6923.JPG,0.0,0.0,0.24017333984375,0.0,0.0,0.24041748046875,0.0,0.0,0.240875244140625,0.0,0.0,0.2413177490234375,0.0,0.0,0.2490386962890625,Tomato_Leaf_Mold
C:\Users\jagan\OneDrive\Documents\TRON\Dataset\PlantVillage\Tomato_Leaf_Mold\02415b3d-2ba8-4654-8398-a480ad901bbf___Crnl_L.Mold 8645.JPG,0.0025634765625,797.4783935546875,0.4413604736328125,0.0025634765625,797.4783935546875,0.442718505859375,0.0024261474609375,778.2530517578125,0.445343017578125,0.0024261474609375,764.82666015625,0.4532470703125,0.0001678466796875,7579.15771484375,0.465789794921875,Tomato_Leaf_Mold
C:\Users\jagan\OneDrive\Documents\TRON\Dataset\PlantVillage\Tomato_Leaf_Mold\030ea180-4eb5-4f91-918e-56c7cfe2c001___Crnl_L.Mold 7076.JPG,0.0,0.0,0.3227996826171875,0.0,0.0,0.3229522705078125,0.0,0.0,0.3235321044921875,0.0,0.0,0.32513427734375,0.0,0.0,0.32891845703125,Tomato_Leaf_Mold
C:\Users\jagan\OneDrive\Documents\TRON\Dataset\PlantVillage\Tomato_Leaf_Mold\036d12b0-1e97-4975-bd80-a8a3c48588e7___Crnl_L.Mold 6500.JPG,0.0,0.0,0.4480133056640625,0.0,0.0,0.4481353759765625,0.0,0.0,0.448394775390625,0.0,0.0,0.45672607421875,0.0,0.0,0.4594268798828125,Tomato_Leaf_Mold
C:\Users\jagan\OneDrive\Documents\TRON\Dataset\PlantVillage\Tomato_Leaf_Mold\03c6374e-c292-440e-b2e3-a70c5e64562a___Crnl_L.Mold 8935.JPG,0.0020599365234375,94.3257064819336,0.4486541748046875,0.002044677734375,94.98686218261719,0.4498443603515625,0.0016632080078125,110.88375854492188,0.4533538818359375,0.0014495849609375,51.637237548828125,0.457061767578125,0.00103759765625,253.9593505859375,0.4721221923828125,Tomato_Leaf_Mold
C:\Users\jagan\OneDrive\Documents\TRON\Dataset\PlantVillage\Tomato_Leaf_Mold\041f3e00-0236-4d32-897f-8d13f3a9aa1f___Crnl_L.Mold 9135.JPG,0.0010528564453125,66.52090454101562,0.4208526611328125,0.0010528564453125,66.52090454101562,0.421173095703125,0.0010528564453125,66.52090454101562,0.4223785400390625,0.0006561279296875,90.41319274902344,0.4283905029296875,0.0006561279296875,90.41319274902344,0.435150146484375,Tomato_Leaf_Mold
C:\Users\jagan\OneDrive\Documents\TRON\Dataset\PlantVillage\Tomato_Leaf_Mold\0425e1f8-950e-4f8f-a8cc-66809d61ef54___Crnl_L.Mold 6783.JPG,0.000335693359375,11028.6865234375,0.369140625,0.000335693359375,11028.6865234375,0.369873046875,0.000335693359375,11028.6865234375,0.3728179931640625,0.000335693359375,11028.6865234375,0.37603759765625,0.0,0.0,0.378875732421875,Tomato_Leaf_Mold
C:\Users\jagan\OneDrive\Documents\TRON\Dataset\PlantVillage\Tomato_Leaf_Mold\0462054e-f0aa-41a7-a9cc-95d0784b9767___Crnl_L.Mold 6547.JPG,0.001495361328125,6555.16650390625,0.3949737548828125,0.001495361328125,6555.16650390625,0.3961029052734375,0.001495361328125,6555.16650390625,0.39837646484375,0.001495361328125,6555.16650390625,0.4006500244140625,0.001495361328125,6555.16650390625,0.403106689453125,Tomato_Leaf_Mold
C:\Users\jagan\OneDrive\Documents\TRON\Dataset\PlantVillage\Tomato_Leaf_Mold\05138150-866c-460e-a252-19d269a81d4d___Crnl_L.Mold 6745.JPG,0.0,0.0,0.33343505859375,0.0,0.0,0.33380126953125,0.0,0.0,0.3387603759765625,0.0,0.0,0.34210205078125,0.0,0.0,0.346649169921875,Tomato_Leaf_Mold
C:\Users\jagan\OneDrive\Documents\TRON\Dataset\PlantVillage\Tomato_Leaf_Mold\05205449-e0d0-4d2f-a2fb-6f1fc0e2e9c5___Crnl_L.Mold 8717.JPG,0.0,0.0,0.5214691162109375,0.0,0.0,0.5222320556640625,0.0,0.0,0.52618408203125,0.0,0.0,0.535797119140625,0.000335693359375,919.8781127929688,0.5490570068359375,Tomato_Leaf_Mold
C:\Users\jagan\OneDrive\Documents\TRON\Dataset\PlantVillage\Tomato_Leaf_Mold\0595201b-049b-47ff-9e56-7e042932c0fe___Crnl_L.Mold 9179.JPG,0.0166168212890625,1273.2392578125,0.571044921875,0.018280029296875,1275.1727294921875,0.5723724365234375,0.0180511474609375,1262.1978759765625,0.5756683349609375,0.0209503173828125,1203.9378662109375,0.5796356201171875,0.0177001953125,1271.3809814453125,0.5892333984375,Tomato_Leaf_Mold
C:\Users\jagan\OneDrive\Documents\TRON\Dataset\PlantVillage\Tomato_Leaf_Mold\05bbff69-adad-4e16-8fad-c265be82e25a___Crnl_L.Mold 6929.JPG,0.0007476806640625,187.1295166015625,0.3590545654296875,0.000732421875,184.7482452392578,0.3594818115234375,0.0007171630859375,186.7007598876953,0.36029052734375,0.0007171630859375,186.7007598876953,0.363555908203125,0.00042724609375,197.4528045654297,0.3727874755859375,Tomato_Leaf_Mold
C:\Users\jagan\OneDrive\Documents\TRON\Dataset\PlantVillage\Tomato_Leaf_Mold\062842d6-a49e-4aec-94fb-d6868db0e53d___Crnl_L.Mold 8805.JPG,0.0001678466796875,34646.9921875,0.3837738037109375,0.0001678466796875,34646.9921875,0.3853607177734375,0.0001678466796875,34646.9921875,0.3876953125,0.0001678466796875,34646.9921875,0.394500732421875,0.0001678466796875,34646.9921875,0.4173736572265625,Tomato_Leaf_Mold
C:\Users\jagan\OneDrive\Documents\TRON\Dataset\PlantVillage\Tomato_Leaf_Mold\0741bcde-474a-4b81-b6d5-217ab4f7d0e9___Crnl_L.Mold 6660.JPG,0.0,0.0,0.5479736328125,0.0,0.0,0.549163818359375,0.0,0.0,0.5514984130859375,0.0,0.0,0.5563812255859375,0.0,0.0,0.5647125244140625,Tomato_Leaf_Mold
C:\Users\jagan\OneDrive\Documents\TRON\Dataset\PlantVillage\Tomato_Leaf_Mold\077218cb-00b9-4bdf-b091-108a42c7a601___Crnl_L.Mold 7118.JPG,0.0028076171875,312.3051452636719,0.3174591064453125,0.0028076171875,312.3051452636719,0.3177642822265625,0.002655029296875,315.3180236816406,0.318878173828125,0.0026092529296875,316.7964172363281,0.3195953369140625,0.0013275146484375,460.5845031738281,0.330108642578125,Tomato_Leaf_Mold
C:\Users\jagan\OneDrive\Documents\TRON\Dataset\PlantVillage\Tomato_Leaf_Mold\080ae890-cc9c-487e-94a2-f3bcc7decb32___Crnl_L.Mold 7043.JPG,0.0,0.0,0.33013916015625,0.0,0.0,0.33062744140625,0.0,0.0,0.3322906494140625,0.0,0.0,0.3341522216796875,0.0,0.0,0.3375701904296875,Tomato_Leaf_Mold
C:\Users\jagan\OneDrive\Documents\TRON\Dataset\PlantVillage\Tomato_Leaf_Mold\0857ce1f-5347-493a-acd9-77b698950b45___Crnl_L.Mold 6748.JPG,0.0,0.0,0.4152679443359375,0.0,0.0,0.415924072265625,0.0,0.0,0.4194793701171875,0.0,0.0,0.4229278564453125,0.0,0.0,0.4268798828125,Tomato_Leaf_Mold
C:\Users\jagan\OneDrive\Documents\TRON\Dataset\PlantVillage\Tomato_Leaf_Mold\091238ce-b84c-4629-a8b2-ba78254bd2e0___Crnl_L.Mold 8788.JPG,0.0044097900390625,135.3343963623047,0.466583251953125,0.0044097900390625,135.3343963623047,0.4681396484375,0.0044097900390625,135.3343963623047,0.4713897705078125,0.0038604736328125,142.0674591064453,0.48052978515625,0.0038604736328125,142.0674591064453,0.494842529296875,Tomato_Leaf_Mold
C:\Users\jagan\OneDrive\Documents\TRON\Dataset\PlantVillage\Tomato_Leaf_Mold\092442ed-3ad2-4195-8cd5-cc2ba74469e1___Crnl_L.Mold 6578.JPG,0.0,0.0,0.2930755615234375,0.0,0.0,0.2932891845703125,0.0,0.0,0.2942047119140625,0.0,0.0,0.29534912109375,0.0,0.0,0.296356201171875,Tomato_Leaf_Mold
C:\Users\jagan\OneDrive\Documents\TRON\Dataset\PlantVillage\Tomato_Leaf_Mold\097b050a-eaa4-4e4a-a30a-b72d1a4c0cc4___Crnl_L.Mold 8682.JPG,0.000396728515625,52.23667907714844,0.465179443359375,0.000396728515625,52.23667907714844,0.4655303955078125,0.000396728515625,52.23667907714844,0.4664459228515625,0.000396728515625,52.23667907714844,0.4696807861328125,0.000396728515625,52.23667907714844,0.4734344482421875,Tomato_Leaf_Mold
C:\Users\jagan\OneDrive\Documents\TRON\Dataset\PlantVillage\Tomato_Leaf_Mold\09e0ad88-2008-4558-b870-8d06b82a7203___Crnl_L.Mold 6756.JPG,0.0,0.0,0.5778961181640625,0.0,0.0,0.57843017578125,0.0,0.0,0.583740234375,0.0,0.0,0.5888824462890625,0.0,0.0,0.5942840576171875,Tomato_Leaf_Mold
C:\Users\jagan\OneDrive\Documents\TRON\Dataset\PlantVillage\Tomato_Leaf_Mold\0a9b3ff4-5343-4814-ac2c-fdb3613d4e4d___Crnl_L.Mold 6559.JPG,0.0,0.0,0.5200653076171875,0.0,0.0,0.5202789306640625,0.0,0.0,0.5209808349609375,0.0,0.0,0.521820068359375,0.0,0.0,0.5223846435546875,Tomato_Leaf_Mold
C:\Users\jagan\OneDrive\Documents\TRON\Dataset\PlantVillage\Tomato_Leaf_Mold\0ac36661-a47d-47ff-8948-42edec033b87___Crnl_L.Mold 9127.JPG,0.0012054443359375,249.43954467773438,0.393707275390625,0.0012054443359375,249.43954467773438,0.3948211669921875,0.0012054443359375,249.43954467773438,0.3983001708984375,0.0011444091796875,246.39892578125,0.4022979736328125,0.00091552734375,272.5099792480469,0.406158447265625,Tomato_Leaf_Mold
C:\Users\jagan\OneDrive\Documents\TRON\Dataset\PlantVillage\Tomato_Leaf_Mold\0adab1d4-5696-4cd8-8453-3931b70e856d___Crnl_L.Mold 8689.JPG,0.02789306640625,167.227294921875,0.5040435791015625,0.02789306640625,167.227294921875,0.504913330078125,0.0420989990234375,188.19174194335938,0.51690673828125,0.0453948974609375,188.41860961914062,0.529144287109375,0.069183349609375,204.643798828125,0.553558349609375,Tomato_Leaf_Mold
C:\Users\jagan\OneDrive\Documents\TRON\Dataset\PlantVillage\Tomato_Leaf_Mold\0ae36892-5cb1-476e-8a51-b7fd8183a535___Crnl_L.Mold 6728.JPG,0.0,0.0,0.3918304443359375,0.0,0.0,0.3923187255859375,0.0,0.0,0.39373779296875,0.0,0.0,0.396759033203125,0.0,0.0,0.3991241455078125,Tomato_Leaf_Mold
C:\Users\jagan\OneDrive\Documents\TRON\Dataset\PlantVillage\Tomato_Leaf_Mold\0b3d5bf2-607f-4f95-bdcd-3542b8bd3244___Crnl_L.Mold 6654.JPG,0.0,0.0,0.471923828125,0.0,0.0,0.4735565185546875,0.0,0.0,0.4768218994140625,0.0,0.0,0.4852447509765625,0.0,0.0,0.502593994140625,Tomato_Leaf_Mold
C:\Users\jagan\OneDrive\Documents\TRON\Dataset\PlantVillage\Tomato_Leaf_Mold\0b943ada-01a9-4ce0-a607-e799394856de___Crnl_L.Mold 7008.JPG,0.0018157958984375,2572.334716796875,0.212799072265625,0.0018157958984375,2572.334716796875,0.2130889892578125,0.0018157958984375,2572.334716796875,0.214080810546875,0.0018157958984375,2572.334716796875,0.215118408203125,0.0018157958984375,2572.334716796875,0.216522216796875,Tomato_Leaf_Mold
C:\Users\jagan\OneDrive\Documents\TRON\Dataset\PlantVillage\Tomato_Leaf_Mold\0ba88812-fa4f-4602-bcec-c03cd7d0ba2b___Crnl_L.Mold 6990.JPG,0.0,0.0,0.3498382568359375,0.0,0.0,0.3503570556640625,0.0,0.0,0.3531494140625,0.0,0.0,0.3555755615234375,0.0,0.0,0.3617706298828125,Tomato_Leaf_Mold
C:\Users\jagan\OneDrive\Documents\TRON\Dataset\PlantVillage\Tomato_Leaf_Mold\0bae0514-799a-479f-a407-ad763f458916___Crnl_L.Mold 8989.JPG,0.019256591796875,141.71275329589844,0.5796966552734375,0.01556396484375,187.23135375976562,0.580841064453125,0.0154266357421875,192.99002075195312,0.587310791015625,0.013153076171875,188.55953979492188,0.602935791015625,0.013702392578125,204.26119995117188,0.6068878173828125,Tomato_Leaf_Mold
C:\Users\jagan\OneDrive\Documents\TRON\Dataset\PlantVillage\Tomato_Leaf_Mold\0bb34c9b-ecf7-4fb1-8ee1-098bccdcdaae___Crnl_L.Mold 6522.JPG,0.0,0.0,0.479156494140625,0.0,0.0,0.4800262451171875,0.0,0.0,0.48577880859375,0.0,0.0,0.494140625,0.0,0.0,0.5045318603515625,Tomato_Leaf_Mold
C:\Users\jagan\OneDrive\Documents\TRON\Dataset\PlantVillage\Tomato_Leaf_Mold\0bc8fe4f-f614-43ce-bb2f-e3c0ef79f148___Crnl_L.Mold 8907.JPG,0.0286712646484375,133.1653289794922,0.444610595703125,0.0285797119140625,132.09286499023438,0.445343017578125,0.02850341796875,128.57835388183594,0.448028564453125,0.028289794921875,127.3865737915039,0.4517364501953125,0.026885986328125,120.21382141113281,0.4595184326171875,Tomato_Leaf_Mold
C:\Users\jagan\OneDrive\Documents\TRON\Dataset\PlantVillage\Tomato_Leaf_Mold\0c0debed-e807-4236-a2e3-d9b72f54367f___Crnl_L.Mold 6899.JPG,0.0,0.0,0.3506622314453125,0.0,0.0,0.3508453369140625,0.0,0.0,0.35162353515625,0.0,0.0,0.352264404296875,0.0,0.0,0.3564453125,Tomato_Leaf_Mold
C:\Users\jagan\OneDrive\Documents\TRON\Dataset\PlantVillage\Tomato_Leaf_Mold\0ced0bae-d224-43f5-8fd7-072c7cbd8f77___Crnl_L.Mold 9161.JPG,0.0542449951171875,803.470703125,0.512603759765625,0.0530242919921875,818.8778686523438,0.5145721435546875,0.0523223876953125,868.9232177734375,0.51849365234375,0.052764892578125,883.7058715820312,0.525177001953125,0.051605224609375,871.8276977539062,0.5311737060546875,Tomato_Leaf_Mold
C:\Users\jagan\OneDrive\Documents\TRON\Dataset\PlantVillage\Tomato_Leaf_Mold\0db4cbf4-fa94-42c8-8bf5-90114281c569___Crnl_L.Mold 8681.JPG,0.00152587890625,72.97000122070312,0.485137939453125,0.00152587890625,72.97000122070312,0.486602783203125,0.0012054443359375,52.880313873291016,0.4899749755859375,0.000335693359375,45.208675384521484,0.498779296875,0.000335693359375,45.208675384521484,0.5024871826171875,Tomato_Leaf_Mold
C:\Users\jagan\OneDrive\Documents\TRON\Dataset\PlantVillage\Tomato_Leaf_Mold\0de02a32-f166-4d67-bbb8-689e96d04c44___Crnl_L.Mold 8811.JPG,0.0028839111328125,258.57080078125,0.4747314453125,0.0028839111328125,258.57080078125,0.4760589599609375,0.0028839111328125,258.57080078125,0.4794769287109375,0.0031280517578125,276.7199401855469,0.487335205078125,0.0028839111328125,258.57080078125,0.496551513671875,Tomato_Leaf_Mold
C:\Users\jagan\OneDrive\Documents\TRON\Dataset\PlantVillage\Tomato_Leaf_Mold\0e508a3f-af06-4c8a-be78-5c38d2d4fb68___Crnl_L.Mold 6775.JPG,0.0,0.0,0.41387939453125,0.0,0.0,0.41455078125,0.0,0.0,0.41619873046875,0.0,0.0,0.4178009033203125,0.0,0.0,0.421142578125,Tomato_Leaf_Mold
C:\Users\jagan\OneDrive\Documents\TRON\Dataset\PlantVillage\Tomato_Leaf_Mold\0e5b669e-8534-45ab-a3c0-63134e685069___Crnl_L.Mold 7144.JPG,0.0,0.0,0.295196533203125,0.0,0.0,0.2996826171875,0.0,0.0,0.3014678955078125,0.0,0.0,0.3027191162109375,0.0,0.0,0.3040771484375,Tomato_Leaf_Mold
C:\Users\jagan\OneDrive\Documents\TRON\Dataset\PlantVillage\Tomato_Leaf_Mold\0ed11606-167f-4951-9a07-ffaa7e2aa88a___Crnl_L.Mold 6831.JPG,0.0,0.0,0.34368896484375,0.0,0.0,0.3438873291015625,0.0,0.0,0.344635009765625,0.0,0.0,0.345672607421875,0.0,0.0,0.34844970703125,Tomato_Leaf_Mold
C:\Users\jagan\OneDrive\Documents\TRON\Dataset\PlantVillage\Tomato_Leaf_Mold\0eda4dc5-7f7b-4e27-9e53-1e0326eef88e___Crnl_L.Mold 8850.JPG,0.0,0.0,0.5107421875,0.0,0.0,0.5112457275390625,0.0,0.0,0.51385498046875,0.0,0.0,0.5189666748046875,0.0,0.0,0.523040771484375,Tomato_Leaf_Mold
C:\Users\jagan\OneDrive\Documents\TRON\Dataset\PlantVillage\Tomato_Leaf_Mold\0ee63bfa-d01f-4adb-b954-924f271a4d4f___Crnl_L.Mold 9022.JPG,0.052825927734375,36.655738830566406,0.445831298828125,0.0526275634765625,36.78363800048828,0.4468536376953125,0.0254974365234375,29.43379783630371,0.4547271728515625,0.0207672119140625,28.439693450927734,0.46337890625,0.008056640625,24.34457778930664,0.471282958984375,Tomato_Leaf_Mold
C:\Users\jagan\OneDrive\Documents\TRON\Dataset\PlantVillage\Tomato_Septoria_leaf_spot\0025c401-7785-49c5-8bef-780a8a0d3652___Matt.S_CG 2694.JPG,0.0110626220703125,12093.0732421875,0.6560516357421875,0.011016845703125,12108.05859375,0.656951904296875,0.0108795166015625,12114.7744140625,0.660430908203125,0.009857177734375,12634.3349609375,0.681976318359375,0.008575439453125,13325.376953125,0.700408935546875,Tomato_Septoria_leaf_spot
C:\Users\jagan\OneDrive\Documents\TRON\Dataset\PlantVillage\Tomato_Septoria_leaf_spot\009bb542-f0c0-40f2-98a7-f547c5adec45___Matt.S_CG 1355.JPG,0.0,0.0,0.4653167724609375,0.0,0.0,0.466217041015625,0.0,0.0,0.47015380859375,0.0,0.0,0.481842041015625,0.0,0.0,0.48779296875,Tomato_Septoria_leaf_spot
C:\Users\jagan\OneDrive\Documents\TRON\Dataset\PlantVillage\Tomato_Septoria_leaf_spot\009ce7ca-77de-4e4e-9f59-bec9162df779___Matt.S_CG 7403.JPG,0.0,0.0,0.6566009521484375,0.0,0.0,0.658935546875,0.0,0.0,0.6681671142578125,0.0,0.0,0.6736907958984375,0.0,0.0,0.6782684326171875,Tomato_Septoria_leaf_spot
C:\Users\jagan\OneDrive\Documents\TRON\Dataset\PlantVillage\Tomato_Septoria_leaf_spot\00f16858-f392-4d9e-ad9f-efab8049a13f___JR_Sept.L.S 8368.JPG,0.0014190673828125,9838.7099609375,0.463104248046875,0.0013275146484375,9402.9609375,0.4638214111328125,0.001068115234375,10272.43359375,0.4658355712890625,0.000701904296875,11677.1376953125,0.46905517578125,0.0,0.0,0.472625732421875,Tomato_Septoria_leaf_spot
C:\Users\jagan\OneDrive\Documents\TRON\Dataset\PlantVillage\Tomato_Septoria_leaf_spot\015c2613-fb1c-4f31-88f1-c7e5be9ddc97___JR_Sept.L.S 8431.JPG,0.0,0.0,0.3802032470703125,0.0,0.0,0.3808135986328125,0.0,0.0,0.384490966796875,0.0,0.0,0.390411376953125,0.0,0.0,0.3979339599609375,Tomato_Septoria_leaf_spot
C:\Users\jagan\OneDrive\Documents\TRON\Dataset\PlantVillage\Tomato_Septoria_leaf_spot\0176f68f-a3d8-473b-9bea-c075a5507b34___JR_Sept.L.S 2504.JPG,0.004486083984375,145.1981964111328,0.35400390625,0.004486083984375,145.1981964111328,0.3545379638671875,0.004486083984375,145.1981964111328,0.3563385009765625,0.004486083984375,145.1981964111328,0.3578948974609375,0.004486083984375,145.1981964111328,0.358612060546875,Tomato_Septoria_leaf_spot
C:\Users\jagan\OneDrive\Documents\TRON\Dataset\PlantVillage\Tomato_Septoria_leaf_spot\01f54ad9-9c03-4ffd-86f4-829fc2939120___Matt.S_CG 0702.JPG,0.0079803466796875,1167.7420654296875,0.298248291015625,0.0079803466796875,1167.7420654296875,0.298492431640625,0.007781982421875,1179.2056884765625,0.300262451171875,0.007781982421875,1179.2056884765625,0.30169677734375,0.0076904296875,1174.640869140625,0.3035736083984375,Tomato_Septoria_leaf_spot
C:\Users\jagan\OneDrive\Documents\TRON\Dataset\PlantVillage\Tomato_Septoria_leaf_spot\021f9747-f308-4694-859b-10f541a0e63c___JR_Sept.L.S 2506.JPG,0.0,0.0,0.534423828125,0.0,0.0,0.5358734130859375,0.0,0.0,0.5403900146484375,0.0,0.0,0.5481109619140625,0.0,0.0,0.5611572265625,Tomato_Septoria_leaf_spot
C:\Users\jagan\OneDrive\Documents\TRON\Dataset\PlantVillage\Tomato_Septoria_leaf_spot\0286577f-36c8-4b0d-bbf5-404993cd089d___Matt.S_CG 1422.JPG,0.0,0.0,0.4769744873046875,0.0,0.0,0.477508544921875,0.0,0.0,0.4825897216796875,0.0,0.0,0.4878692626953125,0.0,0.0,0.49676513671875,Tomato_Septoria_leaf_spot
C:\Users\jagan\OneDrive\Documents\TRON\Dataset\PlantVillage\Tomato_Septoria_leaf_spot\029c0186-56f1-41de-bb6b-3743bdfb10ee___JR_Sept.L.S 8562.JPG,0.0008697509765625,16331.5693359375,0.41265869140625,0.000823974609375,16697.46875,0.41363525390625,0.0,0.0,0.415924072265625,0.0,0.0,0.4258880615234375,0.0,0.0,0.44012451171875,Tomato_Septoria_leaf_spot
C:\Users\jagan\OneDrive\Documents\TRON\Dataset\PlantVillage\Tomato_Septoria_leaf_spot\02ab6821-757a-401b-ac04-919fdceee1f0___Matt.S_CG 1653.JPG,0.0080108642578125,12958.6357421875,0.4575958251953125,0.0073089599609375,13331.87890625,0.4597625732421875,0.006622314453125,13761.5537109375,0.470794677734375,0.0057830810546875,13315.2119140625,0.482269287109375,0.0052490234375,13215.509765625,0.493316650390625,Tomato_Septoria_leaf_spot
C:\Users\jagan\OneDrive\Documents\TRON\Dataset\PlantVillage\Tomato_Septoria_leaf_spot\02d2c484-8bdb-4ef2-8d07-0bdb3ac330cc___Matt.S_CG 0975.JPG,0.0087738037109375,114.1595687866211,0.583648681640625,0.0086517333984375,113.55039978027344,0.5840606689453125,0.0084228515625,111.0135269165039,0.5858306884765625,0.006744384765625,691.850341796875,0.595062255859375,0.0055389404296875,87.72743225097656,0.6043853759765625,Tomato_Septoria_leaf_spot
C:\Users\jagan\OneDrive\Documents\TRON\Dataset\PlantVillage\Tomato_Septoria_leaf_spot\037d8289-4297-4462-95aa-3cecf4cf5a62___Matt.S_CG 7764.JPG,0.0,0.0,0.60614013671875,0.0,0.0,0.60833740234375,0.0,0.0,0.613800048828125,0.0,0.0,0.62640380859375,0.0,0.0,0.6375274658203125,Tomato_Septoria_leaf_spot
C:\Users\jagan\OneDrive\Documents\TRON\Dataset\PlantVillage\Tomato_Septoria_leaf_spot\03b3e88f-63ad-49e1-88c2-b8bfffd6aaf6___Matt.S_CG 1226.JPG,0.035614013671875,1007.9110717773438,0.4495849609375,0.03521728515625,1010.9510498046875,0.451446533203125,0.0467376708984375,1046.75634765625,0.45556640625,0.0452880859375,1069.9466552734375,0.4592132568359375,0.04046630859375,1075.6343994140625,0.46624755859375,Tomato_Septoria_leaf_spot
C:\Users\jagan\OneDrive\Documents\TRON\Dataset\PlantVillage\Tomato_Septoria_leaf_spot\041684a2-1a2c-430f-ab09-b17293f015bc___JR_Sept.L.S 8400.JPG,0.0,0.0,0.532501220703125,0.0,0.0,0.533721923828125,0.0,0.0,0.54058837890625,0.0,0.0,0.5482025146484375,0.0,0.0,0.555328369140625,Tomato_Septoria_leaf_spot
C:\Users\jagan\OneDrive\Documents\TRON\Dataset\PlantVillage\Tomato_Septoria_leaf_spot\04c912dc-3e26-43ff-a6e3-69de49a6e529___JR_Sept.L.S 8519.JPG,0.0,0.0,0.463043212890625,0.0,0.0,0.4636993408203125,0.0,0.0,0.46588134765625,0.0,0.0,0.467498779296875,0.0,0.0,0.47705078125,Tomato_Septoria_leaf_spot
C:\Users\jagan\OneDrive\Documents\TRON\Dataset\PlantVillage\Tomato_Septoria_leaf_spot\06225525-413e-411b-a503-85e8dc6050a8___JR_Sept.L.S 8351.JPG,0.0,0.0,0.3408050537109375,0.0,0.0,0.3411712646484375,0.0,0.0,0.3418426513671875,0.0,0.0,0.3426666259765625,0.0,0.0,0.344696044921875,Tomato_Septoria_leaf_spot
C:\Users\jagan\OneDrive\Documents\TRON\Dataset\PlantVillage\Tomato_Septoria_leaf_spot\0650f176-add9-444e-893e-707969054a43___JR_Sept.L.S 2722.JPG,0.002227783203125,3663.072021484375,0.281005859375,0.0020294189453125,3823.760009765625,0.281494140625,0.001251220703125,4744.92333984375,0.2832183837890625,0.00115966796875,3044.798583984375,0.285247802734375,0.00115966796875,3044.798583984375,0.2884979248046875,Tomato_Septoria_leaf_spot
C:\Users\jagan\OneDrive\Documents\TRON\Dataset\PlantVillage\Tomato_Septoria_leaf_spot\066b2772-c513-403b-9550-26def3b79ec3___JR_Sept.L.S 2497.JPG,0.0,0.0,0.5302734375,0.0,0.0,0.5323333740234375,0.0,0.0,0.5395965576171875,0.0,0.0,0.54876708984375,0.0,0.0,0.5535430908203125,Tomato_Septoria_leaf_spot
C:\Users\jagan\OneDrive\Documents\TRON\Dataset\PlantVillage\Tomato_Septoria_leaf_spot\06778fed-2b98-49b1-a9d3-d57765586a3f___Matt.S_CG 2795.JPG,0.0,0.0,0.6104736328125,0.0,0.0,0.611572265625,0.0,0.0,0.623138427734375,0.0,0.0,0.6444091796875,0.0,0.0,0.664398193359375,Tomato_Septoria_leaf_spot
C:\Users\jagan\OneDrive\Documents\TRON\Dataset\PlantVillage\Tomato_Septoria_leaf_spot\069e7256-c9ac-4544-a89c-54a1ebf4ed23___Matt.S_CG 2434.JPG,0.0,0.0,0.5669403076171875,0.0,0.0,0.5675506591796875,0.0,0.0,0.5711822509765625,0.0,0.0,0.5832061767578125,0.0,0.0,0.59210205078125,Tomato_Septoria_leaf_spot
C:\Users\jagan\OneDrive\Documents\TRON\Dataset\PlantVillage\Tomato_Septoria_leaf_spot\0745df82-cfd3-498c-add3-1a4d20f281b2___JR_Sept.L.S 8430.JPG,0.0,0.0,0.380615234375,0.0,0.0,0.3814239501953125,0.0,0.0,0.3841094970703125,0.0,0.0,0.392822265625,0.0,0.0,0.4012451171875,Tomato_Septoria_leaf_spot
C:\Users\jagan\OneDrive\Documents\TRON\Dataset\PlantVillage\Tomato_Septoria_leaf_spot\0751ddb1-c3ee-46ee-bee1-46c24c567dc2___Matt.S_CG 6116.JPG,0.001861572265625,54.85917663574219,0.4149169921875,0.001739501953125,137.38111877441406,0.4156646728515625,0.001739501953125,137.38111877441406,0.4227142333984375,0.001739501953125,137.38111877441406,0.425506591796875,0.001739501953125,137.38111877441406,0.4320220947265625,Tomato_Septoria_leaf_spot
C:\Users\jagan\OneDrive\Documents\TRON\Dataset\PlantVillage\Tomato_Septoria_leaf_spot\07679a50-9d8d-4612-80f4-464785781d56___JR_Sept.L.S 2727.JPG,0.189605712890625,1216.4722900390625,0.20306396484375,0.189605712890625,1216.4722900390625,0.20343017578125,0.189605712890625,1216.4722900390625,0.2050323486328125,0.189605712890625,1216.4722900390625,0.2062835693359375,0.189605712890625,1216.4722900390625,0.2073974609375,Tomato_Septoria_leaf_spot
C:\Users\jagan\OneDrive\Documents\TRON\Dataset\PlantVillage\Tomato_Septoria_leaf_spot\07a4190c-b0c0-4e03-9ad5-474938c837d2___Matt.S_CG 1242.JPG,0.00244140625,785.7125244140625,0.60723876953125,0.00244140625,785.7125244140625,0.608245849609375,0.00225830078125,748.3449096679688,0.6099395751953125,0.00213623046875,764.9170532226562,0.616668701171875,0.0017852783203125,573.5767211914062,0.63330078125,Tomato_Septoria_leaf_spot
C:\Users\jagan\OneDrive\Documents\TRON\Dataset\PlantVillage\Tomato_Septoria_leaf_spot\07dd57ec-cbf0-4fc1-b680-6b3226da51e4___JR_Sept.L.S 8524.JPG,0.0,0.0,0.4087982177734375,0.0,0.0,0.409271240234375,0.0,0.0,0.4182281494140625,0.0,0.0,0.4219818115234375,0.0,0.0,0.4266357421875,Tomato_Septoria_leaf_spot
C:\Users\jagan\OneDrive\Documents\TRON\Dataset\PlantVillage\Tomato_Septoria_leaf_spot\0806cabf-f026-43bd-a508-0e8e5a185341___Matt.S_CG 1266.JPG,0.0,0.0,0.522918701171875,0.0,0.0,0.5232086181640625,0.0,0.0,0.527923583984375,0.0,0.0,0.532684326171875,0.0,0.0,0.540802001953125,Tomato_Septoria_leaf_spot
C:\Users\jagan\OneDrive\Documents\TRON\Dataset\PlantVillage\Tomato_Septoria_leaf_spot\085e05c8-68e6-45f5-aa76-4d58620c1593___Matt.S_CG 6700.JPG,0.0,0.0,0.51226806640625,0.0,0.0,0.5131072998046875,0.0,0.0,0.52056884765625,0.0,0.0,0.5295257568359375,0.0,0.0,0.540924072265625,Tomato_Septoria_leaf_spot
C:\Users\jagan\OneDrive\Documents\TRON\Dataset\PlantVillage\Tomato_Septoria_leaf_spot\092bc641-e271-4bf6-bbe7-451fd3ffc6f1___JR_Sept.L.S 8484.JPG,0.0,0.0,0.371002197265625,0.0,0.0,0.3714752197265625,0.0,0.0,0.372955322265625,0.0,0.0,0.375,0.0,0.0,0.3785400390625,Tomato_Septoria_leaf_spot
C:\Users\jagan\OneDrive\Documents\TRON\Dataset\PlantVillage\Tomato_Septoria_leaf_spot\099a68fb-a30b-48b6-99ae-908449e48950___JR_Sept.L.S 2691.JPG,0.0,0.0,0.224884033203125,0.0,0.0,0.225067138671875,0.0,0.0,0.2264251708984375,0.0,0.0,0.22784423828125,0.0,0.0,0.22918701171875,Tomato_Septoria_leaf_spot
C:\Users\jagan\OneDrive\Documents\TRON\Dataset\PlantVillage\Tomato_Septoria_leaf_spot\0a146952-538a-41e5-a422-b5d50e91771e___Matt.S_CG 6079.JPG,0.0089569091796875,1918.161376953125,0.51177978515625,0.0089111328125,1911.942626953125,0.51202392578125,0.0088043212890625,1881.8671875,0.5126190185546875,0.00518798828125,2238.1650390625,0.5209503173828125,0.0081024169921875,1908.95654296875,0.5329437255859375,Tomato_Septoria_leaf_spot
C:\Users\jagan\OneDrive\Documents\TRON\Dataset\PlantVillage\Tomato_Septoria_leaf_spot\0a25f893-1b5f-4845-baa1-f68ac03d96ac___Matt.S_CG 7863.JPG,0.0,0.0,0.56243896484375,0.0,0.0,0.563201904296875,0.0,0.0,0.569793701171875,0.0,0.0,0.574249267578125,0.0,0.0,0.5810546875,Tomato_Septoria_leaf_spot
C:\Users\jagan\OneDrive\Documents\TRON\Dataset\PlantVillage\Tomato_Septoria_leaf_spot\0a68a294-30d1-4422-ab7e-a1909ec277f7___JR_Sept.L.S 8443.JPG,0.0,0.0,0.3564910888671875,0.0,0.0,0.3567657470703125,0.0,0.0,0.3582916259765625,0.0,0.0,0.3629150390625,0.0,0.0,0.36798095703125,Tomato_Septoria_leaf_spot
C:\Users\jagan\OneDrive\Documents\TRON\Dataset\PlantVillage\Tomato_Septoria_leaf_spot\0a70601b-8511-4a56-9562-c95c46372874___Matt.S_CG 1032.JPG,0.01007080078125,1323.717041015625,0.48565673828125,0.0099945068359375,1329.3057861328125,0.4864501953125,0.0099029541015625,1338.669677734375,0.4913330078125,0.0098114013671875,1343.283935546875,0.5010833740234375,0.00970458984375,1353.9061279296875,0.50634765625,Tomato_Septoria_leaf_spot
C:\Users\jagan\OneDrive\Documents\TRON\Dataset\PlantVillage\Tomato_Septoria_leaf_spot\0a76257e-6a78-459b-8f51-a266805121eb___Matt.S_CG 2527.JPG,0.0,0.0,0.629669189453125,0.0,0.0,0.63079833984375,0.0,0.0,0.6441497802734375,0.0,0.0,0.6598052978515625,0.0,0.0,0.681396484375,Tomato_Septoria_leaf_spot
C:\Users\jagan\OneDrive\Documents\TRON\Dataset\PlantVillage\Tomato_Septoria_leaf_spot\0a95b5b7-7bfb-4201-9320-dae33498081a___JR_Sept.L.S 2482.JPG,0.01263427734375,441.0871887207031,0.4134674072265625,0.01263427734375,441.0871887207031,0.414398193359375,0.01263427734375,441.0871887207031,0.4205322265625,0.0129852294921875,40.9090690612793,0.4350128173828125,0.015777587890625,39.42079544067383,0.439361572265625,Tomato_Septoria_leaf_spot
C:\Users\jagan\OneDrive\Documents\TRON\Dataset\PlantVillage\Tomato_Septoria_leaf_spot\0b23b869-cfa6-40d7-a683-f4637d91ebff___Matt.S_CG 1286.JPG,0.0,0.0,0.63580322265625,0.0,0.0,0.63787841796875,0.0,0.0,0.6482086181640625,0.0,0.0,0.658660888671875,0.0,0.0,0.6680908203125,Tomato_Septoria_leaf_spot
C:\Users\jagan\OneDrive\Documents\TRON\Dataset\PlantVillage\Tomato_Septoria_leaf_spot\0b36c5a2-6c9f-40d9-af4b-d4b0e66997da___Matt.S_CG 6653.JPG,0.0,0.0,0.517486572265625,0.0,0.0,0.519500732421875,0.0,0.0,0.525634765625,0.0,0.0,0.535125732421875,0.0,0.0,0.5400238037109375,Tomato_Septoria_leaf_spot
C:\Users\jagan\OneDrive\Documents\TRON\Dataset\PlantVillage\Tomato_Septoria_leaf_spot\0b4886e5-a065-44c1-aa19-bd166922d3de___JR_Sept.L.S 8498.JPG,0.0039215087890625,1711.9576416015625,0.199310302734375,0.0039215087890625,1711.9576416015625,0.1994171142578125,0.0039215087890625,1711.9576416015625,0.20001220703125,0.0039215087890625,1711.9576416015625,0.20086669921875,0.0039215087890625,1711.9576416015625,0.2019195556640625,Tomato_Septoria_leaf_spot
C:\Users\jagan\OneDrive\Documents\TRON\Dataset\PlantVillage\Tomato_Septoria_leaf_spot\0b6a9374-858d-49ce-8a94-ab57c957718c___Matt.S_CG 2488.JPG,0.0,0.0,0.64556884765625,0.0,0.0,0.646881103515625,0.0,0.0,0.652374267578125,0.0,0.0,0.6595001220703125,0.0,0.0,0.66455078125,Tomato_Septoria_leaf_spot
C:\Users\jagan\OneDrive\Documents\TRON\Dataset\PlantVillage\Tomato_Spider_mites_Two_spotted_spider_mite\002835d1-c18e-4471-aa6e-8d8c29585e9b___Com.G_SpM_FL 8584.JPG,0.003753662109375,61.15163040161133,0.471649169921875,0.0033721923828125,61.624088287353516,0.4733123779296875,0.0033721923828125,61.624088287353516,0.476837158203125,0.0033721923828125,61.624088287353516,0.4799652099609375,0.0033721923828125,61.624088287353516,0.4831695556640625,Tomato_Spider_mites_Two_spotted_spider_mite
C:\Users\jagan\OneDrive\Documents\TRON\Dataset\PlantVillage\Tomato_Spider_mites_Two_spotted_spider_mite\003b7929-a364-4e74-be1c-37c4c0a6ec63___Com.G_SpM_FL 1414.JPG,0.02850341796875,169.66580200195312,0.413330078125,0.021728515625,153.7452392578125,0.4139862060546875,0.0173492431640625,141.556884765625,0.4165802001953125,0.0173492431640625,141.556884765625,0.4185333251953125,0.0173492431640625,141.556884765625,0.420654296875,Tomato_Spider_mites_Two_spotted_spider_mite
C:\Users\jagan\OneDrive\Documents\TRON\Dataset\PlantVillage\Tomato_Spider_mites_Two_spotted_spider_mite\00c8e9a0-1fb8-434b-8981-25511358ddc9___Com.G_SpM_FL 8717.JPG,0.0,0.0,0.4882965087890625,0.0,0.0,0.489410400390625,0.0,0.0,0.4923553466796875,0.0,0.0,0.4959564208984375,0.0,0.0,0.511016845703125,Tomato_Spider_mites_Two_spotted_spider_mite
C:\Users\jagan\OneDrive\Documents\TRON\Dataset\PlantVillage\Tomato_Spider_mites_Two_spotted_spider_mite\0100e504-f6bc-464a-a181-38262117f30a___Com.G_SpM_FL 1202.JPG,0.000823974609375,17650.2109375,0.44171142578125,0.0008087158203125,16786.365234375,0.4425201416015625,0.000335693359375,18936.357421875,0.44635009765625,0.0,0.0,0.4506988525390625,0.0,0.0,0.456634521484375,Tomato_Spider_mites_Two_spotted_spider_mite
C:\Users\jagan\OneDrive\Documents\TRON\Dataset\PlantVillage\Tomato_Spider_mites_Two_spotted_spider_mite\01027422-5838-4aaf-a517-01ea4e2cb6b9___Com.G_SpM_FL 9256.JPG,0.000457763671875,4277.09375,0.48052978515625,0.0002593994140625,5349.77099609375,0.481353759765625,0.0,0.0,0.4929351806640625,0.0,0.0,0.5088653564453125,0.0,0.0,0.521820068359375,Tomato_Spider_mites_Two_spotted_spider_mite
C:\Users\jagan\OneDrive\Documents\TRON\Dataset\PlantVillage\Tomato_Spider_mites_Two_spotted_spider_mite\012369f5-ca64-4811-888f-35d75f7f7c2b___Com.G_SpM_FL 8911.JPG,0.0005340576171875,19495.185546875,0.7006378173828125,0.0,0.0,0.7034454345703125,0.0,0.0,0.71533203125,0.0,0.0,0.7244720458984375,0.0,0.0,0.7292022705078125,Tomato_Spider_mites_Two_spotted_spider_mite
C:\Users\jagan\OneDrive\Documents\TRON\Dataset\PlantVillage\Tomato_Spider_mites_Two_spotted_spider_mite\01720a27-7595-496b-bf53-dbe5c8c1e2c3___Com.G_SpM_FL 8476.JPG,0.0096588134765625,327.7410583496094,0.4434814453125,0.0096588134765625,327.7410583496094,0.4445953369140625,0.0096588134765625,327.7410583496094,0.4488677978515625,0.00811767578125,326.734130859375,0.4566802978515625,0.00189208984375,336.0982971191406,0.46630859375,Tomato_Spider_mites_Two_spotted_spider_mite
C:\Users\jagan\OneDrive\Documents\TRON\Dataset\PlantVillage\Tomato_Spider_mites_Two_spotted_spider_mite\01854aac-d409-4136-b885-3df6943cc349___Com.G_SpM_FL 1374.JPG,0.0059356689453125,473.98095703125,0.47125244140625,0.0059356689453125,473.98095703125,0.47186279296875,0.0059356689453125,473.98095703125,0.4750213623046875,0.0065765380859375,529.211669921875,0.47998046875,0.0017852783203125,323.07879638671875,0.49066162109375,Tomato_Spider_mites_Two_spotted_spider_mite
C:\Users\jagan\OneDrive\Documents\TRON\Dataset\PlantVillage\Tomato_Spider_mites_Two_spotted_spider_mite\01963a97-0507-43a6-ae4a-1afd8e0c4f3e___Com.G_SpM_FL 1217.JPG,0.0006256103515625,195.48243713378906,0.3911590576171875,0.0006256103515625,195.48243713378906,0.391448974609375,0.0006256103515625,195.48243713378906,0.3928375244140625,0.0002593994140625,414.8511962890625,0.397491455078125,0.0002593994140625,414.8511962890625,0.4021759033203125,Tomato_Spider_mites_Two_spotted_spider_mite
C:\Users\jagan\OneDrive\Documents\TRON\Dataset\PlantVillage\Tomato_Spider_mites_Two_spotted_spider_mite\0211efc9-5409-43a7-a46b-a87d46f23fc3___Com.G_SpM_FL 9646.JPG,0.0,0.0,0.306884765625,0.0,0.0,0.3071136474609375,0.0,0.0,0.308135986328125,0.0,0.0,0.3094940185546875,0.0,0.0,0.3109130859375,Tomato_Spider_mites_Two_spotted_spider_mite
C:\Users\jagan\OneDrive\Documents\TRON\Dataset\PlantVillage\Tomato_Spider_mites_Two_spotted_spider_mite\0247236f-c1ae-4b3f-92b3-9077fe5cb3c3___Com.G_SpM_FL 8505.JPG,0.0,0.0,0.5976409912109375,0.0,0.0,0.598052978515625,0.0,0.0,0.603118896484375,0.0,0.0,0.614990234375,0.0,0.0,0.6204681396484375,Tomato_Spider_mites_Two_spotted_spider_mite
C:\Users\jagan\OneDrive\Documents\TRON\Dataset\PlantVillage\Tomato_Spider_mites_Two_spotted_spider_mite\02c791ab-ffc3-40d4-9b42-db946eee2413___Com.G_SpM_FL 1640.JPG,0.0016021728515625,9918.3310546875,0.5578460693359375,0.001312255859375,10698.4599609375,0.559234619140625,0.0,0.0,0.5637664794921875,0.0,0.0,0.570098876953125,0.0,0.0,0.582244873046875,Tomato_Spider_mites_Two_spotted_spider_mite
C:\Users\jagan\OneDrive\Documents\TRON\Dataset\PlantVillage\Tomato_Spider_mites_Two_spotted_spider_mite\03882a7e-b80a-4c12-b4bb-5d03c88a8c4b___Com.G_SpM_FL 8730.JPG,0.0019989013671875,10309.8544921875,0.4884490966796875,0.0019989013671875,10309.8544921875,0.492523193359375,0.0019989013671875,10309.8544921875,0.49774169921875,0.0019989013671875,10309.8544921875,0.501556396484375,0.0021209716796875,9616.19921875,0.51751708984375,Tomato_Spider_mites_Two_spotted_spider_mite
C:\Users\jagan\OneDrive\Documents\TRON\Dataset\PlantVillage\Tomato_Spider_mites_Two_spotted_spider_mite\03dc4d71-45b6-4845-9f66-3b7aae5375e1___Com.G_SpM_FL 1193.JPG,0.004150390625,864.185791015625,0.37432861328125,0.004150390625,864.185791015625,0.374908447265625,0.004150390625,864.185791015625,0.376007080078125,0.004150390625,864.185791015625,0.3773956298828125,0.004150390625,864.185791015625,0.37921142578125,Tomato_Spider_mites_Two_spotted_spider_mite
C:\Users\jagan\OneDrive\Documents\TRON\Dataset\PlantVillage\Tomato_Spider_mites_Two_spotted_spider_mite\03e18a00-ffbd-4863-a0c5-7c597c09b025___Com.G_SpM_FL 8798.JPG,0.0,0.0,0.4979705810546875,0.0,0.0,0.498260498046875,0.0,0.0,0.49951171875,0.0,0.0,0.5006561279296875,0.0,0.0,0.502197265625,Tomato_Spider_mites_Two_spotted_spider_mite
C:\Users\jagan\OneDrive\Documents\TRON\Dataset\PlantVillage\Tomato_Spider_mites_Two_spotted_spider_mite\03fa54ef-d6cc-40f3-8ae2-469d1ab5b541___Com.G_SpM_FL 9653.JPG,0.0,0.0,0.357269287109375,0.0,0.0,0.357452392578125,0.0,0.0,0.3581085205078125,0.0,0.0,0.35894775390625,0.0,0.0,0.366455078125,Tomato_Spider_mites_Two_spotted_spider_mite
C:\Users\jagan\OneDrive\Documents\TRON\Dataset\PlantVillage\Tomato_Spider_mites_Two_spotted_spider_mite\0421a79d-5c62-43e8-a695-ae55f987c27e___Com.G_SpM_FL 1434.JPG,0.0533905029296875,7799.92236328125,0.4077301025390625,0.0525360107421875,7789.52197265625,0.4091949462890625,0.0514068603515625,7658.60009765625,0.4119415283203125,0.0494842529296875,7519.53857421875,0.415435791015625,0.047882080078125,7494.39013671875,0.4365997314453125,Tomato_Spider_mites_Two_spotted_spider_mite
C:\Users\jagan\OneDrive\Documents\TRON\Dataset\PlantVillage\Tomato_Spider_mites_Two_spotted_spider_mite\04a5f541-9202-4475-b5a0-01c14543f211___Com.G_SpM_FL 8534.JPG,0.0073394775390625,227.4322967529297,0.420654296875,0.0073394775390625,227.4322967529297,0.4210662841796875,0.0073394775390625,227.4322967529297,0.4228363037109375,0.0041656494140625,271.4399108886719,0.4271087646484375,0.0030975341796875,269.2933044433594,0.430938720703125,Tomato_Spider_mites_Two_spotted_spider_mite
C:\Users\jagan\OneDrive\Documents\TRON\Dataset\PlantVillage\Tomato_Spider_mites_Two_spotted_spider_mite\04b0cccf-da6f-4ad8-9ff9-0055170a990c___Com.G_SpM_FL 1284.JPG,0.0023956298828125,18616.60546875,0.4278106689453125,0.0023956298828125,18616.60546875,0.428192138671875,0.0023956298828125,18616.60546875,0.429107666015625,0.0023956298828125,18616.60546875,0.4358367919921875,0.0023956298828125,18616.60546875,0.43817138671875,Tomato_Spider_mites_Two_spotted_spider_mite
C:\Users\jagan\OneDrive\Documents\TRON\Dataset\PlantVillage\Tomato_Spider_mites_Two_spotted_spider_mite\05138887-688c-4efe-a78f-f4416c1d63b0___Com.G_SpM_FL 8767.JPG,0.0,0.0,0.4571685791015625,0.0,0.0,0.4576568603515625,0.0,0.0,0.458465576171875,0.0,0.0,0.4635772705078125,0.0,0.0,0.468048095703125,Tomato_Spider_mites_Two_spotted_spider_mite
C:\Users\jagan\OneDrive\Documents\TRON\Dataset\PlantVillage\Tomato_Spider_mites_Two_spotted_spider_mite\053c2c95-1110-4d4e-98d1-e189858deb3f___Com.G_SpM_FL 8449.JPG,0.00311279296875,1870.683837890625,0.471710205078125,0.0030670166015625,1869.2481689453125,0.4730377197265625,0.002899169921875,1898.37939453125,0.4764404296875,0.0026702880859375,1875.6885986328125,0.4781951904296875,0.0025634765625,1746.8251953125,0.4859161376953125,Tomato_Spider_mites_Two_spotted_spider_mite
C:\Users\jagan\OneDrive\Documents\TRON\Dataset\PlantVillage\Tomato_Spider_mites_Two_spotted_spider_mite\05be6ebc-1641-4707-91da-9b5650b9641a___Com.G_SpM_FL 8857.JPG,0.000732421875,12943.20703125,0.5657958984375,0.0006256103515625,11096.6943359375,0.5668487548828125,0.0002593994140625,3425.40478515625,0.5734100341796875,0.0002593994140625,3425.40478515625,0.5810394287109375,0.0002593994140625,3425.40478515625,0.5945281982421875,Tomato_Spider_mites_Two_spotted_spider_mite
C:\Users\jagan\OneDrive\Documents\TRON\Dataset\PlantVillage\Tomato_Spider_mites_Two_spotted_spider_mite\05d67c02-8fb8-40dd-bbbe-efdc9837dced___Com.G_SpM_FL 1598.JPG,0.00048828125,589.18359375,0.49481201171875,0.00048828125,589.18359375,0.4949798583984375,0.00048828125,589.18359375,0.49578857421875,0.000579833984375,585.2999267578125,0.4994659423828125,0.003662109375,654.2466430664062,0.52191162109375,Tomato_Spider_mites_Two_spotted_spider_mite
C:\Users\jagan\OneDrive\Documents\TRON\Dataset\PlantVillage\Tomato_Spider_mites_Two_spotted_spider_mite\062c5345-1a64-4dba-8c58-0d72902742c1___Com.G_SpM_FL 8874.JPG,0.0020294189453125,16336.6337890625,0.525634765625,0.0020294189453125,16336.6337890625,0.5267791748046875,0.0020294189453125,16336.6337890625,0.528839111328125,0.0020294189453125,16336.6337890625,0.530487060546875,0.002044677734375,16608.5234375,0.5366668701171875,Tomato_Spider_mites_Two_spotted_spider_mite
C:\Users\jagan\OneDrive\Documents\TRON\Dataset\PlantVillage\Tomato_Spider_mites_Two_spotted_spider_mite\06c29099-98e3-46ae-88f9-7160c74dafea___Com.G_SpM_FL 9427.JPG,0.0004119873046875,681.2784423828125,0.3579254150390625,0.0004119873046875,681.2784423828125,0.3585205078125,0.0004119873046875,681.2784423828125,0.359771728515625,0.0004119873046875,681.2784423828125,0.361236572265625,0.0001678466796875,812.743896484375,0.371063232421875,Tomato_Spider_mites_Two_spotted_spider_mite
C:\Users\jagan\OneDrive\Documents\TRON\Dataset\PlantVillage\Tomato_Spider_mites_Two_spotted_spider_mite\06e43f45-f56b-4979-b4a3-10eafeaddf3e___Com.G_SpM_FL 9534.JPG,0.0,0.0,0.4010162353515625,0.0,0.0,0.401275634765625,0.0,0.0,0.40191650390625,0.0,0.0,0.4033355712890625,0.0,0.0,0.4046478271484375,Tomato_Spider_mites_Two_spotted_spider_mite
C:\Users\jagan\OneDrive\Documents\TRON\Dataset\PlantVillage\Tomato_Spider_mites_Two_spotted_spider_mite\06f22419-20df-43ab-9402-7ee76eb08921___Com.G_SpM_FL 1325.JPG,0.0,0.0,0.39044189453125,0.0,0.0,0.390716552734375,0.0,0.0,0.393157958984375,0.0,0.0,0.3962249755859375,0.0,0.0,0.39898681640625,Tomato_Spider_mites_Two_spotted_spider_mite
C:\Users\jagan\OneDrive\Documents\TRON\Dataset\PlantVillage\Tomato_Spider_mites_Two_spotted_spider_mite\072a0bb6-de84-4200-8393-9e5b28868a23___Com.G_SpM_FL 1412.JPG,0.0033721923828125,7409.314453125,0.440155029296875,0.0032958984375,7522.2939453125,0.4407501220703125,0.003204345703125,7487.62158203125,0.4420623779296875,0.003143310546875,6517.1630859375,0.4431304931640625,0.0027008056640625,6794.73876953125,0.444915771484375,Tomato_Spider_mites_Two_spotted_spider_mite
C:\Users\jagan\OneDrive\Documents\TRON\Dataset\PlantVillage\Tomato_Spider_mites_Two_spotted_spider_mite\07843665-3d98-4371-873a-21b4bbe30a9d___Com.G_SpM_FL 8458.JPG,0.00048828125,7573.80810546875,0.6081085205078125,0.0004119873046875,8202.8916015625,0.6097259521484375,0.0002593994140625,7226.10400390625,0.6121368408203125,0.0,0.0,0.6158447265625,0.0,0.0,0.63433837890625,Tomato_Spider_mites_Two_spotted_spider_mite
C:\Users\jagan\OneDrive\Documents\TRON\Dataset\PlantVillage\Tomato_Spider_mites_Two_spotted_spider_mite\0792af40-147c-400a-84e6-a0eeb25ac381___Com.G_SpM_FL 9381.JPG,0.0,0.0,0.4353485107421875,0.0,0.0,0.4356536865234375,0.0,0.0,0.4372711181640625,0.0,0.0,0.44189453125,0.0,0.0,0.4452056884765625,Tomato_Spider_mites_Two_spotted_spider_mite
C:\Users\jagan\OneDrive\Documents\TRON\Dataset\PlantVillage\Tomato_Spider_mites_Two_spotted_spider_mite\0794d252-5524-49d2-9871-011677db2698___Com.G_SpM_FL 8571.JPG,0.21820068359375,2093.87255859375,0.2994384765625,0.217681884765625,2087.373291015625,0.3011322021484375,0.216094970703125,2035.702392578125,0.3031768798828125,0.2117462158203125,1931.4373779296875,0.3094940185546875,0.203857421875,1689.392822265625,0.320953369140625,Tomato_Spider_mites_Two_spotted_spider_mite
C:\Users\jagan\OneDrive\Documents\TRON\Dataset\PlantVillage\Tomato_Spider_mites_Two_spotted_spider_mite\079c26a2-0862-4062-aa4b-53a5af52350f___Com.G_SpM_FL 1497.JPG,0.000213623046875,2231.836669921875,0.3459014892578125,0.000213623046875,2231.836669921875,0.3460845947265625,0.000213623046875,2231.836669921875,0.3471527099609375,0.000213623046875,2231.836669921875,0.348388671875,0.000213623046875,2231.836669921875,0.350341796875,Tomato_Spider_mites_Two_spotted_spider_mite
C:\Users\jagan\OneDrive\Documents\TRON\Dataset\PlantVillage\Tomato_Spider_mites_Two_spotted_spider_mite\07a04ca5-a3f3-43c7-b035-95eccd5ca39e___Com.G_SpM_FL 1401.JPG,0.002349853515625,3862.140380859375,0.4494171142578125,0.002349853515625,3862.140380859375,0.4504241943359375,0.0023193359375,3525.827392578125,0.4533538818359375,0.0023193359375,3525.827392578125,0.45758056640625,0.0023193359375,3525.827392578125,0.465545654296875,Tomato_Spider_mites_Two_spotted_spider_mite
C:\Users\jagan\OneDrive\Documents\TRON\Dataset\PlantVillage\Tomato_Spider_mites_Two_spotted_spider_mite\081a628a-9293-4aac-bde6-c117085132f6___Com.G_SpM_FL 9037.JPG,0.0,0.0,0.4009552001953125,0.0,0.0,0.4012298583984375,0.0,0.0,0.4020843505859375,0.0,0.0,0.4090118408203125,0.0,0.0,0.4109954833984375,Tomato_Spider_mites_Two_spotted_spider_mite
C:\Users\jagan\OneDrive\Documents\TRON\Dataset\PlantVillage\Tomato_Spider_mites_Two_spotted_spider_mite\085cdef7-8892-4873-a0e7-5715082762d0___Com.G_SpM_FL 8650.JPG,0.0066375732421875,9142.388671875,0.4695587158203125,0.0051116943359375,8279.5224609375,0.471710205078125,0.0,0.0,0.478973388671875,0.0,0.0,0.4886627197265625,0.0,0.0,0.4936981201171875,Tomato_Spider_mites_Two_spotted_spider_mite
C:\Users\jagan\OneDrive\Documents\TRON\Dataset\PlantVillage\Tomato_Spider_mites_Two_spotted_spider_mite\08672d79-7f11-4900-9e12-aad35778f463___Com.G_SpM_FL 8753.JPG,0.0486907958984375,13238.5712890625,0.6191864013671875,0.04608154296875,13443.4833984375,0.6401824951171875,0.03826904296875,13090.771484375,0.6483154296875,0.0010223388671875,17444.9921875,0.703216552734375,0.000396728515625,21070.47265625,0.729736328125,Tomato_Spider_mites_Two_spotted_spider_mite
C:\Users\jagan\OneDrive\Documents\TRON\Dataset\PlantVillage\Tomato_Spider_mites_Two_spotted_spider_mite\087cd727-92d4-4c49-a069-26b3563037e4___Com.G_SpM_FL 9573.JPG,0.0,0.0,0.3073577880859375,0.0,0.0,0.307830810546875,0.0,0.0,0.30926513671875,0.0,0.0,0.3104095458984375,0.0,0.0,0.3116302490234375,Tomato_Spider_mites_Two_spotted_spider_mite
C:\Users\jagan\OneDrive\Documents\TRON\Dataset\PlantVillage\Tomato_Spider_mites_Two_spotted_spider_mite\0889ce0b-097f-4824-a46e-7ed9a01a4862___Com.G_SpM_FL 1435.JPG,0.039459228515625,9725.2470703125,0.5376434326171875,0.027587890625,9512.71875,0.5688934326171875,0.0264892578125,9539.3916015625,0.576568603515625,0.022308349609375,8657.9619140625,0.5893402099609375,0.00152587890625,1214.197021484375,0.629486083984375,Tomato_Spider_mites_Two_spotted_spider_mite
C:\Users\jagan\OneDrive\Documents\TRON\Dataset\PlantVillage\Tomato_Spider_mites_Two_spotted_spider_mite\08e9a879-8784-4775-aeef-21fbd62dd08e___Com.G_SpM_FL 8513.JPG,0.0,0.0,0.5343780517578125,0.0,0.0,0.5351104736328125,0.0,0.0,0.5402069091796875,0.0,0.0,0.5479736328125,0.0,0.0,0.5540618896484375,Tomato_Spider_mites_Two_spotted_spider_mite
C:\Users\jagan\OneDrive\Documents\TRON\Dataset\PlantVillage\Tomato_Spider_mites_Two_spotted_spider_mite\093aecee-3211-4aad-8f09-45ccdc92eeb6___Com.G_SpM_FL 9040.JPG,0.0,0.0,0.4417724609375,0.0,0.0,0.442138671875,0.0,0.0,0.4427337646484375,0.0,0.0,0.4435272216796875,0.0,0.0,0.444061279296875,Tomato_Spider_mites_Two_spotted_spider_mite
C:\Users\jagan\OneDrive\Documents\TRON\Dataset\PlantVillage\Tomato__Target_Spot\003a5321-0430-42dd-a38d-30ac4563f4ba___Com.G_TgS_FL 8121.JPG,0.001739501953125,14749.765625,0.449310302734375,0.001739501953125,14749.765625,0.449371337890625,0.001708984375,14943.8544921875,0.4527587890625,0.0016021728515625,15467.1416015625,0.4546966552734375,0.0015411376953125,16000.34765625,0.45660400390625,Tomato__Target_Spot
C:\Users\jagan\OneDrive\Documents\TRON\Dataset\PlantVillage\Tomato__Target_Spot\007ec913-8cfe-43ed-b458-f041a17266ae___Com.G_TgS_FL 9844.JPG,0.0038909912109375,638.6920166015625,0.45440673828125,0.003814697265625,644.2161254882812,0.4549102783203125,0.0037994384765625,650.215087890625,0.45684814453125,0.003753662109375,638.7230224609375,0.4583740234375,0.0035552978515625,605.510986328125,0.4613189697265625,Tomato__Target_Spot
C:\Users\jagan\OneDrive\Documents\TRON\Dataset\PlantVillage\Tomato__Target_Spot\00854623-ba28-446d-a1d5-03c0ae3f99d9___Com.G_TgS_FL 7949.JPG,0.0001678466796875,3512.74365234375,0.523956298828125,0.0001678466796875,3512.74365234375,0.524322509765625,0.0001678466796875,3512.74365234375,0.5254364013671875,0.0001678466796875,3512.74365234375,0.527587890625,0.0001678466796875,3512.74365234375,0.53033447265625,Tomato__Target_Spot
C:\Users\jagan\OneDrive\Documents\TRON\Dataset\PlantVillage\Tomato__Target_Spot\0118c27a-f34a-41e1-8b2f-d2c564f83c5c___Com.G_TgS_FL 0013.JPG,0.0,0.0,0.5403900146484375,0.0,0.0,0.54217529296875,0.0,0.0,0.5504302978515625,0.0,0.0,0.5720062255859375,0.0,0.0,0.581512451171875,Tomato__Target_Spot
C:\Users\jagan\OneDrive\Documents\TRON\Dataset\PlantVillage\Tomato__Target_Spot\0197df47-a9cb-4b6c-b72c-ac0e9af6d135___Com.G_TgS_FL 0779.JPG,0.0,0.0,0.5184173583984375,0.0,0.0,0.5196075439453125,0.0,0.0,0.5218658447265625,0.0,0.0,0.531036376953125,0.0,0.0,0.542327880859375,Tomato__Target_Spot
C:\Users\jagan\OneDrive\Documents\TRON\Dataset\PlantVillage\Tomato__Target_Spot\01b2013e-4030-4cd0-843c-2dbacf5f3758___Com.G_TgS_FL 8398.JPG,0.00079345703125,3431.28515625,0.5680389404296875,0.00079345703125,3431.28515625,0.5699615478515625,0.00079345703125,3431.28515625,0.5736846923828125,0.00079345703125,3431.28515625,0.580078125,0.000823974609375,3593.60791015625,0.598876953125,Tomato__Target_Spot
C:\Users\jagan\OneDrive\Documents\TRON\Dataset\PlantVillage\Tomato__Target_Spot\01e0b8b1-e713-4c6d-973b-f7636280c58a___Com.G_TgS_FL 9816.JPG,0.0472259521484375,1328.0687255859375,0.5225830078125,0.046966552734375,1326.7266845703125,0.523468017578125,0.04620361328125,1316.1749267578125,0.5260162353515625,0.045440673828125,1313.617919921875,0.53717041015625,0.0443115234375,1312.672119140625,0.5490264892578125,Tomato__Target_Spot
C:\Users\jagan\OneDrive\Documents\TRON\Dataset\PlantVillage\Tomato__Target_Spot\01f0e0cb-83a7-4190-9645-bd06b70c8d65___Com.G_TgS_FL 8318.JPG,0.0,0.0,0.5059356689453125,0.0,0.0,0.5068206787109375,0.0,0.0,0.5100860595703125,0.0,0.0,0.513885498046875,0.0,0.0,0.5171966552734375,Tomato__Target_Spot
C:\Users\jagan\OneDrive\Documents\TRON\Dataset\PlantVillage\Tomato__Target_Spot\021dbc57-a5cc-4fc9-a3cf-e64b92df20bc___Com.G_TgS_FL 9916.JPG,0.0081939697265625,3006.265380859375,0.5041961669921875,0.00726318359375,2693.57080078125,0.506256103515625,0.0064849853515625,2917.54052734375,0.515106201171875,0.0062255859375,2999.535888671875,0.5224761962890625,0.00616455078125,2946.912841796875,0.5279541015625,Tomato__Target_Spot
C:\Users\jagan\OneDrive\Documents\TRON\Dataset\PlantVillage\Tomato__Target_Spot\025510ac-15db-4861-b02b-21da82161100___Com.G_TgS_FL 0952.JPG,0.019683837890625,226.92669677734375,0.5290985107421875,0.019683837890625,226.92669677734375,0.5298309326171875,0.0249176025390625,255.51266479492188,0.5362396240234375,0.026947021484375,277.1220703125,0.54132080078125,0.0065155029296875,133.28329467773438,0.57574462890625,Tomato__Target_Spot
C:\Users\jagan\OneDrive\Documents\TRON\Dataset\PlantVillage\Tomato__Target_Spot\02da8ab6-7510-4bf7-a0e3-457f14b6adad___Com.G_TgS_FL 1022.JPG,0.0758819580078125,18906.40625,0.33203125,0.0751495361328125,18860.9296875,0.3338623046875,0.0686798095703125,18664.8984375,0.3448333740234375,0.048797607421875,18251.25,0.3587188720703125,0.04742431640625,18209.529296875,0.3781890869140625,Tomato__Target_Spot
C:\Users\jagan\OneDrive\Documents\TRON\Dataset\PlantVillage\Tomato__Target_Spot\03002b91-afe3-4c72-86b8-31028913434e___Com.G_TgS_FL 0682.JPG,0.0,0.0,0.5784454345703125,0.0,0.0,0.5791778564453125,0.0,0.0,0.5813446044921875,0.0,0.0,0.584716796875,0.0,0.0,0.6053314208984375,Tomato__Target_Spot
C:\Users\jagan\OneDrive\Documents\TRON\Dataset\PlantVillage\Tomato__Target_Spot\0352b802-bcae-4ced-b483-e9a14292fa3b___Com.G_TgS_FL 7872.JPG,0.0,0.0,0.627471923828125,0.0,0.0,0.6289825439453125,0.0,0.0,0.6351318359375,0.0,0.0,0.64300537109375,0.0,0.0,0.64947509765625,Tomato__Target_Spot
C:\Users\jagan\OneDrive\Documents\TRON\Dataset\PlantVillage\Tomato__Target_Spot\03e19a2b-91f1-4404-a803-9a713c2ee618___Com.G_TgS_FL 9940.JPG,0.027191162109375,17137.34375,0.4268951416015625,0.0259552001953125,17032.625,0.4318084716796875,0.016021728515625,15432.986328125,0.45440673828125,0.002716064453125,17681.48046875,0.48443603515625,0.0010833740234375,12803.8466796875,0.4999542236328125,Tomato__Target_Spot
C:\Users\jagan\OneDrive\Documents\TRON\Dataset\PlantVillage\Tomato__Target_Spot\03e3b044-d81f-49ca-a4d3-c6f7173b55a9___Com.G_TgS_FL 9921.JPG,0.01177978515625,945.0242309570312,0.5187835693359375,0.01177978515625,945.0242309570312,0.5204925537109375,0.01177978515625,945.0242309570312,0.523406982421875,0.01177978515625,945.0242309570312,0.5262603759765625,0.01177978515625,945.0242309570312,0.5300750732421875,Tomato__Target_Spot
C:\Users\jagan\OneDrive\Documents\TRON\Dataset\PlantVillage\Tomato__Target_Spot\03ffc2bf-ec6a-43d4-b349-9fd4138467bc___Com.G_TgS_FL 0738.JPG,0.0020904541015625,344.71917724609375,0.5007171630859375,0.0020904541015625,344.71917724609375,0.50103759765625,0.0020904541015625,344.71917724609375,0.5039215087890625,0.0020904541015625,344.71917724609375,0.5058441162109375,0.0020904541015625,344.71917724609375,0.510772705078125,Tomato__Target_Spot
C:\Users\jagan\OneDrive\Documents\TRON\Dataset\PlantVillage\Tomato__Target_Spot\04877a47-d7e8-461d-b943-00099f3a2a95___Com.G_TgS_FL 0838.JPG,0.000823974609375,319.6282958984375,0.6490478515625,0.000823974609375,319.6282958984375,0.6504058837890625,0.0014801025390625,323.21990966796875,0.6556243896484375,0.002105712890625,255.7048797607422,0.665374755859375,0.003631591796875,306.67108154296875,0.684661865234375,Tomato__Target_Spot
C:\Users\jagan\OneDrive\Documents\TRON\Dataset\PlantVillage\Tomato__Target_Spot\04a27dd5-fdd0-40b7-aa5a-527e15f84a99___Com.G_TgS_FL 9679.JPG,0.0,0.0,0.5377960205078125,0.0,0.0,0.5383148193359375,0.0,0.0,0.5433349609375,0.0,0.0,0.5501556396484375,0.0,0.0,0.5661773681640625,Tomato__Target_Spot
C:\Users\jagan\OneDrive\Documents\TRON\Dataset\PlantVillage\Tomato__Target_Spot\0504591c-2413-4965-860d-fef95a241cc4___Com.G_TgS_FL 1032.JPG,0.061614990234375,21297.791015625,0.531707763671875,0.0606231689453125,21246.1796875,0.5353546142578125,0.0184326171875,1182.001953125,0.59869384765625,0.0167694091796875,1145.0789794921875,0.608642578125,0.0152435302734375,1204.077880859375,0.6289520263671875,Tomato__Target_Spot
C:\Users\jagan\OneDrive\Documents\TRON\Dataset\PlantVillage\Tomato__Target_Spot\05991e8b-e178-450f-8da9-d7c10bd2cda9___Com.G_TgS_FL 9731.JPG,0.0,0.0,0.31500244140625,0.0,0.0,0.315673828125,0.0,0.0,0.3171844482421875,0.0,0.0,0.31939697265625,0.0,0.0,0.3220367431640625,Tomato__Target_Spot
C:\Users\jagan\OneDrive\Documents\TRON\Dataset\PlantVillage\Tomato__Target_Spot\05afadf4-12e7-478e-bb0c-334e2bf553f3___Com.G_TgS_FL 0744.JPG,0.0002593994140625,1166.2906494140625,0.4045257568359375,0.0002593994140625,1166.2906494140625,0.4058685302734375,0.0003662109375,1087.6875,0.40960693359375,0.0002593994140625,1166.2906494140625,0.413787841796875,0.0002593994140625,1166.2906494140625,0.4161834716796875,Tomato__Target_Spot
C:\Users\jagan\OneDrive\Documents\TRON\Dataset\PlantVillage\Tomato__Target_Spot\05c5b778-ab92-43c8-a390-93826690fc2d___Com.G_TgS_FL 9746.JPG,0.0,0.0,0.48480224609375,0.0,0.0,0.485076904296875,0.0,0.0,0.4895477294921875,0.0,0.0,0.4926910400390625,0.0,0.0,0.495208740234375,Tomato__Target_Spot
C:\Users\jagan\OneDrive\Documents\TRON\Dataset\PlantVillage\Tomato__Target_Spot\05fa9fcd-ce4c-4c47-aabf-6d794ada4e1c___Com.G_TgS_FL 9802.JPG,0.000457763671875,138.95999145507812,0.535308837890625,0.000457763671875,138.95999145507812,0.5369720458984375,0.001068115234375,437.87530517578125,0.545074462890625,0.001312255859375,1023.6808471679688,0.5511016845703125,0.001312255859375,1023.6808471679688,0.5565338134765625,Tomato__Target_Spot
C:\Users\jagan\OneDrive\Documents\TRON\Dataset\PlantVillage\Tomato__Target_Spot\066c4e6b-ec9d-4762-8cad-c0ba4ebd8b44___Com.G_TgS_FL 0825.JPG,0.0001068115234375,1518.2857666015625,0.636199951171875,0.0001068115234375,1518.2857666015625,0.6378021240234375,0.0001068115234375,1518.2857666015625,0.643707275390625,0.0001068115234375,1518.2857666015625,0.6497650146484375,0.0001068115234375,1518.2857666015625,0.6573638916015625,Tomato__Target_Spot
C:\Users\jagan\OneDrive\Documents\TRON\Dataset\PlantVillage\Tomato__Target_Spot\068f872e-1b06-423a-8f37-40e75ac14b97___Com.G_TgS_FL 0879.JPG,0.0001678466796875,2006.628173828125,0.5732269287109375,0.0001678466796875,2006.628173828125,0.574066162109375,0.0001678466796875,2006.628173828125,0.5814056396484375,0.0001678466796875,2006.628173828125,0.5851593017578125,0.0001678466796875,2006.628173828125,0.5905914306640625,Tomato__Target_Spot
C:\Users\jagan\OneDrive\Documents\TRON\Dataset\PlantVillage\Tomato__Target_Spot\06ddddf1-c107-4e34-9546-676f00f52254___Com.G_TgS_FL 8070.JPG,0.00555419921875,141.10694885253906,0.5611114501953125,0.0040130615234375,157.46942138671875,0.5626373291015625,0.0040130615234375,157.46942138671875,0.5680084228515625,0.0017852783203125,172.19590759277344,0.5741424560546875,0.0009918212890625,123.48545837402344,0.585052490234375,Tomato__Target_Spot
C:\Users\jagan\OneDrive\Documents\TRON\Dataset\PlantVillage\Tomato__Target_Spot\06deea79-68e2-4e28-b42d-0ef3a48b65fe___Com.G_TgS_FL 9819.JPG,0.0017242431640625,328.24542236328125,0.516632080078125,0.001800537109375,341.34136962890625,0.5175018310546875,0.001800537109375,341.34136962890625,0.5203094482421875,0.002532958984375,344.4719543457031,0.5266876220703125,0.002532958984375,344.4719543457031,0.52880859375,Tomato__Target_Spot
C:\Users\jagan\OneDrive\Documents\TRON\Dataset\PlantVillage\Tomato__Target_Spot\08342078-4bfb-4a33-a586-a564333a1b59___Com.G_TgS_FL 0986.JPG,0.0001678466796875,14.330578804016113,0.522705078125,0.0001678466796875,14.330578804016113,0.5233306884765625,0.0,0.0,0.5262451171875,0.0,0.0,0.53277587890625,0.0,0.0,0.536956787109375,Tomato__Target_Spot
C:\Users\jagan\OneDrive\Documents\TRON\Dataset\PlantVillage\Tomato__Target_Spot\086c833c-f885-4b46-9417-a6a3406dadbe___Com.G_TgS_FL 7985.JPG,0.0,0.0,0.5769500732421875,0.0,0.0,0.5775299072265625,0.0,0.0,0.5819549560546875,0.0001068115234375,16.979589462280273,0.5933380126953125,0.0001068115234375,16.979589462280273,0.6010894775390625,Tomato__Target_Spot
C:\Users\jagan\OneDrive\Documents\TRON\Dataset\PlantVillage\Tomato__Target_Spot\08b9a677-e59f-4f3b-a4ff-325d211abdd2___Com.G_TgS_FL 1126.JPG,0.159088134765625,20250.1875,0.48529052734375,0.1557464599609375,20403.7578125,0.4945220947265625,0.0931854248046875,19292.40234375,0.51068115234375,0.07073974609375,18175.29296875,0.6073150634765625,0.0440521240234375,13804.71875,0.6429290771484375,Tomato__Target_Spot
C:\Users\jagan\OneDrive\Documents\TRON\Dataset\PlantVillage\Tomato__Target_Spot\093309e9-6802-4e67-9d9c-b944aff0f743___Com.G_TgS_FL 9732.JPG,0.0,0.0,0.34417724609375,0.0,0.0,0.3447723388671875,0.0,0.0,0.3499298095703125,0.0,0.0,0.3527069091796875,0.0,0.0,0.3551177978515625,Tomato__Target_Spot
C:\Users\jagan\OneDrive\Documents\TRON\Dataset\PlantVillage\Tomato__Target_Spot\0a2de4c5-d688-4f9d-9107-ace1d281c307___Com.G_TgS_FL 7941.JPG,0.0001678466796875,55.157020568847656,0.55322265625,0.0001678466796875,55.157020568847656,0.553680419921875,0.0001678466796875,55.157020568847656,0.556549072265625,0.0001678466796875,55.157020568847656,0.5597686767578125,0.0001678466796875,55.157020568847656,0.571807861328125,Tomato__Target_Spot
C:\Users\jagan\OneDrive\Documents\TRON\Dataset\PlantVillage\Tomato__Target_Spot\0a3b6099-c254-4bc3-8360-53a9f558a0c4___Com.G_TgS_FL 8259.JPG,0.000396728515625,37364.8125,0.56414794921875,0.0,0.0,0.5653533935546875,0.0,0.0,0.5713653564453125,0.0,0.0,0.5794677734375,0.0,0.0,0.5950775146484375,Tomato__Target_Spot
C:\Users\jagan\OneDrive\Documents\TRON\Dataset\PlantVillage\Tomato__Target_Spot\0a458dfc-b513-44f2-a3ce-dab4c3adb939___Com.G_TgS_FL 8166.JPG,0.0,0.0,0.4706268310546875,0.0,0.0,0.471343994140625,0.0,0.0,0.477508544921875,0.0,0.0,0.4826812744140625,0.0,0.0,0.491729736328125,Tomato__Target_Spot
C:\Users\jagan\OneDrive\Documents\TRON\Dataset\PlantVillage\Tomato__Target_Spot\0a51617c-ecb5-42ce-9d34-300307be3465___Com.G_TgS_FL 0976.JPG,0.0,0.0,0.6247100830078125,0.0,0.0,0.6252593994140625,0.0,0.0,0.630584716796875,0.0,0.0,0.634185791015625,0.0,0.0,0.6517333984375,Tomato__Target_Spot
C:\Users\jagan\OneDrive\Documents\TRON\Dataset\PlantVillage\Tomato__Target_Spot\0a610d40-f5b8-4580-8e32-cc90b3620017___Com.G_TgS_FL 8191.JPG,0.0,0.0,0.573638916015625,0.0,0.0,0.57415771484375,0.0,0.0,0.5775146484375,0.0,0.0,0.5833282470703125,0.0,0.0,0.5957794189453125,Tomato__Target_Spot
C:\Users\jagan\OneDrive\Documents\TRON\Dataset\PlantVillage\Tomato__Target_Spot\0abb0bf0-8a1e-4699-80ee-c434385d9514___Com.G_TgS_FL 8115.JPG,0.00567626953125,1788.534912109375,0.5644378662109375,0.0058441162109375,1822.7181396484375,0.566436767578125,0.0072021484375,1907.6229248046875,0.57293701171875,0.006927490234375,1912.1134033203125,0.57781982421875,0.0072174072265625,1898.17138671875,0.5803680419921875,Tomato__Target_Spot
C:\Users\jagan\OneDrive\Documents\TRON\Dataset\PlantVillage\Tomato__Target_Spot\0ac9e61f-8dda-4628-bbf9-4fd81012b7a3___Com.G_TgS_FL 8245.JPG,0.00537109375,13624.427734375,0.565155029296875,0.0019073486328125,12679.4775390625,0.569793701171875,0.0013275146484375,12986.5888671875,0.57415771484375,0.0009613037109375,13613.4873046875,0.5800933837890625,0.0,0.0,0.591522216796875,Tomato__Target_Spot
C:\Users\jagan\OneDrive\Documents\TRON\Dataset\PlantVillage\Tomato__Target_Spot\0b126ce6-af82-477f-8f4e-1de79d84a6dd___Com.G_TgS_FL 8294.JPG,0.000396728515625,117.07691955566406,0.459228515625,0.000396728515625,117.07691955566406,0.4600982666015625,0.000396728515625,117.07691955566406,0.463287353515625,0.000396728515625,117.07691955566406,0.4669189453125,0.000396728515625,117.07691955566406,0.4702301025390625,Tomato__Target_Spot
C:\Users\jagan\OneDrive\Documents\TRON\Dataset\PlantVillage\Tomato__Target_Spot\0b6c4305-0cdc-4150-914b-5d7a5acb7881___Com.G_TgS_FL 8257.JPG,0.0,0.0,0.6554718017578125,0.0,0.0,0.657257080078125,0.0,0.0,0.6618804931640625,0.0,0.0,0.68157958984375,0.0,0.0,0.69195556640625,Tomato__Target_Spot
C:\Users\jagan\OneDrive\Documents\TRON\Dataset\PlantVillage\Tomato__Tomato_YellowLeaf__Curl_Virus\0068fe04-aa0c-4d92-8af0-f05c9d8db6eb___UF.GRC_YLCV_Lab 01755.JPG,0.0,0.0,0.5885772705078125,0.0,0.0,0.5902862548828125,0.0,0.0,0.598541259765625,0.0,0.0,0.61309814453125,0.0,0.0,0.6314849853515625,Tomato__Tomato_YellowLeaf__Curl_Virus
C:\Users\jagan\OneDrive\Documents\TRON\Dataset\PlantVillage\Tomato__Tomato_YellowLeaf__Curl_Virus\00b41556-fe22-41fb-93aa-76b0c45d923a___UF.GRC_YLCV_Lab 02644.JPG,0.001434326171875,28.470346450805664,0.335296630859375,0.001434326171875,28.470346450805664,0.3354644775390625,0.001434326171875,28.470346450805664,0.336029052734375,0.001434326171875,28.470346450805664,0.3370208740234375,0.001434326171875,28.470346450805664,0.3393096923828125,Tomato__Tomato_YellowLeaf__Curl_Virus
C:\Users\jagan\OneDrive\Documents\TRON\Dataset\PlantVillage\Tomato__Tomato_YellowLeaf__Curl_Virus\0120b8af-1482-4af9-85d1-a2bfe24c6985___UF.GRC_YLCV_Lab 02748.JPG,0.02099609375,53.11171340942383,0.5518951416015625,0.0208740234375,52.94765853881836,0.5531768798828125,0.0176544189453125,53.38787078857422,0.5693359375,0.0174102783203125,52.3362922668457,0.579010009765625,0.0167388916015625,46.018192291259766,0.586517333984375,Tomato__Tomato_YellowLeaf__Curl_Virus
C:\Users\jagan\OneDrive\Documents\TRON\Dataset\PlantVillage\Tomato__Tomato_YellowLeaf__Curl_Virus\014d1604-dbbb-4b24-b167-37ec77cccfc6___UF.GRC_YLCV_Lab 01441.JPG,0.0,0.0,0.4923248291015625,0.0,0.0,0.4927520751953125,0.0,0.0,0.5009002685546875,0.0,0.0,0.5084686279296875,0.0,0.0,0.5146636962890625,Tomato__Tomato_YellowLeaf__Curl_Virus
C:\Users\jagan\OneDrive\Documents\TRON\Dataset\PlantVillage\Tomato__Tomato_YellowLeaf__Curl_Virus\01512b8e-6589-41ce-82f1-e16a24da38e7___YLCV_GCREC 2099.JPG,0.0,0.0,0.6179351806640625,0.0,0.0,0.6204376220703125,0.0,0.0,0.6357269287109375,0.0,0.0,0.6411590576171875,0.0,0.0,0.6548614501953125,Tomato__Tomato_YellowLeaf__Curl_Virus
C:\Users\jagan\OneDrive\Documents\TRON\Dataset\PlantVillage\Tomato__Tomato_YellowLeaf__Curl_Virus\015f38c2-b5c3-47da-8130-87c810f2516c___YLCV_GCREC 2372.JPG,0.04046630859375,876.5972900390625,0.3450775146484375,0.040374755859375,876.6044921875,0.34539794921875,0.0400848388671875,877.5503540039062,0.3462982177734375,0.0399627685546875,879.3466796875,0.3475341796875,0.039459228515625,871.7655639648438,0.3490142822265625,Tomato__Tomato_YellowLeaf__Curl_Virus
C:\Users\jagan\OneDrive\Documents\TRON\Dataset\PlantVillage\Tomato__Tomato_YellowLeaf__Curl_Virus\018c6768-6da7-4aa8-8285-52290d8bffab___UF.GRC_YLCV_Lab 02344.JPG,0.034820556640625,28.627342224121094,0.5126495361328125,0.0347747802734375,28.663496017456055,0.512939453125,0.0344085693359375,28.726661682128906,0.5176544189453125,0.0341796875,28.78562355041504,0.526611328125,0.033782958984375,28.87825584411621,0.5341644287109375,Tomato__Tomato_YellowLeaf__Curl_Virus
C:\Users\jagan\OneDrive\Documents\TRON\Dataset\PlantVillage\Tomato__Tomato_YellowLeaf__Curl_Virus\01ab67dd-f4cf-4141-87fc-24056902abf4___YLCV_GCREC 5148.JPG,0.0002593994140625,162.3667755126953,0.3831329345703125,0.0002593994140625,162.3667755126953,0.3840179443359375,0.0002593994140625,162.3667755126953,0.38653564453125,0.0002593994140625,162.3667755126953,0.3902740478515625,0.0,0.0,0.39630126953125,Tomato__Tomato_YellowLeaf__Curl_Virus
C:\Users\jagan\OneDrive\Documents\TRON\Dataset\PlantVillage\Tomato__Tomato_YellowLeaf__Curl_Virus\01ce3a43-e874-4317-b4fe-dea4402cb7ce___UF.GRC_YLCV_Lab 09572.JPG,0.06707763671875,213.71434020996094,0.52374267578125,0.06695556640625,213.9329833984375,0.5247802734375,0.0660400390625,214.98321533203125,0.5282440185546875,0.0649261474609375,216.34188842773438,0.5333404541015625,0.06451416015625,216.9048614501953,0.538238525390625,Tomato__Tomato_YellowLeaf__Curl_Virus
C:\Users\jagan\OneDrive\Documents\TRON\Dataset\PlantVillage\Tomato__Tomato_YellowLeaf__Curl_Virus\01eb1927-e742-449d-97ea-5b83bbfe5b11___UF.GRC_YLCV_Lab 02751.JPG,0.073394775390625,26.04486846923828,0.4772796630859375,0.0715484619140625,25.477706909179688,0.480133056640625,0.070343017578125,25.471508026123047,0.484100341796875,0.06903076171875,25.242677688598633,0.490386962890625,0.0664215087890625,25.23006820678711,0.50164794921875,Tomato__Tomato_YellowLeaf__Curl_Virus
C:\Users\jagan\OneDrive\Documents\TRON\Dataset\PlantVillage\Tomato__Tomato_YellowLeaf__Curl_Virus\01f7eeb8-19c7-4c7b-9789-00538abf46fe___UF.GRC_YLCV_Lab 09492.JPG,0.0026702880859375,124.79332733154297,0.4879150390625,0.0026092529296875,125.89288330078125,0.4883270263671875,0.0026092529296875,125.89288330078125,0.4931793212890625,0.002410888671875,121.46150970458984,0.505615234375,0.0016021728515625,115.19672393798828,0.51947021484375,Tomato__Tomato_YellowLeaf__Curl_Virus
C:\Users\jagan\OneDrive\Documents\TRON\Dataset\PlantVillage\Tomato__Tomato_YellowLeaf__Curl_Virus\01fa2c83-fffb-4aad-a456-e991aeb93f3e___UF.GRC_YLCV_Lab 02154.JPG,0.0,0.0,0.358917236328125,0.0,0.0,0.3591461181640625,0.0,0.0,0.359893798828125,0.0,0.0,0.3605499267578125,0.0,0.0,0.3636474609375,Tomato__Tomato_YellowLeaf__Curl_Virus
C:\Users\jagan\OneDrive\Documents\TRON\Dataset\PlantVillage\Tomato__Tomato_YellowLeaf__Curl_Virus\0202eabf-19ef-4656-8ede-5d0e96906304___YLCV_GCREC 2604.JPG,0.0,0.0,0.56317138671875,0.0,0.0,0.5638275146484375,0.0,0.0,0.570037841796875,0.0,0.0,0.5796661376953125,0.0,0.0,0.5933685302734375,Tomato__Tomato_YellowLeaf__Curl_Virus
C:\Users\jagan\OneDrive\Documents\TRON\Dataset\PlantVillage\Tomato__Tomato_YellowLeaf__Curl_Virus\020ff520-4b65-4f52-89b3-fe6ca90e0601___UF.GRC_YLCV_Lab 02220.JPG,0.022491455078125,24.401439666748047,0.3397979736328125,0.022491455078125,24.401439666748047,0.33990478515625,0.0224761962890625,24.40865707397461,0.34002685546875,0.0224761962890625,24.40865707397461,0.3401947021484375,0.022491455078125,24.401439666748047,0.340240478515625,Tomato__Tomato_YellowLeaf__Curl_Virus
C:\Users\jagan\OneDrive\Documents\TRON\Dataset\PlantVillage\Tomato__Tomato_YellowLeaf__Curl_Virus\0223bec0-2d13-42aa-b653-3aa3ee502b85___YLCV_GCREC 2507.JPG,0.00103759765625,66.54325103759766,0.58935546875,0.00103759765625,66.54325103759766,0.5896148681640625,0.0007781982421875,78.0230712890625,0.5926513671875,0.0007781982421875,78.0230712890625,0.5963592529296875,0.0004425048828125,53.127227783203125,0.6016387939453125,Tomato__Tomato_YellowLeaf__Curl_Virus
C:\Users\jagan\OneDrive\Documents\TRON\Dataset\PlantVillage\Tomato__Tomato_YellowLeaf__Curl_Virus\0273f811-11bf-4fc3-b8b1-fe33ac4b3692___UF.GRC_YLCV_Lab 03226.JPG,0.0071258544921875,107.2905044555664,0.5367431640625,0.007049560546875,106.62904357910156,0.53765869140625,0.0070037841796875,107.28564453125,0.5394439697265625,0.005584716796875,105.52883911132812,0.55120849609375,0.00238037109375,79.86982727050781,0.5643157958984375,Tomato__Tomato_YellowLeaf__Curl_Virus
C:\Users\jagan\OneDrive\Documents\TRON\Dataset\PlantVillage\Tomato__Tomato_YellowLeaf__Curl_Virus\029bc326-4217-4f91-840f-1f006ef59753___YLCV_GCREC 2326.JPG,0.0,0.0,0.558563232421875,0.0,0.0,0.559112548828125,0.0,0.0,0.56024169921875,0.0,0.0,0.561187744140625,0.0,0.0,0.562713623046875,Tomato__Tomato_YellowLeaf__Curl_Virus
C:\Users\jagan\OneDrive\Documents\TRON\Dataset\PlantVillage\Tomato__Tomato_YellowLeaf__Curl_Virus\029fb65e-a006-4a5d-8ee1-9f848e1f0eef___UF.GRC_YLCV_Lab 03243.JPG,0.0171051025390625,43.52265167236328,0.498809814453125,0.0171051025390625,43.52265167236328,0.4993133544921875,0.0171051025390625,43.52265167236328,0.5023956298828125,0.0171051025390625,43.52265167236328,0.507720947265625,0.00799560546875,31.684703826904297,0.53070068359375,Tomato__Tomato_YellowLeaf__Curl_Virus
C:\Users\jagan\OneDrive\Documents\TRON\Dataset\PlantVillage\Tomato__Tomato_YellowLeaf__Curl_Virus\02cb40d6-550a-42fb-99ce-247e4406a322___UF.GRC_YLCV_Lab 02991.JPG,0.1233367919921875,15.873165130615234,0.46002197265625,0.123321533203125,15.873200416564941,0.4601287841796875,0.1232147216796875,15.875017166137695,0.460357666015625,0.12322998046875,15.869013786315918,0.460418701171875,0.1222686767578125,15.861465454101562,0.461700439453125,Tomato__Tomato_YellowLeaf__Curl_Virus
C:\Users\jagan\OneDrive\Documents\TRON\Dataset\PlantVillage\Tomato__Tomato_YellowLeaf__Curl_Virus\02cee277-e491-468a-8ffc-f64227d33b4c___YLCV_GCREC 2197.JPG,0.004150390625,1280.5450439453125,0.5502777099609375,0.004150390625,1280.5450439453125,0.5504608154296875,0.004150390625,1280.5450439453125,0.5513763427734375,0.0040130615234375,1266.0294189453125,0.561767578125,0.0040130615234375,1266.0294189453125,0.5676116943359375,Tomato__Tomato_YellowLeaf__Curl_Virus
C:\Users\jagan\OneDrive\Documents\TRON\Dataset\PlantVillage\Tomato__Tomato_YellowLeaf__Curl_Virus\02d5be6b-eafd-4063-9ba5-4a01901bce82___UF.GRC_YLCV_Lab 03004.JPG,0.0034637451171875,70.90535736083984,0.4469757080078125,0.0034637451171875,70.90535736083984,0.4470367431640625,0.0034637451171875,70.90535736083984,0.4472503662109375,0.0034637451171875,70.90535736083984,0.447540283203125,0.0032806396484375,69.73188018798828,0.4506072998046875,Tomato__Tomato_YellowLeaf__Curl_Virus
C:\Users\jagan\OneDrive\Documents\TRON\Dataset\PlantVillage\Tomato__Tomato_YellowLeaf__Curl_Virus\02dec71c-6051-4b2c-8a08-24efbe306766___YLCV_GCREC 5340.JPG,0.0480804443359375,113.77308654785156,0.3885498046875,0.0474395751953125,113.70663452148438,0.3914642333984375,0.0471038818359375,112.9835205078125,0.395050048828125,0.0427093505859375,110.69207763671875,0.4184112548828125,0.0415191650390625,109.8109130859375,0.428466796875,Tomato__Tomato_YellowLeaf__Curl_Virus
C:\Users\jagan\OneDrive\Documents\TRON\Dataset\PlantVillage\Tomato__Tomato_YellowLeaf__Curl_Virus\02dfcd5a-d665-4d4a-a12d-c64682647190___UF.GRC_YLCV_Lab 01991.JPG,0.0061492919921875,204.0460205078125,0.5086212158203125,0.0061187744140625,204.14907836914062,0.5096893310546875,0.006103515625,204.64759826660156,0.5121002197265625,0.006103515625,204.64759826660156,0.5142059326171875,0.0048370361328125,213.8239288330078,0.5187530517578125,Tomato__Tomato_YellowLeaf__Curl_Virus
C:\Users\jagan\OneDrive\Documents\TRON\Dataset\PlantVillage\Tomato__Tomato_YellowLeaf__Curl_Virus\03028d07-fabb-4524-af78-8919980ed2ac___UF.GRC_YLCV_Lab 03170.JPG,0.0,0.0,0.567657470703125,0.0,0.0,0.568450927734375,0.0,0.0,0.571868896484375,0.0,0.0,0.5743560791015625,0.0,0.0,0.5773773193359375,Tomato__Tomato_YellowLeaf__Curl_Virus
C:\Users\jagan\OneDrive\Documents\TRON\Dataset\PlantVillage\Tomato__Tomato_YellowLeaf__Curl_Virus\032d18ff-d9a6-4e7a-b99a-4bd8e45abe66___YLCV_GCREC 2705.JPG,0.0002593994140625,66.58131408691406,0.5074920654296875,0.0002593994140625,66.58131408691406,0.5084075927734375,0.0002593994140625,66.58131408691406,0.513763427734375,0.0002593994140625,66.58131408691406,0.5176544189453125,0.0002593994140625,66.58131408691406,0.520355224609375,Tomato__Tomato_YellowLeaf__Curl_Virus
C:\Users\jagan\OneDrive\Documents\TRON\Dataset\PlantVillage\Tomato__Tomato_YellowLeaf__Curl_Virus\034a033b-6c59-4a45-a159-291561c711be___UF.GRC_YLCV_Lab 01627.JPG,0.0487213134765625,101.90614318847656,0.432342529296875,0.0487213134765625,101.90614318847656,0.4330596923828125,0.0487213134765625,101.90614318847656,0.4358978271484375,0.0487213134765625,101.90614318847656,0.4414215087890625,0.047607421875,99.10477447509766,0.4480133056640625,Tomato__Tomato_YellowLeaf__Curl_Virus
C:\Users\jagan\OneDrive\Documents\TRON\Dataset\PlantVillage\Tomato__Tomato_YellowLeaf__Curl_Virus\036662aa-5a39-4e1a-adc7-32017654d0ef___YLCV_GCREC 2463.JPG,0.005218505859375,780.553466796875,0.5033111572265625,0.0051116943359375,783.0930786132812,0.5052642822265625,0.00482177734375,799.3297119140625,0.51226806640625,0.00372314453125,941.3794555664062,0.523406982421875,0.005889892578125,902.5414428710938,0.5294189453125,Tomato__Tomato_YellowLeaf__Curl_Virus
C:\Users\jagan\OneDrive\Documents\TRON\Dataset\PlantVillage\Tomato__Tomato_YellowLeaf__Curl_Virus\036ebe7a-a3e5-41cc-9938-1c20a444b6da___UF.GRC_YLCV_Lab 02685.JPG,0.000396728515625,17.427513122558594,0.558013916015625,0.000396728515625,17.427513122558594,0.558197021484375,0.000396728515625,17.427513122558594,0.5587158203125,0.000396728515625,17.427513122558594,0.5629119873046875,0.0,0.0,0.575042724609375,Tomato__Tomato_YellowLeaf__Curl_Virus
C:\Users\jagan\OneDrive\Documents\TRON\Dataset\PlantVillage\Tomato__Tomato_YellowLeaf__Curl_Virus\0383249b-008c-4e0b-b8ee-7eae08be99d3___YLCV_GCREC 2722.JPG,0.0079498291015625,26.767539978027344,0.5077362060546875,0.0079498291015625,26.767539978027344,0.50830078125,0.0079498291015625,26.767539978027344,0.5106201171875,0.0089569091796875,26.74419403076172,0.5178375244140625,0.009979248046875,27.587858200073242,0.52630615234375,Tomato__Tomato_YellowLeaf__Curl_Virus
C:\Users\jagan\OneDrive\Documents\TRON\Dataset\PlantVillage\Tomato__Tomato_YellowLeaf__Curl_Virus\038d757b-d3ae-497b-9a96-00a1d60a8a20___UF.GRC_YLCV_Lab 01358.JPG,0.0072174072265625,57.2485466003418,0.611358642578125,0.0071868896484375,56.871742248535156,0.61199951171875,0.0051116943359375,31.65920066833496,0.6215057373046875,0.0051116943359375,31.65920066833496,0.637908935546875,0.0051116943359375,31.65920066833496,0.6439971923828125,Tomato__Tomato_YellowLeaf__Curl_Virus
C:\Users\jagan\OneDrive\Documents\TRON\Dataset\PlantVillage\Tomato__Tomato_YellowLeaf__Curl_Virus\03b15a5f-1b74-42a1-866a-1c6feb171121___UF.GRC_YLCV_Lab 02358.JPG,0.003631591796875,446.5930480957031,0.4527587890625,0.003631591796875,446.5930480957031,0.452911376953125,0.003631591796875,446.5930480957031,0.45330810546875,0.003631591796875,446.5930480957031,0.4572601318359375,0.00360107421875,450.1605224609375,0.4644012451171875,Tomato__Tomato_YellowLeaf__Curl_Virus
C:\Users\jagan\OneDrive\Documents\TRON\Dataset\PlantVillage\Tomato__Tomato_YellowLeaf__Curl_Virus\03bbea43-5a47-4c6a-b036-9a29152c8f09___UF.GRC_YLCV_Lab 01900.JPG,0.078094482421875,65.19608306884766,0.5693817138671875,0.078094482421875,65.19608306884766,0.5694427490234375,0.078094482421875,65.19608306884766,0.5695648193359375,0.061981201171875,62.86274337768555,0.5856781005859375,0.058868408203125,60.60977554321289,0.6048736572265625,Tomato__Tomato_YellowLeaf__Curl_Virus
C:\Users\jagan\OneDrive\Documents\TRON\Dataset\PlantVillage\Tomato__Tomato_YellowLeaf__Curl_Virus\03d6f96a-c309-4f34-94a3-6d6c3064eaf5___YLCV_GCREC 2841.JPG,0.0043487548828125,584.981689453125,0.501861572265625,0.00433349609375,587.0408325195312,0.503082275390625,0.004791259765625,637.7609252929688,0.506866455078125,0.0047454833984375,636.0006103515625,0.5152587890625,0.0047454833984375,636.921630859375,0.5238037109375,Tomato__Tomato_YellowLeaf__Curl_Virus
C:\Users\jagan\OneDrive\Documents\TRON\Dataset\PlantVillage\Tomato__Tomato_YellowLeaf__Curl_Virus\03fa456e-aa89-409f-a18c-42566f4b2882___UF.GRC_YLCV_Lab 01528.JPG,0.050079345703125,54.03893280029297,0.423370361328125,0.050079345703125,54.03893280029297,0.4234619140625,0.0499114990234375,54.00939178466797,0.4240264892578125,0.049896240234375,53.94773483276367,0.42425537109375,0.0496826171875,53.97673416137695,0.4253082275390625,Tomato__Tomato_YellowLeaf__Curl_Virus
C:\Users\jagan\OneDrive\Documents\TRON\Dataset\PlantVillage\Tomato__Tomato_YellowLeaf__Curl_Virus\0413b5b7-7e05-42ff-b2c6-385edce2dc1a___UF.GRC_YLCV_Lab 02756.JPG,0.0051116943359375,44.09994125366211,0.4624176025390625,0.0051116943359375,44.09994125366211,0.464080810546875,0.0036163330078125,42.076805114746094,0.470733642578125,0.002777099609375,37.83999252319336,0.47796630859375,0.003173828125,40.258785247802734,0.4833984375,Tomato__Tomato_YellowLeaf__Curl_Virus
C:\Users\jagan\OneDrive\Documents\TRON\Dataset\PlantVillage\Tomato__Tomato_YellowLeaf__Curl_Virus\042b346a-35b3-4c4c-986c-658f77a2c82c___UF.GRC_YLCV_Lab 01565.JPG,0.0055999755859375,23.58014488220215,0.469146728515625,0.0055999755859375,23.58014488220215,0.4696502685546875,0.0055999755859375,23.58014488220215,0.47235107421875,0.0055999755859375,23.204402923583984,0.4772796630859375,0.0055999755859375,23.204402923583984,0.4816131591796875,Tomato__Tomato_YellowLeaf__Curl_Virus
C:\Users\jagan\OneDrive\Documents\TRON\Dataset\PlantVillage\Tomato__Tomato_YellowLeaf__Curl_Virus\044f29c7-99d9-48b7-9046-dcf99b11e69c___YLCV_GCREC 5137.JPG,0.0,0.0,0.6065826416015625,0.0,0.0,0.6077880859375,0.0,0.0,0.614044189453125,0.0,0.0,0.623291015625,0.0,0.0,0.63348388671875,Tomato__Tomato_YellowLeaf__Curl_Virus
C:\Users\jagan\OneDrive\Documents\TRON\Dataset\PlantVillage\Tomato__Tomato_YellowLeaf__Curl_Virus\0464962a-0f2c-45bc-855a-06bfe656577a___UF.GRC_YLCV_Lab 01858.JPG,0.0028076171875,29.99574851989746,0.5137939453125,0.0028076171875,29.99574851989746,0.5143585205078125,0.002288818359375,142.9955596923828,0.5167388916015625,0.00225830078125,145.09765625,0.520416259765625,0.00225830078125,145.09765625,0.52276611328125,Tomato__Tomato_YellowLeaf__Curl_Virus
C:\Users\jagan\OneDrive\Documents\TRON\Dataset\PlantVillage\Tomato__Tomato_YellowLeaf__Curl_Virus\04a2f285-b805-4c90-853a-3ee683becb85___UF.GRC_YLCV_Lab 02040.JPG,0.0020599365234375,314.257568359375,0.4048919677734375,0.0020599365234375,314.257568359375,0.40496826171875,0.0020599365234375,314.257568359375,0.405181884765625,0.0020599365234375,314.257568359375,0.4056396484375,0.0020599365234375,314.257568359375,0.4105377197265625,Tomato__Tomato_YellowLeaf__Curl_Virus
C:\Users\jagan\OneDrive\Documents\TRON\Dataset\PlantVillage\Tomato__Tomato_YellowLeaf__Curl_Virus\04e0bd12-ec63-432a-9b4a-23e23bb6d2be___YLCV_GCREC 2208.JPG,0.0045166015625,223.22012329101562,0.57373046875,0.004486083984375,221.0625762939453,0.574127197265625,0.0044403076171875,215.1881561279297,0.57586669921875,0.0029144287109375,180.6337127685547,0.5876922607421875,0.0048828125,165.82357788085938,0.628570556640625,Tomato__Tomato_YellowLeaf__Curl_Virus
C:\Users\jagan\OneDrive\Documents\TRON\Dataset\PlantVillage\Tomato__Tomato_mosaic_virus\01b32f27-2b9b-4961-805b-8066bf4d90f1___PSU_CG 2417.JPG,0.0002593994140625,19598.015625,0.329925537109375,0.0002593994140625,19598.015625,0.33099365234375,0.0002593994140625,19598.015625,0.3360137939453125,0.0002593994140625,19598.015625,0.33721923828125,0.0002593994140625,19598.015625,0.338531494140625,Tomato__Tomato_mosaic_virus
C:\Users\jagan\OneDrive\Documents\TRON\Dataset\PlantVillage\Tomato__Tomato_mosaic_virus\021accd9-bbb2-4777-8f94-93295e6de49e___PSU_CG 2075.JPG,0.0,0.0,0.293975830078125,0.0,0.0,0.2942047119140625,0.0,0.0,0.2953033447265625,0.0,0.0,0.2963104248046875,0.0,0.0,0.29754638671875,Tomato__Tomato_mosaic_virus
C:\Users\jagan\OneDrive\Documents\TRON\Dataset\PlantVillage\Tomato__Tomato_mosaic_virus\02cb8c4e-4542-4020-bb46-025de54d97ae___PSU_CG 2098.JPG,0.0,0.0,0.349365234375,0.0,0.0,0.3499298095703125,0.0,0.0,0.3509521484375,0.0,0.0,0.35260009765625,0.0,0.0,0.3534698486328125,Tomato__Tomato_mosaic_virus
C:\Users\jagan\OneDrive\Documents\TRON\Dataset\PlantVillage\Tomato__Tomato_mosaic_virus\03b6acc7-41a6-4670-b47c-bef6d4baea18___PSU_CG 2363.JPG,0.0,0.0,0.3202362060546875,0.0,0.0,0.320648193359375,0.0,0.0,0.322265625,0.0,0.0,0.3236846923828125,0.0,0.0,0.33001708984375,Tomato__Tomato_mosaic_virus
C:\Users\jagan\OneDrive\Documents\TRON\Dataset\PlantVillage\Tomato__Tomato_mosaic_virus\046a2559-23b4-4018-a3db-337347ceb391___PSU_CG 2321.JPG,0.0,0.0,0.3842315673828125,0.0,0.0,0.3852691650390625,0.0,0.0,0.3916015625,0.0,0.0,0.398468017578125,0.0,0.0,0.404510498046875,Tomato__Tomato_mosaic_virus
C:\Users\jagan\OneDrive\Documents\TRON\Dataset\PlantVillage\Tomato__Tomato_mosaic_virus\09910ece-e505-4e19-ae9b-0d9e2eaa2cb1___PSU_CG 2047.JPG,0.0,0.0,0.3117523193359375,0.0,0.0,0.3133392333984375,0.0,0.0,0.3182220458984375,0.0,0.0,0.3231964111328125,0.0,0.0,0.3261260986328125,Tomato__Tomato_mosaic_virus
C:\Users\jagan\OneDrive\Documents\TRON\Dataset\PlantVillage\Tomato__Tomato_mosaic_virus\0b5e2269-7b37-43ac-9a96-c62b9bba2383___PSU_CG 2243.JPG,0.0,0.0,0.371795654296875,0.0,0.0,0.3723297119140625,0.0,0.0,0.3743438720703125,0.0,0.0,0.376861572265625,0.0,0.0,0.3819580078125,Tomato__Tomato_mosaic_virus
C:\Users\jagan\OneDrive\Documents\TRON\Dataset\PlantVillage\Tomato__Tomato_mosaic_virus\0befa341-0db3-49f4-b4fc-beeb05854bff___PSU_CG 2338.JPG,0.0,0.0,0.3825225830078125,0.0,0.0,0.3830108642578125,0.0,0.0,0.3863983154296875,0.0,0.0,0.390045166015625,0.0,0.0,0.395904541015625,Tomato__Tomato_mosaic_virus
C:\Users\jagan\OneDrive\Documents\TRON\Dataset\PlantVillage\Tomato__Tomato_mosaic_virus\0bf3eb4c-e2cd-4e72-8834-4fc045bd67ae___PSU_CG 2414.JPG,0.0,0.0,0.261566162109375,0.0,0.0,0.261871337890625,0.0,0.0,0.26348876953125,0.0,0.0,0.2667083740234375,0.0,0.0,0.268768310546875,Tomato__Tomato_mosaic_virus
C:\Users\jagan\OneDrive\Documents\TRON\Dataset\PlantVillage\Tomato__Tomato_mosaic_virus\0c779116-043c-4715-b080-16be2e8d2552___PSU_CG 2285.JPG,0.0,0.0,0.3647918701171875,0.0,0.0,0.365234375,0.0,0.0,0.3668212890625,0.0,0.0,0.3686065673828125,0.0,0.0,0.3705291748046875,Tomato__Tomato_mosaic_virus
C:\Users\jagan\OneDrive\Documents\TRON\Dataset\PlantVillage\Tomato__Tomato_mosaic_virus\0ce34f26-3bd6-420e-ba31-0373b465f267___PSU_CG 2099.JPG,0.0003204345703125,3241.741455078125,0.2923583984375,0.0003204345703125,3241.741455078125,0.292724609375,0.0003204345703125,3241.741455078125,0.2934417724609375,0.0003204345703125,3241.741455078125,0.29437255859375,0.0003204345703125,3241.741455078125,0.295135498046875,Tomato__Tomato_mosaic_virus
C:\Users\jagan\OneDrive\Documents\TRON\Dataset\PlantVillage\Tomato__Tomato_mosaic_virus\0dae2780-43e7-40ac-ae45-95e5318c8f32___PSU_CG 2290.JPG,0.0,0.0,0.3970489501953125,0.0,0.0,0.397735595703125,0.0,0.0,0.400604248046875,0.0,0.0,0.4027862548828125,0.0,0.0,0.404693603515625,Tomato__Tomato_mosaic_virus
C:\Users\jagan\OneDrive\Documents\TRON\Dataset\PlantVillage\Tomato__Tomato_mosaic_virus\0fcf9c2a-5c8c-4f37-aa43-6fd41d5e5442___PSU_CG 2055.JPG,0.0,0.0,0.3535308837890625,0.0,0.0,0.354248046875,0.0,0.0,0.3630218505859375,0.0,0.0,0.3667755126953125,0.0,0.0,0.3706207275390625,Tomato__Tomato_mosaic_virus
C:\Users\jagan\OneDrive\Documents\TRON\Dataset\PlantVillage\Tomato__Tomato_mosaic_virus\0fefaaee-79e4-45a6-8606-5a4ab1ea43a2___PSU_CG 2398.JPG,0.0,0.0,0.2991485595703125,0.0,0.0,0.2996673583984375,0.0,0.0,0.301605224609375,0.0,0.0,0.3072052001953125,0.0,0.0,0.3120269775390625,Tomato__Tomato_mosaic_virus
C:\Users\jagan\OneDrive\Documents\TRON\Dataset\PlantVillage\Tomato__Tomato_mosaic_virus\119554ae-c777-46da-abb7-591404fdc65f___PSU_CG 2393.JPG,0.0,0.0,0.32098388671875,0.0,0.0,0.3223724365234375,0.0,0.0,0.3248748779296875,0.0,0.0,0.3270721435546875,0.0,0.0,0.3291168212890625,Tomato__Tomato_mosaic_virus
C:\Users\jagan\OneDrive\Documents\TRON\Dataset\PlantVillage\Tomato__Tomato_mosaic_virus\12f82f12-23f5-4edc-82d7-8bc3ee6f4848___PSU_CG 2373.JPG,0.0006256103515625,27.94645881652832,0.280059814453125,0.00048828125,13.9755859375,0.28033447265625,0.0,0.0,0.28131103515625,0.0,0.0,0.2822113037109375,0.0,0.0,0.2838134765625,Tomato__Tomato_mosaic_virus
C:\Users\jagan\OneDrive\Documents\TRON\Dataset\PlantVillage\Tomato__Tomato_mosaic_virus\1349c403-c930-42be-9bfd-39a099c66f4a___PSU_CG 2328.JPG,0.0,0.0,0.3896636962890625,0.0,0.0,0.3904266357421875,0.0,0.0,0.3923797607421875,0.0,0.0,0.394866943359375,0.0,0.0,0.3968963623046875,Tomato__Tomato_mosaic_virus
C:\Users\jagan\OneDrive\Documents\TRON\Dataset\PlantVillage\Tomato__Tomato_mosaic_virus\14112644-0ec3-465b-af00-ac2286d8e15f___PSU_CG 2344.JPG,0.0,0.0,0.3946380615234375,0.0,0.0,0.3957061767578125,0.0,0.0,0.399261474609375,0.0,0.0,0.4025421142578125,0.0,0.0,0.4054412841796875,Tomato__Tomato_mosaic_virus
C:\Users\jagan\OneDrive\Documents\TRON\Dataset\PlantVillage\Tomato__Tomato_mosaic_virus\146eaf68-7f61-4717-ac81-2f8bb4533fec___PSU_CG 2406.JPG,0.0005645751953125,1578.52880859375,0.361968994140625,0.0005645751953125,1578.52880859375,0.36285400390625,0.0005645751953125,1578.52880859375,0.369140625,0.00048828125,1557.0771484375,0.3739013671875,0.00048828125,1557.0771484375,0.37847900390625,Tomato__Tomato_mosaic_virus
C:\Users\jagan\OneDrive\Documents\TRON\Dataset\PlantVillage\Tomato__Tomato_mosaic_virus\14c21616-aa9e-4d85-8aff-bdf7f4cf3720___PSU_CG 2079.JPG,0.0,0.0,0.2832183837890625,0.0,0.0,0.283660888671875,0.0,0.0,0.28448486328125,0.0,0.0,0.2857666015625,0.0,0.0,0.2870330810546875,Tomato__Tomato_mosaic_virus
C:\Users\jagan\OneDrive\Documents\TRON\Dataset\PlantVillage\Tomato__Tomato_mosaic_virus\1588e951-b57d-47a2-8371-7be3a45fd2cc___PSU_CG 2121.JPG,0.0,0.0,0.2891998291015625,0.0,0.0,0.2898101806640625,0.0,0.0,0.2914276123046875,0.0,0.0,0.29791259765625,0.0,0.0,0.3028106689453125,Tomato__Tomato_mosaic_virus
C:\Users\jagan\OneDrive\Documents\TRON\Dataset\PlantVillage\Tomato__Tomato_mosaic_virus\176ff795-1f59-4248-8374-bf5a88187934___PSU_CG 2160.JPG,0.0,0.0,0.3813323974609375,0.0,0.0,0.382476806640625,0.0,0.0,0.3858184814453125,0.0,0.0,0.390106201171875,0.0,0.0,0.3982696533203125,Tomato__Tomato_mosaic_virus
C:\Users\jagan\OneDrive\Documents\TRON\Dataset\PlantVillage\Tomato__Tomato_mosaic_virus\17964172-e35d-45c6-8273-ae73dfab0cb3___PSU_CG 2074.JPG,0.0,0.0,0.3862152099609375,0.0,0.0,0.386810302734375,0.0,0.0,0.3889007568359375,0.0,0.0,0.3936767578125,0.0,0.0,0.396453857421875,Tomato__Tomato_mosaic_virus
C:\Users\jagan\OneDrive\Documents\TRON\Dataset\PlantVillage\Tomato__Tomato_mosaic_virus\186fd47c-c1a7-4384-b619-dc3c0c0e9d4b___PSU_CG 2203.JPG,0.00164794921875,16129.0322265625,0.351654052734375,0.00164794921875,16129.0322265625,0.352264404296875,0.00164794921875,16129.0322265625,0.354095458984375,0.001617431640625,16062.6474609375,0.357208251953125,0.001617431640625,16062.6474609375,0.3667144775390625,Tomato__Tomato_mosaic_virus
C:\Users\jagan\OneDrive\Documents\TRON\Dataset\PlantVillage\Tomato__Tomato_mosaic_virus\1ae794c7-287b-4a16-9cff-2fa11545eb00___PSU_CG 2102.JPG,0.0,0.0,0.2441558837890625,0.0,0.0,0.244354248046875,0.0,0.0,0.2449188232421875,0.0,0.0,0.2454071044921875,0.0,0.0,0.24639892578125,Tomato__Tomato_mosaic_virus
C:\Users\jagan\OneDrive\Documents\TRON\Dataset\PlantVillage\Tomato__Tomato_mosaic_virus\1b9dc07a-40ab-45bc-a873-1ad4212e35a3___PSU_CG 2289.JPG,0.0,0.0,0.451263427734375,0.0,0.0,0.452178955078125,0.0,0.0,0.45513916015625,0.0,0.0,0.46746826171875,0.0,0.0,0.47442626953125,Tomato__Tomato_mosaic_virus
C:\Users\jagan\OneDrive\Documents\TRON\Dataset\PlantVillage\Tomato__Tomato_mosaic_virus\1ccfd473-6b3d-47a9-897b-0653d7683d75___PSU_CG 2163.JPG,0.00042724609375,469.31121826171875,0.428497314453125,0.00042724609375,469.31121826171875,0.4311370849609375,0.0004425048828125,495.7645568847656,0.43829345703125,0.0004425048828125,495.7645568847656,0.4441375732421875,0.0004425048828125,495.7645568847656,0.451171875,Tomato__Tomato_mosaic_virus
C:\Users\jagan\OneDrive\Documents\TRON\Dataset\PlantVillage\Tomato__Tomato_mosaic_virus\1cee26b4-0ba1-4371-8c7e-c641e6ca311d___PSU_CG 2283.JPG,0.000823974609375,10795.49609375,0.4422760009765625,0.0007781982421875,10757.404296875,0.443206787109375,0.000579833984375,8868.49609375,0.4456024169921875,0.00048828125,7005.85791015625,0.4512939453125,0.0,0.0,0.456146240234375,Tomato__Tomato_mosaic_virus
C:\Users\jagan\OneDrive\Documents\TRON\Dataset\PlantVillage\Tomato__Tomato_mosaic_virus\1d89d788-438c-4cee-9403-6fd8ac9863de___PSU_CG 2254.JPG,0.0033111572265625,5976.98388671875,0.2700347900390625,0.0033111572265625,5976.98388671875,0.2705230712890625,0.0033111572265625,5976.98388671875,0.27215576171875,0.0033111572265625,5976.98388671875,0.2740631103515625,0.0033111572265625,5976.98388671875,0.275787353515625,Tomato__Tomato_mosaic_virus
C:\Users\jagan\OneDrive\Documents\TRON\Dataset\PlantVillage\Tomato__Tomato_mosaic_virus\1f675039-385d-4438-b157-db0c95673580___PSU_CG 2100.JPG,0.0,0.0,0.30438232421875,0.0,0.0,0.3045806884765625,0.0,0.0,0.30535888671875,0.0,0.0,0.306640625,0.0,0.0,0.307769775390625,Tomato__Tomato_mosaic_virus
C:\Users\jagan\OneDrive\Documents\TRON\Dataset\PlantVillage\Tomato__Tomato_mosaic_virus\20ea80e7-dcdc-4df4-80b0-1c6750effed4___PSU_CG 2281.JPG,0.0,0.0,0.27679443359375,0.0,0.0,0.277496337890625,0.0,0.0,0.2791748046875,0.0,0.0,0.282073974609375,0.0,0.0,0.2844696044921875,Tomato__Tomato_mosaic_virus
C:\Users\jagan\OneDrive\Documents\TRON\Dataset\PlantVillage\Tomato__Tomato_mosaic_virus\21fe0741-4ff6-4f8f-8969-6b8bdeea58fa___PSU_CG 2278.JPG,0.0,0.0,0.3402862548828125,0.0,0.0,0.341400146484375,0.0,0.0,0.347381591796875,0.0,0.0,0.3506011962890625,0.0,0.0,0.353729248046875,Tomato__Tomato_mosaic_virus
C:\Users\jagan\OneDrive\Documents\TRON\Dataset\PlantVillage\Tomato__Tomato_mosaic_virus\227c893f-5a46-4df3-859d-ba3a74e4cb82___PSU_CG 2277.JPG,0.0,0.0,0.459259033203125,0.0,0.0,0.460784912109375,0.0,0.0,0.4671630859375,0.0,0.0,0.474151611328125,0.0,0.0,0.479736328125,Tomato__Tomato_mosaic_virus
C:\Users\jagan\OneDrive\Documents\TRON\Dataset\PlantVillage\Tomato__Tomato_mosaic_virus\22a98961-90fb-4ff5-a6db-6313fa61f74b___PSU_CG 2125.JPG,0.0005035400390625,1498.282958984375,0.4208984375,0.0005035400390625,1498.282958984375,0.4225921630859375,0.0005035400390625,1498.282958984375,0.4282989501953125,0.0005035400390625,1498.282958984375,0.432830810546875,0.0005035400390625,1498.282958984375,0.437347412109375,Tomato__Tomato_mosaic_virus
C:\Users\jagan\OneDrive\Documents\TRON\Dataset\PlantVillage\Tomato__Tomato_mosaic_virus\23987cfe-9866-46ce-b4ec-49ad82ede267___PSU_CG 2224.JPG,0.0063323974609375,573.5087890625,0.374298095703125,0.0063323974609375,573.5087890625,0.375091552734375,0.0063323974609375,573.5087890625,0.3793182373046875,0.0063323974609375,573.5087890625,0.3821258544921875,0.0063323974609375,573.5087890625,0.38543701171875,Tomato__Tomato_mosaic_virus
C:\Users\jagan\OneDrive\Documents\TRON\Dataset\PlantVillage\Tomato__Tomato_mosaic_virus\2474f9d1-c3b6-4ec6-bb65-b5d1dd7021dc___PSU_CG 2201.JPG,0.001190185546875,3608.608154296875,0.350067138671875,0.001190185546875,3608.608154296875,0.3505706787109375,0.001190185546875,3608.608154296875,0.3521881103515625,0.001190185546875,3608.608154296875,0.3541412353515625,0.001190185546875,3608.608154296875,0.3588409423828125,Tomato__Tomato_mosaic_virus
C:\Users\jagan\OneDrive\Documents\TRON\Dataset\PlantVillage\Tomato__Tomato_mosaic_virus\2480c7f8-eb75-4606-bf92-24f09ac52a37___PSU_CG 2380.JPG,0.0002593994140625,1113.183349609375,0.309844970703125,0.0002593994140625,1113.183349609375,0.3103485107421875,0.0002593994140625,1113.183349609375,0.311370849609375,0.0002593994140625,1113.183349609375,0.3119659423828125,0.0002593994140625,1113.183349609375,0.31524658203125,Tomato__Tomato_mosaic_virus
C:\Users\jagan\OneDrive\Documents\TRON\Dataset\PlantVillage\Tomato__Tomato_mosaic_virus\25857136-3515-4433-8129-c26f91e94cbe___PSU_CG 2233.JPG,0.001556396484375,21320.474609375,0.3594207763671875,0.001556396484375,21320.474609375,0.3600921630859375,0.001556396484375,21320.474609375,0.363037109375,0.001556396484375,21320.474609375,0.3690338134765625,0.001556396484375,21320.474609375,0.372589111328125,Tomato__Tomato_mosaic_virus
C:\Users\jagan\OneDrive\Documents\TRON\Dataset\PlantVillage\Tomato__Tomato_mosaic_virus\263f99b9-9604-42c3-9a7f-687973b8dc79___PSU_CG 2280.JPG,0.0,0.0,0.392333984375,0.0,0.0,0.3936614990234375,0.0,0.0,0.396636962890625,0.0,0.0,0.40008544921875,0.0,0.0,0.4041290283203125,Tomato__Tomato_mosaic_virus
C:\Users\jagan\OneDrive\Documents\TRON\Dataset\PlantVillage\Tomato__Tomato_mosaic_virus\27000177-5a1d-4539-b78d-07a6f9a38089___PSU_CG 2168.JPG,0.007537841796875,1226.8582763671875,0.277313232421875,0.007537841796875,1226.8582763671875,0.27825927734375,0.007537841796875,1226.8582763671875,0.27978515625,0.007537841796875,1226.8582763671875,0.28167724609375,0.007537841796875,1226.8582763671875,0.2833099365234375,Tomato__Tomato_mosaic_virus
C:\Users\jagan\OneDrive\Documents\TRON\Dataset\PlantVillage\Tomato_healthy\0031da2a-8edd-468f-a8b1-106657717a32___RS_HL 0105.JPG,0.0006561279296875,40960.40625,0.5772552490234375,0.0,0.0,0.5785675048828125,0.0,0.0,0.5844268798828125,0.0,0.0,0.6049041748046875,0.0,0.0,0.6112060546875,Tomato_healthy
C:\Users\jagan\OneDrive\Documents\TRON\Dataset\PlantVillage\Tomato_healthy\003944fc-3b99-4a0f-9ed4-0e07352fd8b3___RS_HL 9844.JPG,0.0,0.0,0.540283203125,0.0,0.0,0.5411224365234375,0.0,0.0,0.549774169921875,0.0,0.0,0.5562591552734375,0.0,0.0,0.5608978271484375,Tomato_healthy
C:\Users\jagan\OneDrive\Documents\TRON\Dataset\PlantVillage\Tomato_healthy\00bce074-967b-4d50-967a-31fdaa35e688___RS_HL 0223.JPG,0.0,0.0,0.6128692626953125,0.0,0.0,0.6140289306640625,0.0,0.0,0.61767578125,0.0,0.0,0.62841796875,0.0,0.0,0.655731201171875,Tomato_healthy
C:\Users\jagan\OneDrive\Documents\TRON\Dataset\PlantVillage\Tomato_healthy\017a4026-813a-4983-887a-4052bb78c397___RS_HL 0218.JPG,0.0,0.0,0.603515625,0.0,0.0,0.6042022705078125,0.0,0.0,0.6100921630859375,0.0,0.0,0.6228790283203125,0.0,0.0,0.6331024169921875,Tomato_healthy
C:\Users\jagan\OneDrive\Documents\TRON\Dataset\PlantVillage\Tomato_healthy\01c1da17-8d9f-4d69-8a1e-58d37453d3c3___RS_HL 9641.JPG,0.0,0.0,0.4475250244140625,0.0,0.0,0.4481201171875,0.0,0.0,0.4504547119140625,0.0,0.0,0.4561767578125,0.0,0.0,0.4621429443359375,Tomato_healthy
C:\Users\jagan\OneDrive\Documents\TRON\Dataset\PlantVillage\Tomato_healthy\02b4afdf-e1de-4c0e-a38d-3f19afeb9ea9___RS_HL 0493.JPG,0.0,0.0,0.5293426513671875,0.0,0.0,0.531097412109375,0.0,0.0,0.5361480712890625,0.0,0.0,0.54400634765625,0.0,0.0,0.5558929443359375,Tomato_healthy
C:\Users\jagan\OneDrive\Documents\TRON\Dataset\PlantVillage\Tomato_healthy\0326b4b6-0f25-47af-bfd9-d8fec314a4f5___RS_HL 0621.JPG,0.0,0.0,0.5245361328125,0.0,0.0,0.52484130859375,0.0,0.0,0.5293426513671875,0.0,0.0,0.5371246337890625,0.0,0.0,0.541168212890625,Tomato_healthy
C:\Users\jagan\OneDrive\Documents\TRON\Dataset\PlantVillage\Tomato_healthy\03bc8804-bc25-4930-b9bf-35c35920dc3f___RS_HL 9940.JPG,0.0,0.0,0.560577392578125,0.0,0.0,0.5612945556640625,0.0,0.0,0.56597900390625,0.0,0.0,0.5796356201171875,0.0,0.0,0.5875091552734375,Tomato_healthy
C:\Users\jagan\OneDrive\Documents\TRON\Dataset\PlantVillage\Tomato_healthy\04141939-3a8c-47b2-a582-e8371ccc120f___RS_HL 0275.JPG,0.0,0.0,0.57403564453125,0.0,0.0,0.5749969482421875,0.0,0.0,0.5787200927734375,0.0,0.0,0.5859375,0.0,0.0,0.6003570556640625,Tomato_healthy
C:\Users\jagan\OneDrive\Documents\TRON\Dataset\PlantVillage\Tomato_healthy\042d59c2-2fd8-45c2-91bb-c0a05dd07f30___RS_HL 0257.JPG,0.0,0.0,0.4562530517578125,0.0,0.0,0.4570465087890625,0.0,0.0,0.463653564453125,0.0,0.0,0.4678955078125,0.0,0.0,0.4711456298828125,Tomato_healthy
C:\Users\jagan\OneDrive\Documents\TRON\Dataset\PlantVillage\Tomato_healthy\04c78dad-c1eb-4a1b-bfeb-da4c7cc528e1___RS_HL 9688.JPG,0.0,0.0,0.5529937744140625,0.0,0.0,0.5535125732421875,0.0,0.0,0.5550079345703125,0.0,0.0,0.563995361328125,0.0,0.0,0.5748138427734375,Tomato_healthy
C:\Users\jagan\OneDrive\Documents\TRON\Dataset\PlantVillage\Tomato_healthy\04dec2d5-560b-4f34-a4a1-36b034031e4d___RS_HL 0516.JPG,0.0,0.0,0.62969970703125,0.0,0.0,0.631500244140625,0.0,0.0,0.6357269287109375,0.0,0.0,0.6441192626953125,0.0,0.0,0.650146484375,Tomato_healthy
C:\Users\jagan\OneDrive\Documents\TRON\Dataset\PlantVillage\Tomato_healthy\06040967-7b02-43b5-a3fc-4490a9a7ded6___RS_HL 0508.JPG,0.0016326904296875,34276.70703125,0.50885009765625,0.0007171630859375,28586.94921875,0.5123748779296875,0.0,0.0,0.5179290771484375,0.0,0.0,0.52740478515625,0.0,0.0,0.5322723388671875,Tomato_healthy
C:\Users\jagan\OneDrive\Documents\TRON\Dataset\PlantVillage\Tomato_healthy\061bd6f1-8532-4bc8-977d-bc48ffab4ac3___RS_HL 0476.JPG,0.0004730224609375,26689.146484375,0.5547332763671875,0.000396728515625,24244.470703125,0.55517578125,0.0,0.0,0.5572967529296875,0.0,0.0,0.56768798828125,0.0,0.0,0.5853729248046875,Tomato_healthy
C:\Users\jagan\OneDrive\Documents\TRON\Dataset\PlantVillage\Tomato_healthy\062c4b5a-59d7-4bc8-a1d0-abdeb6fc9c0e___RS_HL 0295.JPG,0.0,0.0,0.60894775390625,0.0,0.0,0.6109619140625,0.0,0.0,0.6195831298828125,0.0,0.0,0.6245574951171875,0.0,0.0,0.6280517578125,Tomato_healthy
C:\Users\jagan\OneDrive\Documents\TRON\Dataset\PlantVillage\Tomato_healthy\06d3fe74-beca-4722-ae07-eeb671b82780___RS_HL 9701.JPG,0.0,0.0,0.4927215576171875,0.0,0.0,0.4942626953125,0.0,0.0,0.5060882568359375,0.0,0.0,0.5223388671875,0.0,0.0,0.531097412109375,Tomato_healthy
C:\Users\jagan\OneDrive\Documents\TRON\Dataset\PlantVillage\Tomato_healthy\06d90ad5-eb13-49aa-ae04-3a4a5454963d___RS_HL 0620.JPG,0.000335693359375,22111.47265625,0.5889739990234375,0.0,0.0,0.5897216796875,0.0,0.0,0.591949462890625,0.0,0.0,0.6026611328125,0.0,0.0,0.6128082275390625,Tomato_healthy
C:\Users\jagan\OneDrive\Documents\TRON\Dataset\PlantVillage\Tomato_healthy\0764cff7-f198-467a-9afd-d9f0c7bcf7c9___RS_HL 0443.JPG,0.000823974609375,3037.376953125,0.5186767578125,0.000823974609375,3037.376953125,0.5194549560546875,0.001312255859375,3148.369873046875,0.521942138671875,0.001312255859375,3148.369873046875,0.528717041015625,0.001312255859375,3148.369873046875,0.533660888671875,Tomato_healthy
C:\Users\jagan\OneDrive\Documents\TRON\Dataset\PlantVillage\Tomato_healthy\07776423-f0af-455c-a7c1-36215c7e7097___RS_HL 0321.JPG,0.0,0.0,0.571136474609375,0.0,0.0,0.572723388671875,0.0,0.0,0.5788726806640625,0.0,0.0,0.5825653076171875,0.0,0.0,0.593597412109375,Tomato_healthy
C:\Users\jagan\OneDrive\Documents\TRON\Dataset\PlantVillage\Tomato_healthy\0782c04b-2a91-4e10-89a7-cf3d3e48be82___RS_HL 9645.JPG,0.0,0.0,0.4822540283203125,0.0,0.0,0.482696533203125,0.0,0.0,0.4864349365234375,0.0,0.0,0.49163818359375,0.0,0.0,0.524200439453125,Tomato_healthy
C:\Users\jagan\OneDrive\Documents\TRON\Dataset\PlantVillage\Tomato_healthy\07b44f68-fa0b-44b5-91cc-c6a7144fcc93___RS_HL 0357.JPG,0.0,0.0,0.607879638671875,0.0,0.0,0.6091461181640625,0.0,0.0,0.61614990234375,0.0,0.0,0.6233673095703125,0.0,0.0,0.6357574462890625,Tomato_healthy
C:\Users\jagan\OneDrive\Documents\TRON\Dataset\PlantVillage\Tomato_healthy\07c3c887-da7d-4c81-b6ae-fabd1fb0ba5a___RS_HL 9681.JPG,0.0,0.0,0.522613525390625,0.0,0.0,0.5234222412109375,0.0,0.0,0.5266571044921875,0.0,0.0,0.5321807861328125,0.0,0.0,0.5471954345703125,Tomato_healthy
C:\Users\jagan\OneDrive\Documents\TRON\Dataset\PlantVillage\Tomato_healthy\07cb5416-a029-467f-a306-252c2a64d2e6___RS_HL 0543.JPG,0.0,0.0,0.5206298828125,0.0,0.0,0.52142333984375,0.0,0.0,0.524566650390625,0.0,0.0,0.527679443359375,0.0,0.0,0.5338134765625,Tomato_healthy
C:\Users\jagan\OneDrive\Documents\TRON\Dataset\PlantVillage\Tomato_healthy\083426c2-0042-4788-91ea-b7d93395c24a___RS_HL 9929.JPG,0.0,0.0,0.6465606689453125,0.0,0.0,0.6477508544921875,0.0,0.0,0.65423583984375,0.0,0.0,0.6736907958984375,0.0,0.0,0.6989288330078125,Tomato_healthy
C:\Users\jagan\OneDrive\Documents\TRON\Dataset\PlantVillage\Tomato_healthy\087e3b12-a80b-435f-8973-a3b07888f8b4___RS_HL 9847.JPG,0.0,0.0,0.60302734375,0.0,0.0,0.6041412353515625,0.0,0.0,0.60833740234375,0.0,0.0,0.6146087646484375,0.0,0.0,0.638275146484375,Tomato_healthy
C:\Users\jagan\OneDrive\Documents\TRON\Dataset\PlantVillage\Tomato_healthy\0972d906-c7f6-4c30-80f5-6c665ea36770___RS_HL 0115.JPG,0.0,0.0,0.5666351318359375,0.0,0.0,0.5674285888671875,0.0,0.0,0.5733642578125,0.0,0.0,0.576568603515625,0.0,0.0,0.5825042724609375,Tomato_healthy
C:\Users\jagan\OneDrive\Documents\TRON\Dataset\PlantVillage\Tomato_healthy\09e0f4bb-e933-4969-8097-58cf47065790___RS_HL 0387.JPG,0.023681640625,21674.494140625,0.5933074951171875,0.0,0.0,0.6416015625,0.0,0.0,0.64666748046875,0.0,0.0,0.6540069580078125,0.0,0.0,0.6677093505859375,Tomato_healthy
C:\Users\jagan\OneDrive\Documents\TRON\Dataset\PlantVillage\Tomato_healthy\0a0d6a11-ddd6-4dac-8469-d5f65af5afca___RS_HL 0555.JPG,0.0499267578125,29482.498046875,0.499755859375,0.0491943359375,29339.162109375,0.502960205078125,0.0442962646484375,28583.275390625,0.5102691650390625,0.0412445068359375,28121.666015625,0.515716552734375,0.0405120849609375,28083.796875,0.51873779296875,Tomato_healthy
C:\Users\jagan\OneDrive\Documents\TRON\Dataset\PlantVillage\Tomato_healthy\0aacdad5-c9b9-4309-96e3-0797bbed1375___RS_HL 9836.JPG,0.0,0.0,0.503814697265625,0.0,0.0,0.50433349609375,0.0,0.0,0.5065460205078125,0.0,0.0,0.512054443359375,0.0,0.0,0.517730712890625,Tomato_healthy
C:\Users\jagan\OneDrive\Documents\TRON\Dataset\PlantVillage\Tomato_healthy\0b5cfce2-38fd-4984-8926-2d2911c48490___RS_HL 9733.JPG,0.0,0.0,0.54705810546875,0.0,0.0,0.548065185546875,0.0,0.0,0.55316162109375,0.0,0.0,0.5626220703125,0.0,0.0,0.5689697265625,Tomato_healthy
C:\Users\jagan\OneDrive\Documents\TRON\Dataset\PlantVillage\Tomato_healthy\0bfe260c-a71e-474e-bfb1-78f1e5ca5698___RS_HL 0497.JPG,0.0,0.0,0.5530242919921875,0.0,0.0,0.553375244140625,0.0,0.0,0.5572357177734375,0.0,0.0,0.5669403076171875,0.0,0.0,0.5719451904296875,Tomato_healthy
C:\Users\jagan\OneDrive\Documents\TRON\Dataset\PlantVillage\Tomato_healthy\0c3eaf2d-8203-441d-9248-1c64e00b5b8b___RS_HL 0018.JPG,0.0,0.0,0.5988922119140625,0.0,0.0,0.6002349853515625,0.0,0.0,0.6082611083984375,0.0,0.0,0.6163482666015625,0.0,0.0,0.6216888427734375,Tomato_healthy
C:\Users\jagan\OneDrive\Documents\TRON\Dataset\PlantVillage\Tomato_healthy\0cabff41-b00b-4692-98af-6b8b0aeba7aa___RS_HL 9774.JPG,0.0,0.0,0.4964141845703125,0.0,0.0,0.4973602294921875,0.0,0.0,0.5004730224609375,0.0,0.0,0.5029144287109375,0.0,0.0,0.5081634521484375,Tomato_healthy
C:\Users\jagan\OneDrive\Documents\TRON\Dataset\PlantVillage\Tomato_healthy\0caff918-5807-40f2-b9e4-7dd34a7bab5d___RS_HL 0345.JPG,0.0,0.0,0.56085205078125,0.0,0.0,0.5615386962890625,0.0,0.0,0.5641632080078125,0.0,0.0,0.5662689208984375,0.0,0.0,0.572509765625,Tomato_healthy
C:\Users\jagan\OneDrive\Documents\TRON\Dataset\PlantVillage\Tomato_healthy\0d3691ab-5413-4313-870e-9e5d2faf33ea___RS_HL 9958.JPG,0.000518798828125,21308.046875,0.4700164794921875,0.0004425048828125,22223.0078125,0.470855712890625,0.0002593994140625,21287.298828125,0.47955322265625,0.0002593994140625,21287.298828125,0.4839324951171875,0.0002593994140625,21287.298828125,0.4874267578125,Tomato_healthy
C:\Users\jagan\OneDrive\Documents\TRON\Dataset\PlantVillage\Tomato_healthy\0d515778-61ef-4f0b-ab54-75607c80220f___RS_HL 9745.JPG,0.0,0.0,0.51934814453125,0.0,0.0,0.5200347900390625,0.0,0.0,0.5237884521484375,0.0,0.0,0.5307769775390625,0.0,0.0,0.5409393310546875,Tomato_healthy
C:\Users\jagan\OneDrive\Documents\TRON\Dataset\PlantVillage\Tomato_healthy\0d615a38-cfa4-45e4-b1b4-9977220e19ca___RS_HL 9815.JPG,0.0,0.0,0.576873779296875,0.0,0.0,0.5797119140625,0.0,0.0,0.5845947265625,0.0,0.0,0.589141845703125,0.0,0.0,0.601898193359375,Tomato_healthy
C:\Users\jagan\OneDrive\Documents\TRON\Dataset\PlantVillage\Tomato_healthy\0d789240-9714-4378-8b63-4afb12ddfa44___RS_HL 9735.JPG,0.0001678466796875,17108.380859375,0.5715484619140625,0.0001678466796875,17108.380859375,0.5728302001953125,0.0001678466796875,17108.380859375,0.5766448974609375,0.0001678466796875,17108.380859375,0.580963134765625,0.0001678466796875,17108.380859375,0.5972137451171875,Tomato_healthy
C:\Users\jagan\OneDrive\Documents\TRON\Dataset\PlantVillage\Tomato_healthy\0d91db63-181b-4c3a-939b-181cc812e466___RS_HL 0308.JPG,0.002044677734375,27352.119140625,0.6669921875,0.001220703125,26303.068359375,0.671905517578125,0.0006103515625,29253.025390625,0.6834259033203125,0.0,0.0,0.7023773193359375,0.0,0.0,0.7140960693359375,Tomato_healthy
C:\Users\jagan\OneDrive\Documents\TRON\Dataset\PlantVillage\Tomato_healthy\0d932b2a-584e-4971-8590-70c5f0a049cf___RS_HL 9739.JPG,0.0,0.0,0.59515380859375,0.0,0.0,0.5976715087890625,0.0,0.0,0.606475830078125,0.0,0.0,0.6163482666015625,0.0,0.0,0.6246795654296875,Tomato_healthy
