src,cls,"all|A open5, largest+close0","tis|A open5, largest+close0","tex|A open5, largest+close0","area|A open5, largest+close0","all|A open5, largest+close41","tis|A open5, largest+close41","tex|A open5, largest+close41","area|A open5, largest+close41","all|C open3, multi+close0","tis|C open3, multi+close0","tex|C open3, multi+close0","area|C open3, multi+close0","all|C open3, multi+close41","tis|C open3, multi+close41","tex|C open3, multi+close41","area|C open3, multi+close41"
C:\Users\jagan\OneDrive\Documents\TRON\Dataset\PlantVillage\Pepper__bell___Bacterial_spot\0022d6b7-d47c-4ee2-ae9a-392a53f48647___JR_B.Spot 8964.JPG,Pepper__bell___Bacterial_spot,0.0,0.0,0.0,0.583587646484375,0.0,0.0,0.0,0.59228515625,0.0,0.0,0.0,0.586090087890625,0.0,0.0,0.0,0.595245361328125
C:\Users\jagan\OneDrive\Documents\TRON\Dataset\PlantVillage\Pepper__bell___Bacterial_spot\006adb74-934f-448f-a14f-62181742127b___JR_B.Spot 3395.JPG,Pepper__bell___Bacterial_spot,0.0,0.0,0.0,0.6782989501953125,0.0,0.0,0.0,0.692626953125,0.0,0.0,0.0,0.6798248291015625,0.0,0.0,0.0,0.693817138671875
C:\Users\jagan\OneDrive\Documents\TRON\Dataset\PlantVillage\Pepper__bell___Bacterial_spot\00f2e69a-1e56-412d-8a79-fdce794a17e4___JR_B.Spot 3132.JPG,Pepper__bell___Bacterial_spot,0.0,0.0,0.0,0.6268310546875,0.0,0.0,0.0,0.658660888671875,0.0,0.0,0.0,0.627960205078125,0.0,0.0,0.0,0.659149169921875
C:\Users\jagan\OneDrive\Documents\TRON\Dataset\PlantVillage\Pepper__bell___Bacterial_spot\018e494e-d2eb-468b-9d02-40219d9f4921___JR_B.Spot 9045.JPG,Pepper__bell___Bacterial_spot,0.0,0.0,0.0,0.6792755126953125,0.0,0.0,0.0,0.693115234375,0.0,0.0,0.0,0.68011474609375,0.0,0.0,0.0,0.6937255859375
C:\Users\jagan\OneDrive\Documents\TRON\Dataset\PlantVillage\Pepper__bell___Bacterial_spot\02baf62e-11e2-4dde-97fb-e369b57d55d3___JR_B.Spot 8971.JPG,Pepper__bell___Bacterial_spot,0.0102691650390625,0.0102691650390625,1460.74072265625,0.578521728515625,0.0102691650390625,0.0102691650390625,1460.74072265625,0.5942230224609375,0.0102691650390625,0.0102691650390625,1460.74072265625,0.579986572265625,0.0102691650390625,0.0102691650390625,1460.74072265625,0.5962371826171875
C:\Users\jagan\OneDrive\Documents\TRON\Dataset\PlantVillage\Pepper__bell___Bacterial_spot\03bb7042-3fd5-42e1-aa2c-d51d6843704c___JR_B.Spot 8925.JPG,Pepper__bell___Bacterial_spot,0.0,0.0,0.0,0.626251220703125,0.0,0.0,0.0,0.63714599609375,0.0,0.0,0.0,0.6267852783203125,0.0,0.0,0.0,0.637542724609375
C:\Users\jagan\OneDrive\Documents\TRON\Dataset\PlantVillage\Pepper__bell___Bacterial_spot\05287bcb-610b-440f-9337-c4ce98bc3bbe___JR_B.Spot 3327.JPG,Pepper__bell___Bacterial_spot,0.00689697265625,0.0,276.8630676269531,0.70574951171875,0.006622314453125,0.0,270.1277770996094,0.72955322265625,0.00689697265625,0.0,276.8630676269531,0.70611572265625,0.006622314453125,0.0,270.1277770996094,0.7294464111328125
C:\Users\jagan\OneDrive\Documents\TRON\Dataset\PlantVillage\Pepper__bell___Bacterial_spot\0558ff5a-45c7-4ea0-9479-3f71f0048208___JR_B.Spot 3183.JPG,Pepper__bell___Bacterial_spot,0.0097503662109375,0.0,42.12784194946289,0.5932464599609375,0.0045318603515625,0.0,39.91554260253906,0.6103057861328125,0.0097503662109375,0.0,42.12784194946289,0.59405517578125,0.0045318603515625,0.0,39.91554260253906,0.61114501953125
C:\Users\jagan\OneDrive\Documents\TRON\Dataset\PlantVillage\Pepper__bell___Bacterial_spot\05af15b5-fbda-4dab-a4ba-c783d531d24d___JR_B.Spot 3150.JPG,Pepper__bell___Bacterial_spot,0.0,0.0,0.0,0.56646728515625,0.0,0.0,0.0,0.581268310546875,0.0,0.0,0.0,0.56646728515625,0.0,0.0,0.0,0.581298828125
C:\Users\jagan\OneDrive\Documents\TRON\Dataset\PlantVillage\Pepper__bell___Bacterial_spot\09035eae-2a1c-4718-8877-5270a1fe8462___JR_B.Spot 3280.JPG,Pepper__bell___Bacterial_spot,0.0,0.0,0.0,0.7440185546875,0.0,0.0,0.0,0.7569122314453125,0.0,0.0,0.0,0.74932861328125,0.0,0.0,0.0,0.7642669677734375
C:\Users\jagan\OneDrive\Documents\TRON\Dataset\PlantVillage\Pepper__bell___Bacterial_spot\092b3e29-d29a-482f-9207-3cd5fbed6710___JR_B.Spot 3238.JPG,Pepper__bell___Bacterial_spot,0.0481414794921875,0.0,232.3463592529297,0.593505859375,0.0469512939453125,0.0,244.7626190185547,0.6107177734375,0.048126220703125,0.0,232.8395233154297,0.59423828125,0.0470123291015625,0.0,245.1284942626953,0.6114654541015625
C:\Users\jagan\OneDrive\Documents\TRON\Dataset\PlantVillage\Pepper__bell___Bacterial_spot\0bd0f439-013b-40ed-a6d1-4e67e971d437___JR_B.Spot 3272.JPG,Pepper__bell___Bacterial_spot,0.0332183837890625,0.0332183837890625,2994.86083984375,0.740386962890625,0.0332183837890625,0.0332183837890625,2994.86083984375,0.76593017578125,0.0,0.0,0.0,0.77593994140625,0.0,0.0,0.0,0.8094635009765625
C:\Users\jagan\OneDrive\Documents\TRON\Dataset\PlantVillage\Pepper__bell___Bacterial_spot\0c1eb1fd-9e3a-4396-81bc-7d1d3eccc5ed___JR_B.Spot 3369.JPG,Pepper__bell___Bacterial_spot,0.0045166015625,0.0,28.916807174682617,0.6502838134765625,0.0046844482421875,0.0,27.60460090637207,0.6597442626953125,0.0045013427734375,0.0,28.555173873901367,0.6503143310546875,0.004669189453125,0.0,27.259613037109375,0.659820556640625
C:\Users\jagan\OneDrive\Documents\TRON\Dataset\PlantVillage\Pepper__bell___Bacterial_spot\0c2392f6-3e69-4baf-b9f3-197623f6631a___JR_B.Spot 3176.JPG,Pepper__bell___Bacterial_spot,0.056884765625,0.0021514892578125,138.07528686523438,0.6475677490234375,0.0606842041015625,0.00213623046875,133.40774536132812,0.6525421142578125,0.0568389892578125,0.0,137.6777801513672,0.65191650390625,0.0577239990234375,0.0,132.86337280273438,0.6597442626953125
C:\Users\jagan\OneDrive\Documents\TRON\Dataset\PlantVillage\Pepper__bell___Bacterial_spot\0c4e75b2-e4aa-437e-815c-636271d66bec___JR_B.Spot 3244.JPG,Pepper__bell___Bacterial_spot,0.0,0.0,0.0,0.658538818359375,0.0,0.0,0.0,0.6656951904296875,0.0,0.0,0.0,0.658660888671875,0.0,0.0,0.0,0.66650390625
C:\Users\jagan\OneDrive\Documents\TRON\Dataset\PlantVillage\Pepper__bell___Bacterial_spot\0c99cb45-b4e0-4ade-bba5-fab3b678f0bb___JR_B.Spot 8912.JPG,Pepper__bell___Bacterial_spot,0.0,0.0,0.0,0.58892822265625,0.0,0.0,0.0,0.5979766845703125,0.0,0.0,0.0,0.5914154052734375,0.0,0.0,0.0,0.6002197265625
C:\Users\jagan\OneDrive\Documents\TRON\Dataset\PlantVillage\Pepper__bell___Bacterial_spot\0d8421cd-eebc-4018-b591-12352dd970a7___JR_B.Spot 3234.JPG,Pepper__bell___Bacterial_spot,0.04351806640625,0.0,260.6502380371094,0.643585205078125,0.0423736572265625,0.0,267.86285400390625,0.6619415283203125,0.0435028076171875,0.0,260.3529968261719,0.644866943359375,0.0423583984375,0.0,267.9613952636719,0.663177490234375
C:\Users\jagan\OneDrive\Documents\TRON\Dataset\PlantVillage\Pepper__bell___Bacterial_spot\0e57b44f-bb06-43ec-8688-5a7985b461e7___JR_B.Spot 8970.JPG,Pepper__bell___Bacterial_spot,0.0,0.0,0.0,0.6676483154296875,0.0,0.0,0.0,0.6810150146484375,0.0,0.0,0.0,0.668121337890625,0.0,0.0,0.0,0.68157958984375
C:\Users\jagan\OneDrive\Documents\TRON\Dataset\PlantVillage\Pepper__bell___Bacterial_spot\0fdb66e8-b17d-42c2-bc6d-30dcfab8fcae___JR_B.Spot 9058.JPG,Pepper__bell___Bacterial_spot,0.0514068603515625,0.0514068603515625,525.840576171875,0.5942840576171875,0.0513916015625,0.0513916015625,525.9827270507812,0.6078338623046875,0.006744384765625,0.006744384765625,669.2523193359375,0.633758544921875,0.0029449462890625,0.0029449462890625,493.9919128417969,0.6523284912109375
C:\Users\jagan\OneDrive\Documents\TRON\Dataset\PlantVillage\Pepper__bell___Bacterial_spot\1024fbd6-ded7-4532-becb-aeb624ea832b___JR_B.Spot 8884.JPG,Pepper__bell___Bacterial_spot,0.0,0.0,0.0,0.5791778564453125,0.0,0.0,0.0,0.5916748046875,0.0,0.0,0.0,0.5801544189453125,0.0,0.0,0.0,0.5922088623046875
C:\Users\jagan\OneDrive\Documents\TRON\Dataset\PlantVillage\Pepper__bell___Bacterial_spot\11092e1c-9fdc-4405-85b9-a8d7548f12bb___JR_B.Spot 9051.JPG,Pepper__bell___Bacterial_spot,0.0,0.0,0.0,0.7043914794921875,0.0,0.0,0.0,0.7237396240234375,0.0,0.0,0.0,0.70538330078125,0.0,0.0,0.0,0.7248382568359375
C:\Users\jagan\OneDrive\Documents\TRON\Dataset\PlantVillage\Pepper__bell___Bacterial_spot\11a23270-53e7-41b6-8c79-91caeaf9cfa6___JR_B.Spot 9050.JPG,Pepper__bell___Bacterial_spot,0.0,0.0,0.0,0.63751220703125,0.0,0.0,0.0,0.6548919677734375,0.0,0.0,0.0,0.6379241943359375,0.0,0.0,0.0,0.655181884765625
C:\Users\jagan\OneDrive\Documents\TRON\Dataset\PlantVillage\Pepper__bell___Bacterial_spot\11b85334-0029-430e-873d-9402bd9e5e9f___JR_B.Spot 9031.JPG,Pepper__bell___Bacterial_spot,0.0,0.0,0.0,0.6135711669921875,0.0,0.0,0.0,0.620391845703125,0.0,0.0,0.0,0.6138458251953125,0.0,0.0,0.0,0.6204986572265625
C:\Users\jagan\OneDrive\Documents\TRON\Dataset\PlantVillage\Pepper__bell___Bacterial_spot\11e6ce0a-8511-485a-b22c-21b978d28e5e___JR_B.Spot 3383.JPG,Pepper__bell___Bacterial_spot,0.0,0.0,0.0,0.6326141357421875,0.0,0.0,0.0,0.6408538818359375,0.0,0.0,0.0,0.63330078125,0.0,0.0,0.0,0.6407623291015625
C:\Users\jagan\OneDrive\Documents\TRON\Dataset\PlantVillage\Pepper__bell___Bacterial_spot\121268d0-b5e9-452b-aa45-df90ddcc5ee5___JR_B.Spot 8876.JPG,Pepper__bell___Bacterial_spot,0.0,0.0,0.0,0.5802459716796875,0.0,0.0,0.0,0.5916748046875,0.0,0.0,0.0,0.5803070068359375,0.0,0.0,0.0,0.5916900634765625
C:\Users\jagan\OneDrive\Documents\TRON\Dataset\PlantVillage\Pepper__bell___Bacterial_spot\1219f26f-a23a-4c2a-99f0-407fc785c74a___JR_B.Spot 3332.JPG,Pepper__bell___Bacterial_spot,0.0,0.0,0.0,0.613525390625,0.0,0.0,0.0,0.620697021484375,0.0,0.0,0.0,0.6159515380859375,0.0,0.0,0.0,0.6237030029296875
C:\Users\jagan\OneDrive\Documents\TRON\Dataset\PlantVillage\Pepper__bell___Bacterial_spot\12c953a0-bd3e-45d0-aaea-5139f5d63e01___JR_B.Spot 8863.JPG,Pepper__bell___Bacterial_spot,0.0,0.0,0.0,0.58099365234375,0.0,0.0,0.0,0.58612060546875,0.0,0.0,0.0,0.5811309814453125,0.0,0.0,0.0,0.5862579345703125
C:\Users\jagan\OneDrive\Documents\TRON\Dataset\PlantVillage\Pepper__bell___Bacterial_spot\131dd897-98e3-45f0-9b4a-48471c4cbf4c___JR_B.Spot 8845.JPG,Pepper__bell___Bacterial_spot,0.0,0.0,0.0,0.6276397705078125,0.0,0.0,0.0,0.63787841796875,0.0,0.0,0.0,0.6284332275390625,0.0,0.0,0.0,0.6383209228515625
C:\Users\jagan\OneDrive\Documents\TRON\Dataset\PlantVillage\Pepper__bell___Bacterial_spot\141a46fa-9293-4810-9cf6-b329346f8fb2___JR_B.Spot 8995.JPG,Pepper__bell___Bacterial_spot,0.02490234375,0.02490234375,455.4397277832031,0.6360931396484375,0.0247344970703125,0.0247344970703125,453.6846923828125,0.6602630615234375,0.02490234375,0.02490234375,455.4397277832031,0.63690185546875,0.0247344970703125,0.0247344970703125,453.6846923828125,0.660980224609375
C:\Users\jagan\OneDrive\Documents\TRON\Dataset\PlantVillage\Pepper__bell___Bacterial_spot\144ae14f-dbf4-4dfa-9d47-98fb33009a48___JR_B.Spot 3364.JPG,Pepper__bell___Bacterial_spot,0.0,0.0,0.0,0.70166015625,0.0,0.0,0.0,0.73211669921875,0.0,0.0,0.0,0.7023162841796875,0.0,0.0,0.0,0.7323455810546875
C:\Users\jagan\OneDrive\Documents\TRON\Dataset\PlantVillage\Pepper__bell___Bacterial_spot\146d24cd-0c7e-458b-9f82-7b27525b04e4___JR_B.Spot 3329.JPG,Pepper__bell___Bacterial_spot,0.0054473876953125,0.0,196.8803253173828,0.7108306884765625,0.0032806396484375,0.0,179.2284698486328,0.72808837890625,0.0054473876953125,0.0,196.8803253173828,0.710784912109375,0.0032806396484375,0.0,179.2284698486328,0.7283172607421875
C:\Users\jagan\OneDrive\Documents\TRON\Dataset\PlantVillage\Pepper__bell___Bacterial_spot\14a96020-2720-43c5-8638-e70b90ebd573___JR_B.Spot 9039.JPG,Pepper__bell___Bacterial_spot,0.0,0.0,0.0,0.62872314453125,0.0,0.0,0.0,0.640899658203125,0.0,0.0,0.0,0.6291046142578125,0.0,0.0,0.0,0.6411895751953125
C:\Users\jagan\OneDrive\Documents\TRON\Dataset\PlantVillage\Pepper__bell___Bacterial_spot\14c4fd88-6d2a-4701-94ce-ab9e4b277f57___JR_B.Spot 8875.JPG,Pepper__bell___Bacterial_spot,0.0,0.0,0.0,0.6710662841796875,0.0,0.0,0.0,0.6854248046875,0.0,0.0,0.0,0.6711883544921875,0.0,0.0,0.0,0.6855621337890625
C:\Users\jagan\OneDrive\Documents\TRON\Dataset\PlantVillage\Pepper__bell___Bacterial_spot\15b7cf0f-46ea-4390-a902-375b5b68e3fd___JR_B.Spot 3320.JPG,Pepper__bell___Bacterial_spot,0.0,0.0,0.0,0.6909942626953125,0.0,0.0,0.0,0.6996002197265625,0.0,0.0,0.0,0.6910552978515625,0.0,0.0,0.0,0.699462890625
C:\Users\jagan\OneDrive\Documents\TRON\Dataset\PlantVillage\Pepper__bell___Bacterial_spot\15f3b9e4-9127-4404-904b-173dbe878fd6___JR_B.Spot 3226.JPG,Pepper__bell___Bacterial_spot,0.0194854736328125,0.0,69.05927276611328,0.6433258056640625,0.0239715576171875,0.0,75.98345947265625,0.6698455810546875,0.022186279296875,0.0,73.24688720703125,0.6444549560546875,0.02197265625,0.0,71.93688201904297,0.670562744140625
C:\Users\jagan\OneDrive\Documents\TRON\Dataset\PlantVillage\Pepper__bell___Bacterial_spot\162a3375-31e6-48f4-9b78-ab35054fb86c___JR_B.Spot 3397.JPG,Pepper__bell___Bacterial_spot,0.0,0.0,0.0,0.53369140625,0.0,0.0,0.0,0.5400848388671875,0.0,0.0,0.0,0.5354766845703125,0.0,0.0,0.0,0.542694091796875
C:\Users\jagan\OneDrive\Documents\TRON\Dataset\PlantVillage\Pepper__bell___Bacterial_spot\1694ae00-3c5f-488c-9402-e65c70c73cf2___JR_B.Spot 3179.JPG,Pepper__bell___Bacterial_spot,0.0533294677734375,0.0533294677734375,419.3668212890625,0.6250152587890625,0.02996826171875,0.02996826171875,423.41363525390625,0.6388397216796875,0.0512542724609375,0.0512542724609375,331.28515625,0.62774658203125,0.0286712646484375,0.0286712646484375,375.37005615234375,0.640777587890625
C:\Users\jagan\OneDrive\Documents\TRON\Dataset\PlantVillage\Pepper__bell___Bacterial_spot\17000d8e-8095-4f00-b704-b94b1c531d8d___JR_B.Spot 3384.JPG,Pepper__bell___Bacterial_spot,0.0062408447265625,0.0062408447265625,428.0332336425781,0.6354217529296875,0.0062408447265625,0.0062408447265625,428.0332336425781,0.6481170654296875,0.0062408447265625,0.0062408447265625,428.0332336425781,0.6377105712890625,0.0062408447265625,0.0062408447265625,428.0332336425781,0.651458740234375
C:\Users\jagan\OneDrive\Documents\TRON\Dataset\PlantVillage\Pepper__bell___Bacterial_spot\177e323a-7c1d-41f2-a6b3-8ea30795054f___JR_B.Spot 8941.JPG,Pepper__bell___Bacterial_spot,0.0,0.0,0.0,0.5806884765625,0.0,0.0,0.0,0.5904998779296875,0.0,0.0,0.0,0.5810699462890625,0.0,0.0,0.0,0.5908966064453125
C:\Users\jagan\OneDrive\Documents\TRON\Dataset\PlantVillage\Pepper__bell___Bacterial_spot\17c4557b-7a8f-4ded-b11c-6c5ba3532f37___JR_B.Spot 8824.JPG,Pepper__bell___Bacterial_spot,0.0,0.0,0.0,0.5362091064453125,0.0,0.0,0.0,0.5447998046875,0.0,0.0,0.0,0.536956787109375,0.0,0.0,0.0,0.5458831787109375
C:\Users\jagan\OneDrive\Documents\TRON\Dataset\PlantVillage\Pepper__bell___healthy\00100ffa-095e-4881-aebf-61fe5af7226e___JR_HL 7886.JPG,Pepper__bell___healthy,0.0,0.0,0.0,0.6707000732421875,0.0,0.0,0.0,0.6910552978515625,0.0,0.0,0.0,0.6706085205078125,0.0,0.0,0.0,0.690704345703125
C:\Users\jagan\OneDrive\Documents\TRON\Dataset\PlantVillage\Pepper__bell___healthy\00208a93-7687-4e8c-b79e-3138687e0f38___JR_HL 7955.JPG,Pepper__bell___healthy,0.01483154296875,0.0,74.47695922851562,0.560150146484375,0.0147857666015625,0.0,73.98921203613281,0.5797271728515625,0.01483154296875,0.0,74.47695922851562,0.5602569580078125,0.0147857666015625,0.0,73.98921203613281,0.5797576904296875
C:\Users\jagan\OneDrive\Documents\TRON\Dataset\PlantVillage\Pepper__bell___healthy\002f87b7-e1a5-49e5-a422-bb423630ded5___JR_HL 8068.JPG,Pepper__bell___healthy,0.0,0.0,0.0,0.5961456298828125,0.0,0.0,0.0,0.60791015625,0.0,0.0,0.0,0.596710205078125,0.0,0.0,0.0,0.608642578125
C:\Users\jagan\OneDrive\Documents\TRON\Dataset\PlantVillage\Pepper__bell___healthy\00726ad4-2569-46ce-9d4e-dbf82b14bd94___JR_HL 8686.JPG,Pepper__bell___healthy,0.039764404296875,0.0,45.26538848876953,0.5748291015625,0.049072265625,0.0,57.82343292236328,0.5804290771484375,0.038818359375,0.0,42.05266189575195,0.575714111328125,0.0322265625,0.0,23.049671173095703,0.5825042724609375
C:\Users\jagan\OneDrive\Documents\TRON\Dataset\PlantVillage\Pepper__bell___healthy\0119205b-cfac-4322-be37-dcc401fcfa11___JR_HL 8527.JPG,Pepper__bell___healthy,0.0,0.0,0.0,0.67071533203125,0.0,0.0,0.0,0.696014404296875,0.0,0.0,0.0,0.6710357666015625,0.0,0.0,0.0,0.696746826171875
C:\Users\jagan\OneDrive\Documents\TRON\Dataset\PlantVillage\Pepper__bell___healthy\01482fdd-5dfd-4190-bbc0-6189a3161fae___JR_HL 7983.JPG,Pepper__bell___healthy,0.0,0.0,0.0,0.6066741943359375,0.0,0.0,0.0,0.6139068603515625,0.0,0.0,0.0,0.6081390380859375,0.0,0.0,0.0,0.6148223876953125
C:\Users\jagan\OneDrive\Documents\TRON\Dataset\PlantVillage\Pepper__bell___healthy\016c8a9f-8eab-41b2-bb4b-0eb6ed0b2a7d___JR_HL 8591.JPG,Pepper__bell___healthy,0.019866943359375,0.019866943359375,319.7052001953125,0.586456298828125,0.0222625732421875,0.0222625732421875,338.25128173828125,0.5949554443359375,0.0199432373046875,0.0199432373046875,319.9088439941406,0.586700439453125,0.022430419921875,0.022430419921875,339.5727844238281,0.59527587890625
C:\Users\jagan\OneDrive\Documents\TRON\Dataset\PlantVillage\Pepper__bell___healthy\01d03cb9-4505-458c-a6dc-648dedccd71a___JR_HL 8474.JPG,Pepper__bell___healthy,0.0,0.0,0.0,0.6368560791015625,0.0,0.0,0.0,0.650482177734375,0.0,0.0,0.0,0.6370849609375,0.0,0.0,0.0,0.65057373046875
C:\Users\jagan\OneDrive\Documents\TRON\Dataset\PlantVillage\Pepper__bell___healthy\01dd93b0-0e34-447b-87ea-ccc9f2b62d03___JR_HL 8005.JPG,Pepper__bell___healthy,0.0,0.0,0.0,0.6765594482421875,0.0,0.0,0.0,0.6838531494140625,0.0,0.0,0.0,0.6781158447265625,0.0,0.0,0.0,0.6847076416015625
C:\Users\jagan\OneDrive\Documents\TRON\Dataset\PlantVillage\Pepper__bell___healthy\01fbd010-0cc1-4c48-98bc-49e328bf9bbc___JR_HL 8584.JPG,Pepper__bell___healthy,0.0,0.0,0.0,0.611724853515625,0.0070343017578125,0.0,112.05068969726562,0.6316375732421875,0.0,0.0,0.0,0.6117706298828125,0.0070343017578125,0.0,112.05068969726562,0.631683349609375
C:\Users\jagan\OneDrive\Documents\TRON\Dataset\PlantVillage\Pepper__bell___healthy\023563f1-a71a-433d-aefc-d6c7aef8e9eb___JR_HL 8067.JPG,Pepper__bell___healthy,0.0101165771484375,0.0,168.72068786621094,0.7075653076171875,0.0083465576171875,0.0,153.05984497070312,0.71966552734375,0.0096893310546875,0.0,165.03759765625,0.710418701171875,0.0079193115234375,0.0,154.255859375,0.7216644287109375
C:\Users\jagan\OneDrive\Documents\TRON\Dataset\PlantVillage\Pepper__bell___healthy\02a7d2e5-9169-4856-9683-d4fa9894e012___JR_HL 8002.JPG,Pepper__bell___healthy,0.0,0.0,0.0,0.658355712890625,0.0,0.0,0.0,0.6649322509765625,0.0,0.0,0.0,0.6613311767578125,0.0,0.0,0.0,0.667510986328125
C:\Users\jagan\OneDrive\Documents\TRON\Dataset\PlantVillage\Pepper__bell___healthy\030eee8e-5db2-4596-8ebc-6ab9b2fec504___JR_HL 5993.JPG,Pepper__bell___healthy,0.0,0.0,0.0,0.4940948486328125,0.0,0.0,0.0,0.505950927734375,0.0,0.0,0.0,0.4975433349609375,0.0,0.0,0.0,0.5153045654296875
C:\Users\jagan\OneDrive\Documents\TRON\Dataset\PlantVillage\Pepper__bell___healthy\031f6e91-afc0-48c2-8989-a2ce770549d5___JR_HL 7911.JPG,Pepper__bell___healthy,0.272003173828125,0.272003173828125,9117.556640625,0.289703369140625,0.2639617919921875,0.2639617919921875,8887.033203125,0.4018707275390625,0.032623291015625,0.032623291015625,8907.732421875,0.6424713134765625,0.002105712890625,0.002105712890625,346.0355529785156,0.6939849853515625
C:\Users\jagan\OneDrive\Documents\TRON\Dataset\PlantVillage\Pepper__bell___healthy\03396fd1-be05-40a7-81b2-67000e77d479___JR_HL 8721.JPG,Pepper__bell___healthy,0.0,0.0,0.0,0.5579071044921875,0.0,0.0,0.0,0.571319580078125,0.0,0.0,0.0,0.557891845703125,0.0,0.0,0.0,0.5709686279296875
C:\Users\jagan\OneDrive\Documents\TRON\Dataset\PlantVillage\Pepper__bell___healthy\035746b5-cbe6-4e5d-9c3a-4bfc5c6cf5a1___JR_HL 7728.JPG,Pepper__bell___healthy,0.008941650390625,0.0,273.83013916015625,0.6484222412109375,0.00537109375,0.00537109375,307.3693542480469,0.66375732421875,0.008941650390625,0.0,273.83013916015625,0.6495208740234375,0.004425048828125,0.004425048828125,333.2447204589844,0.6640167236328125
C:\Users\jagan\OneDrive\Documents\TRON\Dataset\PlantVillage\Pepper__bell___healthy\0371d114-2c42-40c5-b2cd-acf2072520e2___JR_HL 7914.JPG,Pepper__bell___healthy,0.091583251953125,0.091583251953125,4457.6171875,0.516265869140625,0.088592529296875,0.088592529296875,3430.18798828125,0.55084228515625,0.0529937744140625,0.0529937744140625,1945.0665283203125,0.6121826171875,0.014312744140625,0.0115203857421875,142.9967803955078,0.67108154296875
C:\Users\jagan\OneDrive\Documents\TRON\Dataset\PlantVillage\Pepper__bell___healthy\0379e766-3bb9-4d00-8600-7d818a4b2ebf___JR_HL 7769.JPG,Pepper__bell___healthy,0.0120391845703125,0.0,282.7727966308594,0.691619873046875,0.01446533203125,0.0,295.23284912109375,0.703399658203125,0.012054443359375,0.0,282.6153869628906,0.6917724609375,0.0144500732421875,0.0,295.7022705078125,0.703460693359375
C:\Users\jagan\OneDrive\Documents\TRON\Dataset\PlantVillage\Pepper__bell___healthy\03c966a7-ac9e-4c8e-965a-6c0e7289a0e8___JR_HL 8509.JPG,Pepper__bell___healthy,0.0,0.0,0.0,0.5814666748046875,0.0,0.0,0.0,0.59033203125,0.0,0.0,0.0,0.5821075439453125,0.0,0.0,0.0,0.5906524658203125
C:\Users\jagan\OneDrive\Documents\TRON\Dataset\PlantVillage\Pepper__bell___healthy\03e8ce3f-9bb5-481c-945b-1fa7d5da09e3___JR_HL 7583.JPG,Pepper__bell___healthy,0.0,0.0,0.0,0.63848876953125,0.0,0.0,0.0,0.6500244140625,0.0,0.0,0.0,0.638458251953125,0.0,0.0,0.0,0.649810791015625
C:\Users\jagan\OneDrive\Documents\TRON\Dataset\PlantVillage\Pepper__bell___healthy\05f73b75-e898-4752-9c9b-ae745994eb01___JR_HL 8801.JPG,Pepper__bell___healthy,0.0,0.0,0.0,0.5219879150390625,0.0,0.0,0.0,0.5321502685546875,0.0,0.0,0.0,0.52294921875,0.0,0.0,0.0,0.53289794921875
C:\Users\jagan\OneDrive\Documents\TRON\Dataset\PlantVillage\Pepper__bell___healthy\0691ea32-a88a-4487-a92c-1159140ff880___JR_HL 7694.JPG,Pepper__bell___healthy,0.0,0.0,0.0,0.640350341796875,0.0,0.0,0.0,0.6479644775390625,0.0,0.0,0.0,0.6409912109375,0.0,0.0,0.0,0.648284912109375
C:\Users\jagan\OneDrive\Documents\TRON\Dataset\PlantVillage\Pepper__bell___healthy\06ae69f3-53f7-4ad8-b6b0-185dd26b2fc0___JR_HL 7971.JPG,Pepper__bell___healthy,0.0069427490234375,0.0069427490234375,23873.08203125,0.6631622314453125,0.0,0.0,0.0,0.6781463623046875,0.0,0.0,0.0,0.672515869140625,0.0,0.0,0.0,0.6846466064453125
C:\Users\jagan\OneDrive\Documents\TRON\Dataset\PlantVillage\Pepper__bell___healthy\075e9bdc-4921-440b-948d-83f30151317c___JR_HL 7958.JPG,Pepper__bell___healthy,0.0,0.0,0.0,0.5400848388671875,0.0,0.0,0.0,0.5443115234375,0.0,0.0,0.0,0.540313720703125,0.0,0.0,0.0,0.5444793701171875
C:\Users\jagan\OneDrive\Documents\TRON\Dataset\PlantVillage\Pepper__bell___healthy\0760194c-efdd-4065-babb-a12f3b7881a6___JR_HL 7591.JPG,Pepper__bell___healthy,0.010986328125,0.010986328125,1052.396728515625,0.63067626953125,0.01092529296875,0.01092529296875,1018.5739135742188,0.6446380615234375,0.010986328125,0.010986328125,1052.396728515625,0.631195068359375,0.01092529296875,0.01092529296875,1018.5739135742188,0.645111083984375
C:\Users\jagan\OneDrive\Documents\TRON\Dataset\PlantVillage\Pepper__bell___healthy\07aae897-44cd-4a0c-9471-1bd6234135b0___JR_HL 8745.JPG,Pepper__bell___healthy,0.0,0.0,0.0,0.5692138671875,0.0,0.0,0.0,0.582427978515625,0.0,0.0,0.0,0.570892333984375,0.0,0.0,0.0,0.582794189453125
C:\Users\jagan\OneDrive\Documents\TRON\Dataset\PlantVillage\Pepper__bell___healthy\07eda9a1-8f8a-471b-b3c6-9093c3d6ca90___JR_HL 8177.JPG,Pepper__bell___healthy,0.0,0.0,0.0,0.708892822265625,0.0,0.0,0.0,0.719146728515625,0.0,0.0,0.0,0.7092742919921875,0.0,0.0,0.0,0.7190399169921875
C:\Users\jagan\OneDrive\Documents\TRON\Dataset\PlantVillage\Pepper__bell___healthy\07f381f7-bc63-4e41-8bcc-6c5954a14c03___JR_HL 8326.JPG,Pepper__bell___healthy,0.2613067626953125,0.2613067626953125,12453.857421875,0.3592376708984375,0.2106475830078125,0.2106475830078125,12255.974609375,0.4248046875,0.1255950927734375,0.1255950927734375,7901.716796875,0.508941650390625,0.09307861328125,0.09307861328125,8892.966796875,0.549560546875
C:\Users\jagan\OneDrive\Documents\TRON\Dataset\PlantVillage\Pepper__bell___healthy\084a1485-7006-4277-bd4f-5b9e766cfd24___JR_HL 7892.JPG,Pepper__bell___healthy,0.0,0.0,0.0,0.5383148193359375,0.0,0.0,0.0,0.5512237548828125,0.0,0.0,0.0,0.53997802734375,0.0,0.0,0.0,0.551727294921875
C:\Users\jagan\OneDrive\Documents\TRON\Dataset\PlantVillage\Pepper__bell___healthy\08945f1c-9204-48d6-a5b4-bece52a18909___JR_HL 8056.JPG,Pepper__bell___healthy,0.0070037841796875,0.0,16.53208351135254,0.6298828125,0.0090789794921875,0.0,20.474245071411133,0.6441802978515625,0.0064697265625,0.0,15.274540901184082,0.6310577392578125,0.0090789794921875,0.0,20.474245071411133,0.645477294921875
C:\Users\jagan\OneDrive\Documents\TRON\Dataset\PlantVillage\Pepper__bell___healthy\08c9ab27-c1a4-4ccd-a179-ca6e2fa05d78___JR_HL 8769.JPG,Pepper__bell___healthy,0.0058441162109375,0.0058441162109375,2441.691650390625,0.51092529296875,0.0055999755859375,0.0055999755859375,2058.280029296875,0.523712158203125,0.0058441162109375,0.0058441162109375,2441.691650390625,0.514373779296875,0.0055999755859375,0.0055999755859375,2058.280029296875,0.53125
C:\Users\jagan\OneDrive\Documents\TRON\Dataset\PlantVillage\Pepper__bell___healthy\0984b7ed-2a64-40fe-b0fa-ff440b0fc8e4___JR_HL 8600.JPG,Pepper__bell___healthy,0.0408935546875,0.0408935546875,787.310791015625,0.6891632080078125,0.0408935546875,0.0408935546875,787.310791015625,0.7040557861328125,0.0408935546875,0.0408935546875,787.310791015625,0.689727783203125,0.03753662109375,0.03753662109375,759.6415405273438,0.70452880859375
C:\Users\jagan\OneDrive\Documents\TRON\Dataset\PlantVillage\Pepper__bell___healthy\09c7fa21-c544-4a90-86ec-c56d3996602d___JR_HL 8578.JPG,Pepper__bell___healthy,0.019622802734375,0.019622802734375,1037.370849609375,0.6387481689453125,0.017364501953125,0.017364501953125,1052.083251953125,0.658050537109375,0.0190582275390625,0.0190582275390625,1037.9117431640625,0.6393585205078125,0.01678466796875,0.01678466796875,1062.376953125,0.6584320068359375
C:\Users\jagan\OneDrive\Documents\TRON\Dataset\PlantVillage\Pepper__bell___healthy\0a3f2927-4410-46a3-bfda-5f4769a5aaf8___JR_HL 8275.JPG,Pepper__bell___healthy,0.0057220458984375,0.0,170.15272521972656,0.5445098876953125,0.0045318603515625,0.0,274.8260498046875,0.5505218505859375,0.00537109375,0.0,176.88055419921875,0.551666259765625,0.0040740966796875,0.0,220.5077667236328,0.557159423828125
C:\Users\jagan\OneDrive\Documents\TRON\Dataset\PlantVillage\Pepper__bell___healthy\0ade14b6-8937-43ea-93eb-98343af6bae7___JR_HL 8026.JPG,Pepper__bell___healthy,0.0,0.0,0.0,0.614288330078125,0.0,0.0,0.0,0.6204071044921875,0.0,0.0,0.0,0.61688232421875,0.0,0.0,0.0,0.621734619140625
C:\Users\jagan\OneDrive\Documents\TRON\Dataset\PlantVillage\Pepper__bell___healthy\0b76f650-27cf-4b62-b3ad-c97d81e0db0c___JR_HL 8554.JPG,Pepper__bell___healthy,0.0231475830078125,0.0,70.92345428466797,0.6005859375,0.0231475830078125,0.0,70.92345428466797,0.60809326171875,0.0231475830078125,0.0,70.92345428466797,0.600433349609375,0.0231475830078125,0.0,70.92345428466797,0.607818603515625
C:\Users\jagan\OneDrive\Documents\TRON\Dataset\PlantVillage\Pepper__bell___healthy\0b796b7a-dfc8-47f7-9970-8373263c6408___JR_HL 5948.JPG,Pepper__bell___healthy,0.0,0.0,0.0,0.53826904296875,0.0,0.0,0.0,0.5401153564453125,0.0,0.0,0.0,0.5387115478515625,0.0,0.0,0.0,0.5406341552734375
C:\Users\jagan\OneDrive\Documents\TRON\Dataset\PlantVillage\Pepper__bell___healthy\0c102dad-d31f-469b-89d1-6fe7bf93708c___JR_HL 7689.JPG,Pepper__bell___healthy,0.0,0.0,0.0,0.727630615234375,0.0,0.0,0.0,0.75433349609375,0.0,0.0,0.0,0.727874755859375,0.0,0.0,0.0,0.7544708251953125
C:\Users\jagan\OneDrive\Documents\TRON\Dataset\PlantVillage\Pepper__bell___healthy\0c93ef1a-ccc8-4a62-9353-308e7da3ac3e___JR_HL 8245.JPG,Pepper__bell___healthy,0.005157470703125,0.0,12.264530181884766,0.62298583984375,0.002685546875,0.0,13.292322158813477,0.6424407958984375,0.0020294189453125,0.0,11.141953468322754,0.625579833984375,0.0,0.0,0.0,0.6446380615234375
C:\Users\jagan\OneDrive\Documents\TRON\Dataset\PlantVillage\Pepper__bell___healthy\0cc984a1-ea7d-4f97-9967-5ca1be71c932___JR_HL 8803.JPG,Pepper__bell___healthy,0.0100555419921875,0.0100555419921875,571.386962890625,0.5962677001953125,0.0100555419921875,0.0100555419921875,571.386962890625,0.608673095703125,0.0100555419921875,0.0100555419921875,571.386962890625,0.5962982177734375,0.0100555419921875,0.0100555419921875,571.386962890625,0.608489990234375
C:\Users\jagan\OneDrive\Documents\TRON\Dataset\PlantVillage\Potato___Early_blight\002a55fb-7a3d-4a3a-aca8-ce2d5ebc6925___RS_Early.B 8170.JPG,Potato___Early_blight,0.0,0.0,0.0,0.6242218017578125,0.0,0.0,0.0,0.6353607177734375,0.0,0.0,0.0,0.6275482177734375,0.0,0.0,0.0,0.639129638671875
C:\Users\jagan\OneDrive\Documents\TRON\Dataset\PlantVillage\Potato___Early_blight\009c8c31-f22d-4ffd-8f16-189c6f06c577___RS_Early.B 7885.JPG,Potato___Early_blight,0.0,0.0,0.0,0.6639404296875,0.0,0.0,0.0,0.6971282958984375,0.0,0.0,0.0,0.666717529296875,0.0,0.0,0.0,0.703094482421875
C:\Users\jagan\OneDrive\Documents\TRON\Dataset\PlantVillage\Potato___Early_blight\02578b86-b234-4ac0-9bc3-691b5610e2bf___RS_Early.B 7562.JPG,Potato___Early_blight,0.0,0.0,0.0,0.671539306640625,0.0,0.0,0.0,0.6873931884765625,0.0,0.0,0.0,0.673065185546875,0.0,0.0,0.0,0.688690185546875
C:\Users\jagan\OneDrive\Documents\TRON\Dataset\PlantVillage\Potato___Early_blight\0267d4ca-522e-4ca0-b1a2-ce925e5b54a2___RS_Early.B 7020.JPG,Potato___Early_blight,0.0,0.0,0.0,0.696441650390625,0.0,0.0,0.0,0.7164154052734375,0.0,0.0,0.0,0.697296142578125,0.0,0.0,0.0,0.720977783203125
C:\Users\jagan\OneDrive\Documents\TRON\Dataset\PlantVillage\Potato___Early_blight\028f9b73-142f-499a-9c7b-d7c1ed5e5506___RS_Early.B 8546.JPG,Potato___Early_blight,0.0,0.0,0.0,0.7071075439453125,0.0,0.0,0.0,0.737396240234375,0.0,0.0,0.0,0.711517333984375,0.0,0.0,0.0,0.7376708984375
C:\Users\jagan\OneDrive\Documents\TRON\Dataset\PlantVillage\Potato___Early_blight\034959c1-f1e8-4a79-a6d5-3c1d14efa2f3___RS_Early.B 7136.JPG,Potato___Early_blight,0.0,0.0,0.0,0.6616973876953125,0.0,0.0,0.0,0.686431884765625,0.0,0.0,0.0,0.6689453125,0.0,0.0,0.0,0.6903533935546875
C:\Users\jagan\OneDrive\Documents\TRON\Dataset\PlantVillage\Potato___Early_blight\03b0d3c1-b5b0-48f4-98aa-f8904670290f___RS_Early.B 7051.JPG,Potato___Early_blight,0.0035400390625,0.0035400390625,1091.5469970703125,0.699310302734375,0.0042266845703125,0.0042266845703125,1106.6925048828125,0.726531982421875,0.0035400390625,0.0035400390625,1091.5469970703125,0.6994781494140625,0.0042266845703125,0.0042266845703125,1106.6925048828125,0.725982666015625
C:\Users\jagan\OneDrive\Documents\TRON\Dataset\PlantVillage\Potato___Early_blight\044c3abc-0bc9-45fb-8fd5-094aeb605f90___RS_Early.B 8044.JPG,Potato___Early_blight,0.0,0.0,0.0,0.67828369140625,0.0,0.0,0.0,0.704071044921875,0.0,0.0,0.0,0.68780517578125,0.0,0.0,0.0,0.71282958984375
C:\Users\jagan\OneDrive\Documents\TRON\Dataset\PlantVillage\Potato___Early_blight\048d18ae-98b1-484d-97da-5a0e69b9ebc1___RS_Early.B 6845.JPG,Potato___Early_blight,0.0,0.0,0.0,0.7088775634765625,0.0,0.0,0.0,0.7312164306640625,0.0,0.0,0.0,0.71697998046875,0.0,0.0,0.0,0.7396392822265625
C:\Users\jagan\OneDrive\Documents\TRON\Dataset\PlantVillage\Potato___Early_blight\04c8e6b9-7710-4cdd-b259-2d78b15d1036___RS_Early.B 7066.JPG,Potato___Early_blight,0.0,0.0,0.0,0.6098785400390625,0.0,0.0,0.0,0.624237060546875,0.0,0.0,0.0,0.612030029296875,0.0,0.0,0.0,0.6263580322265625
C:\Users\jagan\OneDrive\Documents\TRON\Dataset\PlantVillage\Potato___Early_blight\04fd2a46-ddd4-4b0b-8f19-5ecca482a7d5___RS_Early.B 7273.JPG,Potato___Early_blight,0.0,0.0,0.0,0.657135009765625,0.0,0.0,0.0,0.68243408203125,0.0,0.0,0.0,0.6583251953125,0.0,0.0,0.0,0.6880950927734375
C:\Users\jagan\OneDrive\Documents\TRON\Dataset\PlantVillage\Potato___Early_blight\05c35093-11b8-4cd0-b67a-148859754440___RS_Early.B 8939.JPG,Potato___Early_blight,0.0205078125,0.0,89.78961944580078,0.657623291015625,0.0097808837890625,0.0,117.82232666015625,0.6856689453125,0.0197906494140625,0.0,81.62733459472656,0.664703369140625,0.00946044921875,0.0,117.14925384521484,0.689056396484375
C:\Users\jagan\OneDrive\Documents\TRON\Dataset\PlantVillage\Potato___Early_blight\0604174e-3018-4faa-9975-0be32d2c0789___RS_Early.B 7123.JPG,Potato___Early_blight,0.0,0.0,0.0,0.5985107421875,0.0,0.0,0.0,0.6144561767578125,0.0,0.0,0.0,0.600341796875,0.0,0.0,0.0,0.6159515380859375
C:\Users\jagan\OneDrive\Documents\TRON\Dataset\PlantVillage\Potato___Early_blight\060fd5a7-1606-4a59-895b-604c90d6b414___RS_Early.B 7205.JPG,Potato___Early_blight,0.0,0.0,0.0,0.735595703125,0.0,0.0,0.0,0.758148193359375,0.0,0.0,0.0,0.7362823486328125,0.0,0.0,0.0,0.758392333984375
C:\Users\jagan\OneDrive\Documents\TRON\Dataset\PlantVillage\Potato___Early_blight\06ac6596-8d65-46dd-a343-a2209f3480e4___RS_Early.B 6921.JPG,Potato___Early_blight,0.006927490234375,0.006927490234375,11516.1669921875,0.6955108642578125,0.00628662109375,0.00628662109375,10840.48046875,0.709686279296875,0.0,0.0,0.0,0.7096099853515625,0.0,0.0,0.0,0.723876953125
C:\Users\jagan\OneDrive\Documents\TRON\Dataset\PlantVillage\Potato___Early_blight\07d777f8-2c5a-48da-935e-f17c572b1e6e___RS_Early.B 7880.JPG,Potato___Early_blight,0.0,0.0,0.0,0.7319793701171875,0.0,0.0,0.0,0.7500762939453125,0.0,0.0,0.0,0.73626708984375,0.0,0.0,0.0,0.75299072265625
C:\Users\jagan\OneDrive\Documents\TRON\Dataset\PlantVillage\Potato___Early_blight\08029ccc-387e-4be6-9389-04f7b82fdb2a___RS_Early.B 9130.JPG,Potato___Early_blight,0.0,0.0,0.0,0.74212646484375,0.0,0.0,0.0,0.753997802734375,0.0,0.0,0.0,0.744384765625,0.0,0.0,0.0,0.755615234375
C:\Users\jagan\OneDrive\Documents\TRON\Dataset\PlantVillage\Potato___Early_blight\08392b44-ecc6-4f38-8566-361b552cfe21___RS_Early.B 7393.JPG,Potato___Early_blight,0.0,0.0,0.0,0.6556854248046875,0.0,0.0,0.0,0.6671905517578125,0.0,0.0,0.0,0.656707763671875,0.0,0.0,0.0,0.66766357421875
C:\Users\jagan\OneDrive\Documents\TRON\Dataset\PlantVillage\Potato___Early_blight\089fb289-4bea-48b6-a29a-3a1d268d9dd3___RS_Early.B 8081.JPG,Potato___Early_blight,0.00537109375,0.00537109375,15261.7216796875,0.747039794921875,0.0,0.0,0.0,0.783355712890625,0.0,0.0,0.0,0.769287109375,0.0,0.0,0.0,0.790191650390625
C:\Users\jagan\OneDrive\Documents\TRON\Dataset\PlantVillage\Potato___Early_blight\08a892eb-19cc-45ea-babc-181b98f89238___RS_Early.B 7367.JPG,Potato___Early_blight,0.0,0.0,0.0,0.6492462158203125,0.0,0.0,0.0,0.67242431640625,0.0,0.0,0.0,0.6500701904296875,0.0,0.0,0.0,0.6741180419921875
C:\Users\jagan\OneDrive\Documents\TRON\Dataset\PlantVillage\Potato___Early_blight\08cf1add-91f8-41ea-bc13-54e7d1cb6da0___RS_Early.B 6865.JPG,Potato___Early_blight,0.0,0.0,0.0,0.683837890625,0.0,0.0,0.0,0.72259521484375,0.0,0.0,0.0,0.68536376953125,0.0,0.0,0.0,0.72308349609375
C:\Users\jagan\OneDrive\Documents\TRON\Dataset\PlantVillage\Potato___Early_blight\094fbf4c-da00-4037-82af-03e712d8db47___RS_Early.B 6908.JPG,Potato___Early_blight,0.0,0.0,0.0,0.7266998291015625,0.0,0.0,0.0,0.7467041015625,0.0,0.0,0.0,0.72784423828125,0.0,0.0,0.0,0.7472686767578125
C:\Users\jagan\OneDrive\Documents\TRON\Dataset\PlantVillage\Potato___Early_blight\096f6928-24dd-4efd-acc6-b8246318676c___RS_Early.B 8970.JPG,Potato___Early_blight,0.007476806640625,0.007476806640625,21340.7109375,0.70672607421875,0.0,0.0,0.0,0.7456817626953125,0.0,0.0,0.0,0.726837158203125,0.0,0.0,0.0,0.7494964599609375
C:\Users\jagan\OneDrive\Documents\TRON\Dataset\PlantVillage\Potato___Early_blight\0a47f32c-1724-4c8d-bfe4-986cedd3587b___RS_Early.B 8001.JPG,Potato___Early_blight,0.0,0.0,0.0,0.7562408447265625,0.0,0.0,0.0,0.7737579345703125,0.0,0.0,0.0,0.756622314453125,0.0,0.0,0.0,0.7736358642578125
C:\Users\jagan\OneDrive\Documents\TRON\Dataset\PlantVillage\Potato___Early_blight\0a6983a5-895e-4e68-9edb-88adf79211e9___RS_Early.B 9072.JPG,Potato___Early_blight,0.0,0.0,0.0,0.7206878662109375,0.0,0.0,0.0,0.7535858154296875,0.0,0.0,0.0,0.7233734130859375,0.0,0.0,0.0,0.7544097900390625
C:\Users\jagan\OneDrive\Documents\TRON\Dataset\PlantVillage\Potato___Early_blight\0a79700b-f834-41f5-ae51-6ceda6f67a48___RS_Early.B 8951.JPG,Potato___Early_blight,0.0,0.0,0.0,0.777252197265625,0.0,0.0,0.0,0.796600341796875,0.0,0.0,0.0,0.7784881591796875,0.0,0.0,0.0,0.798187255859375
C:\Users\jagan\OneDrive\Documents\TRON\Dataset\PlantVillage\Potato___Early_blight\0a8a68ee-f587-4dea-beec-79d02e7d3fa4___RS_Early.B 8461.JPG,Potato___Early_blight,0.0,0.0,0.0,0.6798248291015625,0.0,0.0,0.0,0.705413818359375,0.0,0.0,0.0,0.6803436279296875,0.0,0.0,0.0,0.7057647705078125
C:\Users\jagan\OneDrive\Documents\TRON\Dataset\PlantVillage\Potato___Early_blight\0ad3ba53-f01b-403b-a99d-5991eed85045___RS_Early.B 7600.JPG,Potato___Early_blight,0.0,0.0,0.0,0.5977935791015625,0.0,0.0,0.0,0.606536865234375,0.0,0.0,0.0,0.602081298828125,0.0,0.0,0.0,0.6160736083984375
C:\Users\jagan\OneDrive\Documents\TRON\Dataset\PlantVillage\Potato___Early_blight\0bbb8bce-2020-416b-8bd6-c160c2db9921___RS_Early.B 8386.JPG,Potato___Early_blight,0.0,0.0,0.0,0.7123870849609375,0.0,0.0,0.0,0.7237701416015625,0.0,0.0,0.0,0.7128753662109375,0.0,0.0,0.0,0.7242889404296875
C:\Users\jagan\OneDrive\Documents\TRON\Dataset\PlantVillage\Potato___Early_blight\0c4f6f72-c7a2-42e1-9671-41ab3bf37fe7___RS_Early.B 6752.JPG,Potato___Early_blight,0.0,0.0,0.0,0.695648193359375,0.0,0.0,0.0,0.709320068359375,0.0,0.0,0.0,0.6987457275390625,0.0,0.0,0.0,0.7110595703125
C:\Users\jagan\OneDrive\Documents\TRON\Dataset\PlantVillage\Potato___Early_blight\0c5b14d9-8b1c-4c39-bb23-1835b5760caa___RS_Early.B 7937.JPG,Potato___Early_blight,0.0,0.0,0.0,0.6270751953125,0.0,0.0,0.0,0.654571533203125,0.0,0.0,0.0,0.6298828125,0.0,0.0,0.0,0.658447265625
C:\Users\jagan\OneDrive\Documents\TRON\Dataset\PlantVillage\Potato___Early_blight\0d2e2971-f1c9-4278-b35c-91dd8a22a64d___RS_Early.B 7581.JPG,Potato___Early_blight,0.0,0.0,0.0,0.6473236083984375,0.0,0.0,0.0,0.663848876953125,0.0,0.0,0.0,0.651763916015625,0.0,0.0,0.0,0.6717376708984375
C:\Users\jagan\OneDrive\Documents\TRON\Dataset\PlantVillage\Potato___Early_blight\0d987d4a-26bc-4f74-8a16-12f8969dfed8___RS_Early.B 7013.JPG,Potato___Early_blight,0.0,0.0,0.0,0.6744232177734375,0.0,0.0,0.0,0.6883392333984375,0.0,0.0,0.0,0.6748046875,0.0,0.0,0.0,0.68853759765625
C:\Users\jagan\OneDrive\Documents\TRON\Dataset\PlantVillage\Potato___Early_blight\0d9dbf50-53a9-42b2-8b29-0360fb7dbd98___RS_Early.B 6692.JPG,Potato___Early_blight,0.0,0.0,0.0,0.72515869140625,0.0,0.0,0.0,0.7351837158203125,0.0,0.0,0.0,0.7265472412109375,0.0,0.0,0.0,0.7355194091796875
C:\Users\jagan\OneDrive\Documents\TRON\Dataset\PlantVillage\Potato___Early_blight\0ddd62cd-a999-4d58-a8f1-506e1004a595___RS_Early.B 8041.JPG,Potato___Early_blight,0.0,0.0,0.0,0.684722900390625,0.0,0.0,0.0,0.702667236328125,0.0,0.0,0.0,0.68853759765625,0.0,0.0,0.0,0.7051544189453125
C:\Users\jagan\OneDrive\Documents\TRON\Dataset\PlantVillage\Potato___Early_blight\0e0a1b51-f61c-4934-bc57-a820af1faacb___RS_Early.B 7147.JPG,Potato___Early_blight,0.0,0.0,0.0,0.7264862060546875,0.0,0.0,0.0,0.7407379150390625,0.0,0.0,0.0,0.7283172607421875,0.0,0.0,0.0,0.7408599853515625
C:\Users\jagan\OneDrive\Documents\TRON\Dataset\PlantVillage\Potato___Early_blight\0e6b9e09-2bcd-41e0-b001-b80a33a8a78b___RS_Early.B 8694.JPG,Potato___Early_blight,0.0143890380859375,0.0143890380859375,22643.91015625,0.64300537109375,0.0,0.0,0.0,0.6732330322265625,0.0,0.0,0.0,0.6622467041015625,0.0,0.0,0.0,0.6765899658203125
C:\Users\jagan\OneDrive\Documents\TRON\Dataset\PlantVillage\Potato___Early_blight\0ede4acd-3685-40d9-b52b-7b3cb6536fa8___RS_Early.B 7377.JPG,Potato___Early_blight,0.0,0.0,0.0,0.68994140625,0.0,0.0,0.0,0.7073211669921875,0.0,0.0,0.0,0.6914825439453125,0.0,0.0,0.0,0.70867919921875
C:\Users\jagan\OneDrive\Documents\TRON\Dataset\PlantVillage\Potato___Early_blight\0f223bbc-d2b4-4d58-8314-359d92d0102b___RS_Early.B 8052.JPG,Potato___Early_blight,0.0,0.0,0.0,0.745697021484375,0.0,0.0,0.0,0.77325439453125,0.0,0.0,0.0,0.7459564208984375,0.0,0.0,0.0,0.773101806640625
C:\Users\jagan\OneDrive\Documents\TRON\Dataset\PlantVillage\Potato___Early_blight\0f9c098f-a6df-4a73-8c14-8e7d4dbb1b0b___RS_Early.B 7991.JPG,Potato___Early_blight,0.0,0.0,0.0,0.70025634765625,0.0,0.0,0.0,0.7218475341796875,0.0,0.0,0.0,0.704833984375,0.0,0.0,0.0,0.7255401611328125
C:\Users\jagan\OneDrive\Documents\TRON\Dataset\PlantVillage\Potato___Late_blight\0051e5e8-d1c4-4a84-bf3a-a426cdad6285___RS_LB 4640.JPG,Potato___Late_blight,0.0,0.0,0.0,0.371551513671875,0.0,0.0,0.0,0.3740692138671875,0.0,0.0,0.0,0.3749847412109375,0.0,0.0,0.0,0.377197265625
C:\Users\jagan\OneDrive\Documents\TRON\Dataset\PlantVillage\Potato___Late_blight\0085ef03-aec3-431a-99a1-de286e10c0cf___RS_LB 2949.JPG,Potato___Late_blight,0.0,0.0,0.0,0.52899169921875,0.0,0.0,0.0,0.548492431640625,0.0,0.0,0.0,0.531768798828125,0.0,0.0,0.0,0.551788330078125
C:\Users\jagan\OneDrive\Documents\TRON\Dataset\PlantVillage\Potato___Late_blight\00b1f292-23dd-44d4-aad3-c1ffb6a6ad5a___RS_LB 4479.JPG,Potato___Late_blight,0.010467529296875,0.010467529296875,15035.556640625,0.4655303955078125,0.006988525390625,0.006988525390625,16171.244140625,0.47418212890625,0.0,0.0,0.0,0.48187255859375,0.0,0.0,0.0,0.485992431640625
C:\Users\jagan\OneDrive\Documents\TRON\Dataset\PlantVillage\Potato___Late_blight\0114b195-844c-4978-93a9-b0d5aae010f1___RS_LB 2738.JPG,Potato___Late_blight,0.0,0.0,0.0,0.5088958740234375,0.0,0.0,0.0,0.52801513671875,0.0,0.0,0.0,0.515838623046875,0.0,0.0,0.0,0.5330657958984375
C:\Users\jagan\OneDrive\Documents\TRON\Dataset\PlantVillage\Potato___Late_blight\01270f5c-a44b-4da7-9398-289088c197ab___RS_LB 2517.JPG,Potato___Late_blight,0.0,0.0,0.0,0.70709228515625,0.0,0.0,0.0,0.720184326171875,0.0,0.0,0.0,0.7069091796875,0.0,0.0,0.0,0.719573974609375
C:\Users\jagan\OneDrive\Documents\TRON\Dataset\PlantVillage\Potato___Late_blight\01ad74ce-eb28-42c7-9204-778d17cfd45c___RS_LB 2669.JPG,Potato___Late_blight,0.021697998046875,0.021697998046875,5735.98388671875,0.6212921142578125,0.0022735595703125,0.0022735595703125,1313.3475341796875,0.6580657958984375,0.0097198486328125,0.0097198486328125,4158.5302734375,0.6380767822265625,0.0,0.0,0.0,0.661773681640625
C:\Users\jagan\OneDrive\Documents\TRON\Dataset\PlantVillage\Potato___Late_blight\0201bf8e-27e3-4c92-ae97-2fb4f665b5d3___RS_LB 4320.JPG,Potato___Late_blight,0.0,0.0,0.0,0.496246337890625,0.0,0.0,0.0,0.5054168701171875,0.0,0.0,0.0,0.499267578125,0.0,0.0,0.0,0.50787353515625
C:\Users\jagan\OneDrive\Documents\TRON\Dataset\PlantVillage\Potato___Late_blight\02282fee-ba3f-460e-91e0-630204ab96c2___RS_LB 5031.JPG,Potato___Late_blight,0.058135986328125,0.058135986328125,487.22265625,0.614593505859375,0.0478668212890625,0.0478668212890625,513.6327514648438,0.6220550537109375,0.0120391845703125,0.0120391845703125,445.556884765625,0.6543426513671875,0.0079803466796875,0.0079803466796875,410.6809997558594,0.670013427734375
C:\Users\jagan\OneDrive\Documents\TRON\Dataset\PlantVillage\Potato___Late_blight\025f3c76-6d6c-4dad-ba22-e3e72d084ef1___RS_LB 3105.JPG,Potato___Late_blight,0.0,0.0,0.0,0.624664306640625,0.0,0.0,0.0,0.643463134765625,0.0,0.0,0.0,0.6272735595703125,0.0,0.0,0.0,0.6454620361328125
C:\Users\jagan\OneDrive\Documents\TRON\Dataset\PlantVillage\Potato___Late_blight\02c8ff21-4e0a-4326-ba8f-089e5cb45b74___RS_LB 4089.JPG,Potato___Late_blight,0.008148193359375,0.008148193359375,463.86065673828125,0.4830474853515625,0.0059967041015625,0.0059967041015625,472.0505676269531,0.4913482666015625,0.005096435546875,0.005096435546875,476.20355224609375,0.487060546875,0.00518798828125,0.00518798828125,493.4061584472656,0.4936676025390625
C:\Users\jagan\OneDrive\Documents\TRON\Dataset\PlantVillage\Potato___Late_blight\030e8945-d3ce-4ad3-8a91-a14c18285249___RS_LB 2532.JPG,Potato___Late_blight,0.0060577392578125,0.0060577392578125,9939.1337890625,0.5702972412109375,0.0,0.0,0.0,0.5908355712890625,0.0,0.0,0.0,0.582763671875,0.0,0.0,0.0,0.5908966064453125
C:\Users\jagan\OneDrive\Documents\TRON\Dataset\PlantVillage\Potato___Late_blight\031c39d3-9a91-4e81-85ac-b36512133b0a___RS_LB 5220.JPG,Potato___Late_blight,0.0193023681640625,0.0,58.38462829589844,0.5950469970703125,0.0090484619140625,0.0,58.63752746582031,0.6110687255859375,0.0190277099609375,0.0,57.96571731567383,0.596923828125,0.0088348388671875,0.0,57.53995132446289,0.61212158203125
C:\Users\jagan\OneDrive\Documents\TRON\Dataset\PlantVillage\Potato___Late_blight\0396e413-e165-427a-ba72-04cbae7b8ab0___RS_LB 4751.JPG,Potato___Late_blight,0.0291900634765625,0.0291900634765625,626.2951049804688,0.61065673828125,0.0102996826171875,0.0102996826171875,674.980712890625,0.6582489013671875,0.0222015380859375,0.0222015380859375,431.1885681152344,0.6598052978515625,0.0142669677734375,0.0142669677734375,411.5509338378906,0.6970062255859375
C:\Users\jagan\OneDrive\Documents\TRON\Dataset\PlantVillage\Potato___Late_blight\03bab48b-962b-4c08-bc98-da95237d20ac___RS_LB 3190.JPG,Potato___Late_blight,0.0,0.0,0.0,0.6240386962890625,0.0,0.0,0.0,0.6378021240234375,0.0,0.0,0.0,0.6245880126953125,0.0,0.0,0.0,0.637939453125
C:\Users\jagan\OneDrive\Documents\TRON\Dataset\PlantVillage\Potato___Late_blight\0450570b-44d1-4290-956d-5d970164a2e2___RS_LB 5160.JPG,Potato___Late_blight,0.0248260498046875,0.0,66.1664810180664,0.6842803955078125,0.007080078125,0.0,176.46133422851562,0.7025909423828125,0.024810791015625,0.0,66.1585464477539,0.6863250732421875,0.006072998046875,0.0,167.923095703125,0.7048492431640625
C:\Users\jagan\OneDrive\Documents\TRON\Dataset\PlantVillage\Potato___Late_blight\04b964fd-7033-4cdf-88ef-b1acbcd8183a___RS_LB 2783.JPG,Potato___Late_blight,0.0,0.0,0.0,0.60784912109375,0.0,0.0,0.0,0.61773681640625,0.0,0.0,0.0,0.610107421875,0.0,0.0,0.0,0.61968994140625
C:\Users\jagan\OneDrive\Documents\TRON\Dataset\PlantVillage\Potato___Late_blight\04ce7b2d-5e41-43c6-9e11-e1bc4f5e4cca___RS_LB 3224.JPG,Potato___Late_blight,0.0,0.0,0.0,0.5732269287109375,0.0,0.0,0.0,0.5800628662109375,0.0,0.0,0.0,0.5767669677734375,0.0,0.0,0.0,0.5819244384765625
C:\Users\jagan\OneDrive\Documents\TRON\Dataset\PlantVillage\Potato___Late_blight\04fe5855-ec9c-40b3-9893-ca8addc236bd___RS_LB 4913.JPG,Potato___Late_blight,0.0,0.0,0.0,0.4789276123046875,0.0,0.0,0.0,0.480010986328125,0.0,0.0,0.0,0.4791259765625,0.0,0.0,0.0,0.480133056640625
C:\Users\jagan\OneDrive\Documents\TRON\Dataset\PlantVillage\Potato___Late_blight\050b6d37-4056-4c6c-8359-d7823a488531___RS_LB 3944.JPG,Potato___Late_blight,0.0,0.0,0.0,0.60736083984375,0.0,0.0,0.0,0.61376953125,0.0,0.0,0.0,0.6088714599609375,0.0,0.0,0.0,0.6149749755859375
C:\Users\jagan\OneDrive\Documents\TRON\Dataset\PlantVillage\Potato___Late_blight\051089cf-e083-4fdb-9256-aac12b8a55d2___RS_LB 4078.JPG,Potato___Late_blight,0.0029449462890625,0.0,281.1534423828125,0.655914306640625,0.0064239501953125,0.0,296.1807861328125,0.6754150390625,0.0022430419921875,0.0,259.7543640136719,0.6610260009765625,0.0,0.0,0.0,0.6806488037109375
C:\Users\jagan\OneDrive\Documents\TRON\Dataset\PlantVillage\Potato___Late_blight\053c5330-129d-4515-84da-82a701710723___RS_LB 4576.JPG,Potato___Late_blight,0.0,0.0,0.0,0.4478607177734375,0.0,0.0,0.0,0.46295166015625,0.0,0.0,0.0,0.4512939453125,0.0,0.0,0.0,0.4658660888671875
C:\Users\jagan\OneDrive\Documents\TRON\Dataset\PlantVillage\Potato___Late_blight\059c9129-51b7-4d6b-9b57-f22e87568a0a___RS_LB 5118.JPG,Potato___Late_blight,0.0089569091796875,0.0089569091796875,14444.748046875,0.5743408203125,0.002838134765625,0.0,74.98161315917969,0.6107025146484375,0.002838134765625,0.0,74.98161315917969,0.604644775390625,0.002838134765625,0.0,74.98161315917969,0.6133880615234375
C:\Users\jagan\OneDrive\Documents\TRON\Dataset\PlantVillage\Potato___Late_blight\05a51957-779c-4a2f-bf2a-d1fb03947793___RS_LB 4772.JPG,Potato___Late_blight,0.00250244140625,0.00250244140625,314.705078125,0.626556396484375,0.002593994140625,0.002593994140625,378.1565856933594,0.6421661376953125,0.0,0.0,0.0,0.6289520263671875,0.00225830078125,0.00225830078125,405.5523681640625,0.642822265625
C:\Users\jagan\OneDrive\Documents\TRON\Dataset\PlantVillage\Potato___Late_blight\05c29b23-ecdf-41fc-be67-910bb74cd67c___RS_LB 4016.JPG,Potato___Late_blight,0.002044677734375,0.0,75.183837890625,0.4475860595703125,0.0,0.0,0.0,0.44891357421875,0.0,0.0,0.0,0.449615478515625,0.0,0.0,0.0,0.4519805908203125
C:\Users\jagan\OneDrive\Documents\TRON\Dataset\PlantVillage\Potato___Late_blight\0651be8e-a2d1-4b8a-97b8-1dc89d79fd26___RS_LB 3261.JPG,Potato___Late_blight,0.0,0.0,0.0,0.6310272216796875,0.0,0.0,0.0,0.647247314453125,0.0,0.0,0.0,0.6320648193359375,0.0,0.0,0.0,0.64898681640625
C:\Users\jagan\OneDrive\Documents\TRON\Dataset\PlantVillage\Potato___Late_blight\06554e38-28ce-429d-b8e9-520e61e3c58f___RS_LB 2692.JPG,Potato___Late_blight,0.0,0.0,0.0,0.5847930908203125,0.0,0.0,0.0,0.59356689453125,0.0,0.0,0.0,0.5876007080078125,0.0,0.0,0.0,0.5980987548828125
C:\Users\jagan\OneDrive\Documents\TRON\Dataset\PlantVillage\Potato___Late_blight\0736dad0-be93-484b-9e89-bcb825fefda1___RS_LB 5454.JPG,Potato___Late_blight,0.008514404296875,0.0,120.53671264648438,0.600006103515625,0.008087158203125,0.0,120.87405395507812,0.6168365478515625,0.0061187744140625,0.0,102.47894287109375,0.6038818359375,0.0061187744140625,0.0,102.47894287109375,0.6210784912109375
C:\Users\jagan\OneDrive\Documents\TRON\Dataset\PlantVillage\Potato___Late_blight\07fea080-7f6b-48e9-b6b5-10d7daf57610___RS_LB 3210.JPG,Potato___Late_blight,0.0,0.0,0.0,0.572906494140625,0.0,0.0,0.0,0.5823211669921875,0.0,0.0,0.0,0.57403564453125,0.0,0.0,0.0,0.5834197998046875
C:\Users\jagan\OneDrive\Documents\TRON\Dataset\PlantVillage\Potato___Late_blight\07ff77ae-07b4-4a2d-9c4a-bb89bb4fb1ef___RS_LB 2985.JPG,Potato___Late_blight,0.0,0.0,0.0,0.6204986572265625,0.0,0.0,0.0,0.6457977294921875,0.0,0.0,0.0,0.6283111572265625,0.0,0.0,0.0,0.6563262939453125
C:\Users\jagan\OneDrive\Documents\TRON\Dataset\PlantVillage\Potato___Late_blight\08ce9666-2dda-4fa8-8d58-55bb9fa19484___RS_LB 3318.JPG,Potato___Late_blight,0.0,0.0,0.0,0.619598388671875,0.0,0.0,0.0,0.6522979736328125,0.0,0.0,0.0,0.6220245361328125,0.0,0.0,0.0,0.653839111328125
C:\Users\jagan\OneDrive\Documents\TRON\Dataset\PlantVillage\Potato___Late_blight\08ddae0c-5328-4183-b16e-c980f197e471___RS_LB 2845.JPG,Potato___Late_blight,0.0,0.0,0.0,0.6193695068359375,0.0,0.0,0.0,0.6276092529296875,0.0,0.0,0.0,0.62213134765625,0.0,0.0,0.0,0.63079833984375
C:\Users\jagan\OneDrive\Documents\TRON\Dataset\PlantVillage\Potato___Late_blight\09287918-9f73-4707-823f-f4331f5114a3___RS_LB 2604.JPG,Potato___Late_blight,0.0,0.0,0.0,0.588623046875,0.0,0.0,0.0,0.595489501953125,0.0,0.0,0.0,0.590576171875,0.0,0.0,0.0,0.5974273681640625
C:\Users\jagan\OneDrive\Documents\TRON\Dataset\PlantVillage\Potato___Late_blight\09a215a1-a539-4635-a27f-232229ff11f4___RS_LB 4529.JPG,Potato___Late_blight,0.0,0.0,0.0,0.6679840087890625,0.0,0.0,0.0,0.6833648681640625,0.0,0.0,0.0,0.6702423095703125,0.0,0.0,0.0,0.685882568359375
C:\Users\jagan\OneDrive\Documents\TRON\Dataset\PlantVillage\Potato___Late_blight\09a30eff-d386-456d-a6ce-ead7c0d6235b___RS_LB 5068.JPG,Potato___Late_blight,0.007537841796875,0.00469970703125,220.52297973632812,0.5686492919921875,0.0069580078125,0.003875732421875,226.0978546142578,0.571502685546875,0.005035400390625,0.0,147.5148162841797,0.5787811279296875,0.004669189453125,0.0,140.47926330566406,0.5817718505859375
C:\Users\jagan\OneDrive\Documents\TRON\Dataset\PlantVillage\Potato___Late_blight\09fa42e4-1736-494e-8c46-50c6900586d6___RS_LB 5212.JPG,Potato___Late_blight,0.0264739990234375,0.0,100.75562286376953,0.6098785400390625,0.02783203125,0.0,111.73898315429688,0.626068115234375,0.0240020751953125,0.0,111.63401794433594,0.6156768798828125,0.0269775390625,0.0,116.98736572265625,0.6289215087890625
C:\Users\jagan\OneDrive\Documents\TRON\Dataset\PlantVillage\Potato___Late_blight\0acdc2b2-0dde-4073-8542-6fca275ab974___RS_LB 4857.JPG,Potato___Late_blight,0.0,0.0,0.0,0.5990753173828125,0.0,0.0,0.0,0.6099090576171875,0.0,0.0,0.0,0.600555419921875,0.0,0.0,0.0,0.6112823486328125
C:\Users\jagan\OneDrive\Documents\TRON\Dataset\PlantVillage\Potato___Late_blight\0b2bdc8e-90fd-4bb4-bedb-485502fe8a96___RS_LB 4906.JPG,Potato___Late_blight,0.0,0.0,0.0,0.5460205078125,0.0,0.0,0.0,0.557403564453125,0.0,0.0,0.0,0.5517425537109375,0.0,0.0,0.0,0.55987548828125
C:\Users\jagan\OneDrive\Documents\TRON\Dataset\PlantVillage\Potato___Late_blight\0c2628d4-8d64-48a9-a157-19a9c902e304___RS_LB 4590.JPG,Potato___Late_blight,0.0126190185546875,0.0,90.3622055053711,0.6014404296875,0.012725830078125,0.0,106.06641387939453,0.617767333984375,0.010498046875,0.0,93.4375228881836,0.610198974609375,0.011505126953125,0.0,90.0026626586914,0.6214141845703125
C:\Users\jagan\OneDrive\Documents\TRON\Dataset\PlantVillage\Potato___Late_blight\0c83302d-4233-4e98-8ecf-755a970495bb___RS_LB 4904.JPG,Potato___Late_blight,0.0,0.0,0.0,0.5539398193359375,0.0,0.0,0.0,0.555877685546875,0.0,0.0,0.0,0.5579071044921875,0.0,0.0,0.0,0.559417724609375
C:\Users\jagan\OneDrive\Documents\TRON\Dataset\PlantVillage\Potato___Late_blight\0eb28ea9-c9e4-4999-9de2-835682241e53___RS_LB 2708.JPG,Potato___Late_blight,0.0,0.0,0.0,0.6085357666015625,0.0,0.0,0.0,0.6271820068359375,0.0,0.0,0.0,0.6096649169921875,0.0,0.0,0.0,0.6297760009765625
C:\Users\jagan\OneDrive\Documents\TRON\Dataset\PlantVillage\Potato___healthy\03da9931-e514-4cc7-b04a-8f474a133ce5___RS_HL 1830.JPG,Potato___healthy,0.0,0.0,0.0,0.582305908203125,0.0,0.0,0.0,0.6024932861328125,0.0,0.0,0.0,0.5841827392578125,0.0,0.0,0.0,0.6038055419921875
C:\Users\jagan\OneDrive\Documents\TRON\Dataset\PlantVillage\Potato___healthy\04481ca2-f94c-457e-b785-1ac05800b7ec___RS_HL 1930.JPG,Potato___healthy,0.0,0.0,0.0,0.5749664306640625,0.0,0.0,0.0,0.594146728515625,0.0,0.0,0.0,0.575714111328125,0.0,0.0,0.0,0.595062255859375
C:\Users\jagan\OneDrive\Documents\TRON\Dataset\PlantVillage\Potato___healthy\0b3e5032-8ae8-49ac-8157-a1cac3df01dd___RS_HL 1817.JPG,Potato___healthy,0.0,0.0,0.0,0.6825103759765625,0.0,0.0,0.0,0.7043609619140625,0.0,0.0,0.0,0.6833953857421875,0.0,0.0,0.0,0.7058563232421875
C:\Users\jagan\OneDrive\Documents\TRON\Dataset\PlantVillage\Potato___healthy\0be9d721-82f5-42c3-b535-7494afe01dbe___RS_HL 1814.JPG,Potato___healthy,0.0,0.0,0.0,0.6226806640625,0.0,0.0,0.0,0.6240692138671875,0.0,0.0,0.0,0.62255859375,0.0,0.0,0.0,0.6237945556640625
C:\Users\jagan\OneDrive\Documents\TRON\Dataset\PlantVillage\Potato___healthy\0f4ebc5a-d646-436a-919d-961342997cde___RS_HL 4183.JPG,Potato___healthy,0.0,0.0,0.0,0.62396240234375,0.0,0.0,0.0,0.6594696044921875,0.0,0.0,0.0,0.6245574951171875,0.0,0.0,0.0,0.6600341796875
C:\Users\jagan\OneDrive\Documents\TRON\Dataset\PlantVillage\Potato___healthy\1106c3fc-92cb-41a6-a6c6-8f08b9b45108___RS_HL 1914.JPG,Potato___healthy,0.0,0.0,0.0,0.6184539794921875,0.0,0.0,0.0,0.6390838623046875,0.0,0.0,0.0,0.62152099609375,0.0,0.0,0.0,0.641387939453125
C:\Users\jagan\OneDrive\Documents\TRON\Dataset\PlantVillage\Potato___healthy\111cd9d8-4d27-4225-be9e-d29b21cf56b9___RS_HL 5419.JPG,Potato___healthy,0.0,0.0,0.0,0.6018829345703125,0.0,0.0,0.0,0.6221771240234375,0.0,0.0,0.0,0.6019439697265625,0.0,0.0,0.0,0.6220550537109375
C:\Users\jagan\OneDrive\Documents\TRON\Dataset\PlantVillage\Potato___healthy\14484ea5-9c34-427c-abe4-2743265aced0___RS_HL 4204.JPG,Potato___healthy,0.0,0.0,0.0,0.410003662109375,0.0,0.0,0.0,0.4148712158203125,0.0,0.0,0.0,0.411407470703125,0.0,0.0,0.0,0.41650390625
C:\Users\jagan\OneDrive\Documents\TRON\Dataset\PlantVillage\Potato___healthy\144d2475-21ab-4bdc-a67c-9672a9b711e6___RS_HL 5376.JPG,Potato___healthy,0.0,0.0,0.0,0.6023101806640625,0.0,0.0,0.0,0.6078948974609375,0.0,0.0,0.0,0.60748291015625,0.0,0.0,0.0,0.612701416015625
C:\Users\jagan\OneDrive\Documents\TRON\Dataset\PlantVillage\Potato___healthy\163ada72-4288-4f85-a3c1-feed23c8d1de___RS_HL 1940.JPG,Potato___healthy,0.0,0.0,0.0,0.557525634765625,0.0,0.0,0.0,0.565826416015625,0.0,0.0,0.0,0.557861328125,0.0,0.0,0.0,0.56622314453125
C:\Users\jagan\OneDrive\Documents\TRON\Dataset\PlantVillage\Potato___healthy\170f1f57-0fd4-421f-9c82-3b1804be63ad___RS_HL 1771.JPG,Potato___healthy,0.0,0.0,0.0,0.550537109375,0.0,0.0,0.0,0.5534820556640625,0.0,0.0,0.0,0.5511932373046875,0.0,0.0,0.0,0.55426025390625
C:\Users\jagan\OneDrive\Documents\TRON\Dataset\PlantVillage\Potato___healthy\1a1184f8-c414-4ead-a4c4-41ae78e29a82___RS_HL 1971.JPG,Potato___healthy,0.0,0.0,0.0,0.638824462890625,0.0,0.0,0.0,0.6714324951171875,0.0,0.0,0.0,0.639556884765625,0.0,0.0,0.0,0.6715240478515625
C:\Users\jagan\OneDrive\Documents\TRON\Dataset\PlantVillage\Potato___healthy\1ae826e2-5148-47bd-a44c-711ec9cc9c75___RS_HL 1954.JPG,Potato___healthy,0.0,0.0,0.0,0.5838470458984375,0.0,0.0,0.0,0.5897369384765625,0.0,0.0,0.0,0.5865325927734375,0.0,0.0,0.0,0.5901336669921875
C:\Users\jagan\OneDrive\Documents\TRON\Dataset\PlantVillage\Potato___healthy\1dcfeaa9-006d-470c-b3e5-d67609d07d4e___RS_HL 1808.JPG,Potato___healthy,0.0,0.0,0.0,0.596832275390625,0.0,0.0,0.0,0.6268463134765625,0.0,0.0,0.0,0.604949951171875,0.0,0.0,0.0,0.6390533447265625
C:\Users\jagan\OneDrive\Documents\TRON\Dataset\PlantVillage\Potato___healthy\20ac28d6-5708-4e31-8676-1b1979de094f___RS_HL 1735.JPG,Potato___healthy,0.0,0.0,0.0,0.622344970703125,0.0,0.0,0.0,0.6352996826171875,0.0,0.0,0.0,0.62322998046875,0.0,0.0,0.0,0.6357421875
C:\Users\jagan\OneDrive\Documents\TRON\Dataset\PlantVillage\Potato___healthy\22322780-95b4-4b45-b626-26b22965d55e___RS_HL 1880.JPG,Potato___healthy,0.0,0.0,0.0,0.59271240234375,0.0,0.0,0.0,0.5991058349609375,0.0,0.0,0.0,0.593719482421875,0.0,0.0,0.0,0.60003662109375
C:\Users\jagan\OneDrive\Documents\TRON\Dataset\PlantVillage\Potato___healthy\23f1ab77-d664-49c4-92eb-41eb66c6d101___RS_HL 4169.JPG,Potato___healthy,0.0,0.0,0.0,0.4910430908203125,0.0,0.0,0.0,0.4916229248046875,0.0,0.0,0.0,0.491851806640625,0.0,0.0,0.0,0.492340087890625
C:\Users\jagan\OneDrive\Documents\TRON\Dataset\PlantVillage\Potato___healthy\23f4d3b1-23f4-43fb-96c2-dae37224ec74___RS_HL 1803.JPG,Potato___healthy,0.0,0.0,0.0,0.4870147705078125,0.0,0.0,0.0,0.4949798583984375,0.0,0.0,0.0,0.4942169189453125,0.0,0.0,0.0,0.5009002685546875
C:\Users\jagan\OneDrive\Documents\TRON\Dataset\PlantVillage\Potato___healthy\2ccb9ee9-faac-4d32-9af5-29497fa2e028___RS_HL 1837.JPG,Potato___healthy,0.0,0.0,0.0,0.6192779541015625,0.0,0.0,0.0,0.6274871826171875,0.0,0.0,0.0,0.619476318359375,0.0,0.0,0.0,0.6275634765625
C:\Users\jagan\OneDrive\Documents\TRON\Dataset\PlantVillage\Potato___healthy\2dee1571-ef6b-40ef-8c46-334e89aad3f1___RS_HL 1950.JPG,Potato___healthy,0.0,0.0,0.0,0.5902099609375,0.0,0.0,0.0,0.6030731201171875,0.0,0.0,0.0,0.5908966064453125,0.0,0.0,0.0,0.6034698486328125
C:\Users\jagan\OneDrive\Documents\TRON\Dataset\PlantVillage\Potato___healthy\2e0b8b4b-e900-408b-b760-730690bbd382___RS_HL 1901.JPG,Potato___healthy,0.0,0.0,0.0,0.622802734375,0.0,0.0,0.0,0.6378631591796875,0.0,0.0,0.0,0.6240081787109375,0.0,0.0,0.0,0.6389617919921875
C:\Users\jagan\OneDrive\Documents\TRON\Dataset\PlantVillage\Potato___healthy\30937333-8898-4634-8c00-af57d3020ba6___RS_HL 1922.JPG,Potato___healthy,0.0,0.0,0.0,0.54833984375,0.0,0.0,0.0,0.5625152587890625,0.0,0.0,0.0,0.5491943359375,0.0,0.0,0.0,0.56329345703125
C:\Users\jagan\OneDrive\Documents\TRON\Dataset\PlantVillage\Potato___healthy\31a09d39-6791-4ecb-8f44-af2ed85dbd33___RS_HL 1970.JPG,Potato___healthy,0.0,0.0,0.0,0.58868408203125,0.0,0.0,0.0,0.599517822265625,0.0,0.0,0.0,0.58966064453125,0.0,0.0,0.0,0.600189208984375
C:\Users\jagan\OneDrive\Documents\TRON\Dataset\PlantVillage\Potato___healthy\36bdc44c-96a4-40bb-86f7-63a91d706e96___RS_HL 4203.JPG,Potato___healthy,0.0,0.0,0.0,0.5746612548828125,0.0,0.0,0.0,0.5768280029296875,0.0,0.0,0.0,0.5750579833984375,0.0,0.0,0.0,0.5767669677734375
C:\Users\jagan\OneDrive\Documents\TRON\Dataset\PlantVillage\Potato___healthy\3a1dbeee-089c-43f0-8f51-a92d3687a515___RS_HL 1754.JPG,Potato___healthy,0.0025177001953125,0.0025177001953125,4105.533203125,0.636199951171875,0.0025177001953125,0.0025177001953125,4105.533203125,0.647247314453125,0.0,0.0,0.0,0.64398193359375,0.0,0.0,0.0,0.6562957763671875
C:\Users\jagan\OneDrive\Documents\TRON\Dataset\PlantVillage\Potato___healthy\3c0d6888-c7e1-4cf8-9c25-9a0b8c62ba72___RS_HL 1780.JPG,Potato___healthy,0.0,0.0,0.0,0.610565185546875,0.0,0.0,0.0,0.62347412109375,0.0,0.0,0.0,0.61114501953125,0.0,0.0,0.0,0.6234283447265625
C:\Users\jagan\OneDrive\Documents\TRON\Dataset\PlantVillage\Potato___healthy\3f369e63-81eb-4194-a145-df9ed91abc5d___RS_HL 1745.JPG,Potato___healthy,0.0,0.0,0.0,0.5200042724609375,0.0,0.0,0.0,0.524932861328125,0.0,0.0,0.0,0.5242462158203125,0.0,0.0,0.0,0.528961181640625
C:\Users\jagan\OneDrive\Documents\TRON\Dataset\PlantVillage\Potato___healthy\413bc2e9-eb2a-48fd-ba65-48b5121fd85c___RS_HL 4200.JPG,Potato___healthy,0.0195770263671875,0.0,121.7796401977539,0.593353271484375,0.0193634033203125,0.0,119.12138366699219,0.6161956787109375,0.0195770263671875,0.0,121.7796401977539,0.593780517578125,0.019317626953125,0.0,118.65753173828125,0.6164703369140625
C:\Users\jagan\OneDrive\Documents\TRON\Dataset\PlantVillage\Potato___healthy\414f6249-9f78-4af5-9593-9d5a7e7d979f___RS_HL 1918.JPG,Potato___healthy,0.0,0.0,0.0,0.5384521484375,0.0,0.0,0.0,0.539459228515625,0.0,0.0,0.0,0.5406494140625,0.0,0.0,0.0,0.541473388671875
C:\Users\jagan\OneDrive\Documents\TRON\Dataset\PlantVillage\Potato___healthy\415ac4a2-8f16-4052-880e-1e1f208965f0___RS_HL 1884.JPG,Potato___healthy,0.0,0.0,0.0,0.5872802734375,0.0,0.0,0.0,0.59600830078125,0.0,0.0,0.0,0.5893096923828125,0.0,0.0,0.0,0.59686279296875
C:\Users\jagan\OneDrive\Documents\TRON\Dataset\PlantVillage\Potato___healthy\43fd6ace-3712-494a-9aba-de5482d22561___RS_HL 1968.JPG,Potato___healthy,0.0,0.0,0.0,0.694610595703125,0.0,0.0,0.0,0.7160491943359375,0.0,0.0,0.0,0.696319580078125,0.0,0.0,0.0,0.715972900390625
C:\Users\jagan\OneDrive\Documents\TRON\Dataset\PlantVillage\Potato___healthy\45bc0b37-ca59-4a89-8531-705af42a6fd5___RS_HL 1946.JPG,Potato___healthy,0.0063323974609375,0.0063323974609375,1056.5751953125,0.63348388671875,0.0063018798828125,0.0063018798828125,1060.4886474609375,0.646087646484375,0.0063323974609375,0.0063323974609375,1056.5751953125,0.634735107421875,0.0063018798828125,0.0063018798828125,1060.4886474609375,0.6483612060546875
C:\Users\jagan\OneDrive\Documents\TRON\Dataset\PlantVillage\Potato___healthy\468d3107-f09a-4f0d-8b9d-f08d7c49738f___RS_HL 1747.JPG,Potato___healthy,0.0044708251953125,0.0044708251953125,11252.4453125,0.528717041015625,0.0036773681640625,0.0036773681640625,12494.5634765625,0.539093017578125,0.0,0.0,0.0,0.54058837890625,0.0,0.0,0.0,0.5517120361328125
C:\Users\jagan\OneDrive\Documents\TRON\Dataset\PlantVillage\Potato___healthy\46b2555a-c0a6-48c2-af13-0816e147e4de___RS_HL 1943.JPG,Potato___healthy,0.0,0.0,0.0,0.6121063232421875,0.0,0.0,0.0,0.6283111572265625,0.0,0.0,0.0,0.6126251220703125,0.0,0.0,0.0,0.628692626953125
C:\Users\jagan\OneDrive\Documents\TRON\Dataset\PlantVillage\Potato___healthy\4bbccfb6-5720-4c80-9b37-0c3ed8999c9f___RS_HL 1791.JPG,Potato___healthy,0.0,0.0,0.0,0.538909912109375,0.0,0.0,0.0,0.54571533203125,0.0,0.0,0.0,0.5406341552734375,0.0,0.0,0.0,0.547149658203125
C:\Users\jagan\OneDrive\Documents\TRON\Dataset\PlantVillage\Potato___healthy\52dd2fdd-6966-450c-a42b-ee14428d4271___RS_HL 1955.JPG,Potato___healthy,0.0,0.0,0.0,0.5301666259765625,0.0,0.0,0.0,0.535552978515625,0.0,0.0,0.0,0.5321807861328125,0.0,0.0,0.0,0.537811279296875
C:\Users\jagan\OneDrive\Documents\TRON\Dataset\PlantVillage\Potato___healthy\533abd3a-3e1d-42d0-ae9c-5189282b78af___RS_HL 5369.JPG,Potato___healthy,0.0,0.0,0.0,0.6063079833984375,0.0,0.0,0.0,0.6120452880859375,0.0,0.0,0.0,0.6095428466796875,0.0,0.0,0.0,0.6143951416015625
C:\Users\jagan\OneDrive\Documents\TRON\Dataset\PlantVillage\Potato___healthy\56ae1281-5ee5-4f2a-8678-c2e4491878c6___RS_HL 1869.JPG,Potato___healthy,0.0,0.0,0.0,0.5146636962890625,0.0,0.0,0.0,0.51531982421875,0.0,0.0,0.0,0.515350341796875,0.0,0.0,0.0,0.5159759521484375
C:\Users\jagan\OneDrive\Documents\TRON\Dataset\PlantVillage\Potato___healthy\57e24d88-fd01-4422-b8b5-d688d2296184___RS_HL 5401.JPG,Potato___healthy,0.0,0.0,0.0,0.6592559814453125,0.0,0.0,0.0,0.6747283935546875,0.0,0.0,0.0,0.6605987548828125,0.0,0.0,0.0,0.675994873046875
C:\Users\jagan\OneDrive\Documents\TRON\Dataset\PlantVillage\Potato___healthy\57e262fc-e0ba-44db-a967-5ba6f1826e49___RS_HL 1897.JPG,Potato___healthy,0.0,0.0,0.0,0.6065826416015625,0.0,0.0,0.0,0.61572265625,0.0,0.0,0.0,0.60711669921875,0.0,0.0,0.0,0.616790771484375
C:\Users\jagan\OneDrive\Documents\TRON\Dataset\PlantVillage\Tomato_Bacterial_spot\00416648-be6e-4bd4-bc8d-82f43f8a7240___GCREC_Bact.Sp 3110.JPG,Tomato_Bacterial_spot,0.0,0.0,0.0,0.521514892578125,0.0,0.0,0.0,0.5389556884765625,0.0,0.0,0.0,0.5240325927734375,0.0,0.0,0.0,0.5406341552734375
C:\Users\jagan\OneDrive\Documents\TRON\Dataset\PlantVillage\Tomato_Bacterial_spot\00a7c269-3476-4d25-b744-44d6353cd921___GCREC_Bact.Sp 5807.JPG,Tomato_Bacterial_spot,0.0086669921875,0.0086669921875,397.12603759765625,0.648834228515625,0.0069580078125,0.0069580078125,399.6268615722656,0.6592559814453125,0.00634765625,0.00634765625,426.61029052734375,0.653228759765625,0.0055084228515625,0.0055084228515625,416.97021484375,0.661712646484375
C:\Users\jagan\OneDrive\Documents\TRON\Dataset\PlantVillage\Tomato_Bacterial_spot\00b7e89a-e129-4576-b51f-48923888bff9___GCREC_Bact.Sp 6202.JPG,Tomato_Bacterial_spot,0.0,0.0,0.0,0.5239715576171875,0.0,0.0,0.0,0.53424072265625,0.0,0.0,0.0,0.5290985107421875,0.0,0.0,0.0,0.5406646728515625
C:\Users\jagan\OneDrive\Documents\TRON\Dataset\PlantVillage\Tomato_Bacterial_spot\01375198-62af-4c40-bddf-f3c11107200b___GCREC_Bact.Sp 5914.JPG,Tomato_Bacterial_spot,0.0,0.0,0.0,0.5903167724609375,0.0,0.0,0.0,0.5970916748046875,0.0,0.0,0.0,0.602935791015625,0.0,0.0,0.0,0.6090850830078125
C:\Users\jagan\OneDrive\Documents\TRON\Dataset\PlantVillage\Tomato_Bacterial_spot\014b58ae-091b-408a-ab4a-5a780cd1c3f3___GCREC_Bact.Sp 2971.JPG,Tomato_Bacterial_spot,0.0,0.0,0.0,0.5673828125,0.0,0.0,0.0,0.573699951171875,0.0,0.0,0.0,0.569091796875,0.0,0.0,0.0,0.5755157470703125
C:\Users\jagan\OneDrive\Documents\TRON\Dataset\PlantVillage\Tomato_Bacterial_spot\01a3cf3f-94c1-44d5-8972-8c509d62558e___GCREC_Bact.Sp 3396.JPG,Tomato_Bacterial_spot,0.0,0.0,0.0,0.63482666015625,0.0,0.0,0.0,0.6567535400390625,0.0,0.0,0.0,0.6415863037109375,0.0,0.0,0.0,0.6619720458984375
C:\Users\jagan\OneDrive\Documents\TRON\Dataset\PlantVillage\Tomato_Bacterial_spot\01a46cb5-d354-4f59-868e-e56186701541___GCREC_Bact.Sp 5638.JPG,Tomato_Bacterial_spot,0.0023193359375,0.0023193359375,317.8451843261719,0.5870208740234375,0.0022735595703125,0.0022735595703125,320.474853515625,0.6086578369140625,0.0,0.0,0.0,0.5908050537109375,0.002105712890625,0.002105712890625,308.81158447265625,0.6118621826171875
C:\Users\jagan\OneDrive\Documents\TRON\Dataset\PlantVillage\Tomato_Bacterial_spot\01d9fc8d-5083-468d-a583-885f33517cdd___GCREC_Bact.Sp 3422.JPG,Tomato_Bacterial_spot,0.004791259765625,0.0,174.7248992919922,0.6069793701171875,0.0092620849609375,0.0,236.87474060058594,0.6284637451171875,0.0034027099609375,0.0,140.09744262695312,0.6119384765625,0.0023956298828125,0.0,125.71697998046875,0.642120361328125
C:\Users\jagan\OneDrive\Documents\TRON\Dataset\PlantVillage\Tomato_Bacterial_spot\01e079ba-939a-4681-8983-db663f4a859b___GCREC_Bact.Sp 3029.JPG,Tomato_Bacterial_spot,0.0,0.0,0.0,0.6584320068359375,0.0,0.0,0.0,0.6717987060546875,0.0,0.0,0.0,0.6635284423828125,0.0,0.0,0.0,0.6768951416015625
C:\Users\jagan\OneDrive\Documents\TRON\Dataset\PlantVillage\Tomato_Bacterial_spot\01f13167-f508-4ef2-8720-4e973438f8fc___GCREC_Bact.Sp 5892.JPG,Tomato_Bacterial_spot,0.015106201171875,0.015106201171875,464.77410888671875,0.54150390625,0.0183258056640625,0.0183258056640625,503.2210693359375,0.5490570068359375,0.0083465576171875,0.0035552978515625,285.10394287109375,0.551422119140625,0.0091552734375,0.0091552734375,301.6944885253906,0.557373046875
C:\Users\jagan\OneDrive\Documents\TRON\Dataset\PlantVillage\Tomato_Bacterial_spot\0296e043-c805-47e4-bce5-b2326048ac67___GCREC_Bact.Sp 5680.JPG,Tomato_Bacterial_spot,0.0,0.0,0.0,0.5597686767578125,0.0,0.0,0.0,0.5695037841796875,0.0,0.0,0.0,0.5690460205078125,0.0,0.0,0.0,0.58013916015625
C:\Users\jagan\OneDrive\Documents\TRON\Dataset\PlantVillage\Tomato_Bacterial_spot\02dfe58f-0ad1-4bf6-838a-e145978b1eed___GCREC_Bact.Sp 5841.JPG,Tomato_Bacterial_spot,0.0,0.0,0.0,0.6127471923828125,0.0,0.0,0.0,0.6214447021484375,0.0,0.0,0.0,0.6207427978515625,0.0,0.0,0.0,0.6313323974609375
C:\Users\jagan\OneDrive\Documents\TRON\Dataset\PlantVillage\Tomato_Bacterial_spot\02fd4e60-db82-441c-87f6-08de768a4462___GCREC_Bact.Sp 5547.JPG,Tomato_Bacterial_spot,0.012298583984375,0.012298583984375,940.5406494140625,0.552764892578125,0.0116729736328125,0.0116729736328125,961.79052734375,0.556549072265625,0.0074005126953125,0.0074005126953125,828.5000610351562,0.5607757568359375,0.006683349609375,0.006683349609375,892.03955078125,0.56414794921875
C:\Users\jagan\OneDrive\Documents\TRON\Dataset\PlantVillage\Tomato_Bacterial_spot\030501db-683b-4ed5-9ec0-c475a5dfdd76___GCREC_Bact.Sp 5650.JPG,Tomato_Bacterial_spot,0.014556884765625,0.0,146.08128356933594,0.6041107177734375,0.0137481689453125,0.0,151.66845703125,0.6269378662109375,0.0104217529296875,0.0,155.29690551757812,0.6101531982421875,0.0105438232421875,0.0,158.16334533691406,0.6329345703125
C:\Users\jagan\OneDrive\Documents\TRON\Dataset\PlantVillage\Tomato_Bacterial_spot\03707c27-7f95-4f19-a173-1c0c74653fdf___GCREC_Bact.Sp 3046.JPG,Tomato_Bacterial_spot,0.0,0.0,0.0,0.501800537109375,0.0,0.0,0.0,0.510009765625,0.0,0.0,0.0,0.5055389404296875,0.0,0.0,0.0,0.5138092041015625
C:\Users\jagan\OneDrive\Documents\TRON\Dataset\PlantVillage\Tomato_Bacterial_spot\03af6874-872f-41e1-bce4-b3022bd7a9e6___GCREC_Bact.Sp 2995.JPG,Tomato_Bacterial_spot,0.0,0.0,0.0,0.5595703125,0.0,0.0,0.0,0.57916259765625,0.0,0.0,0.0,0.561553955078125,0.0,0.0,0.0,0.5810546875
C:\Users\jagan\OneDrive\Documents\TRON\Dataset\PlantVillage\Tomato_Bacterial_spot\03c8e0d0-6c57-4207-ad44-4d017c3e7943___GCREC_Bact.Sp 6325.JPG,Tomato_Bacterial_spot,0.0,0.0,0.0,0.5763702392578125,0.0,0.0,0.0,0.600006103515625,0.0,0.0,0.0,0.5904541015625,0.0,0.0,0.0,0.613861083984375
C:\Users\jagan\OneDrive\Documents\TRON\Dataset\PlantVillage\Tomato_Bacterial_spot\03ca5883-e9d6-4f88-81d8-90176fcc5413___GCREC_Bact.Sp 3013.JPG,Tomato_Bacterial_spot,0.0,0.0,0.0,0.6652069091796875,0.0,0.0,0.0,0.686676025390625,0.0,0.0,0.0,0.671142578125,0.0,0.0,0.0,0.6928558349609375
C:\Users\jagan\OneDrive\Documents\TRON\Dataset\PlantVillage\Tomato_Bacterial_spot\03e6cea1-1c09-420a-a22e-2c29844004d1___GCREC_Bact.Sp 3076.JPG,Tomato_Bacterial_spot,0.0,0.0,0.0,0.585357666015625,0.0,0.0,0.0,0.6016693115234375,0.0,0.0,0.0,0.5975189208984375,0.0,0.0,0.0,0.614501953125
C:\Users\jagan\OneDrive\Documents\TRON\Dataset\PlantVillage\Tomato_Bacterial_spot\045e9a8d-bed0-4700-8d27-7f8d0735223e___GCREC_Bact.Sp 3848.JPG,Tomato_Bacterial_spot,0.0073699951171875,0.0,53.95183563232422,0.62823486328125,0.0052337646484375,0.0,50.51165771484375,0.6470794677734375,0.0065155029296875,0.0,55.70566940307617,0.6326904296875,0.0048370361328125,0.0,51.324642181396484,0.6485443115234375
C:\Users\jagan\OneDrive\Documents\TRON\Dataset\PlantVillage\Tomato_Bacterial_spot\04da1f61-623b-4878-86ed-3ea24723b515___GCREC_Bact.Sp 5700.JPG,Tomato_Bacterial_spot,0.0,0.0,0.0,0.5974273681640625,0.0,0.0,0.0,0.6105499267578125,0.0,0.0,0.0,0.6023101806640625,0.0,0.0,0.0,0.6152801513671875
C:\Users\jagan\OneDrive\Documents\TRON\Dataset\PlantVillage\Tomato_Bacterial_spot\0542f446-f9d7-4173-ab07-f41125b21dc7___GCREC_Bact.Sp 3074.JPG,Tomato_Bacterial_spot,0.0,0.0,0.0,0.5726470947265625,0.0,0.0,0.0,0.586334228515625,0.0,0.0,0.0,0.575286865234375,0.0,0.0,0.0,0.5888824462890625
C:\Users\jagan\OneDrive\Documents\TRON\Dataset\PlantVillage\Tomato_Bacterial_spot\05530c50-5cb9-484f-91d0-82c9df7689d5___GCREC_Bact.Sp 6051.JPG,Tomato_Bacterial_spot,0.0,0.0,0.0,0.5392913818359375,0.0,0.0,0.0,0.5638275146484375,0.0,0.0,0.0,0.542205810546875,0.0,0.0,0.0,0.5666351318359375
C:\Users\jagan\OneDrive\Documents\TRON\Dataset\PlantVillage\Tomato_Bacterial_spot\05777829-6912-44bb-bcef-901bc5190584___GCREC_Bact.Sp 6150.JPG,Tomato_Bacterial_spot,0.0,0.0,0.0,0.61102294921875,0.0,0.0,0.0,0.6351318359375,0.0,0.0,0.0,0.61773681640625,0.0,0.0,0.0,0.6514739990234375
C:\Users\jagan\OneDrive\Documents\TRON\Dataset\PlantVillage\Tomato_Bacterial_spot\057e3333-e63f-4259-888e-12869cc457c7___GCREC_Bact.Sp 3317.JPG,Tomato_Bacterial_spot,0.0,0.0,0.0,0.5413055419921875,0.0,0.0,0.0,0.55078125,0.0,0.0,0.0,0.5440673828125,0.0,0.0,0.0,0.553375244140625
C:\Users\jagan\OneDrive\Documents\TRON\Dataset\PlantVillage\Tomato_Bacterial_spot\05fc994d-7781-4dc5-a15c-b359f6c681a6___GCREC_Bact.Sp 6304.JPG,Tomato_Bacterial_spot,0.0025482177734375,0.0025482177734375,449.94049072265625,0.6244964599609375,0.0,0.0,0.0,0.6460113525390625,0.0028533935546875,0.0028533935546875,479.1432189941406,0.638885498046875,0.0,0.0,0.0,0.659454345703125
C:\Users\jagan\OneDrive\Documents\TRON\Dataset\PlantVillage\Tomato_Bacterial_spot\06ac210d-bdb1-4224-9053-c218cb14fa60___GCREC_Bact.Sp 3220.JPG,Tomato_Bacterial_spot,0.0,0.0,0.0,0.6051483154296875,0.0,0.0,0.0,0.6231536865234375,0.0,0.0,0.0,0.6094970703125,0.0,0.0,0.0,0.6269073486328125
C:\Users\jagan\OneDrive\Documents\TRON\Dataset\PlantVillage\Tomato_Bacterial_spot\06d98f32-c416-4a79-81df-8e64f8bb7779___GCREC_Bact.Sp 3083.JPG,Tomato_Bacterial_spot,0.0,0.0,0.0,0.6390838623046875,0.0,0.0,0.0,0.6525115966796875,0.0,0.0,0.0,0.6437530517578125,0.0,0.0,0.0,0.6585540771484375
C:\Users\jagan\OneDrive\Documents\TRON\Dataset\PlantVillage\Tomato_Bacterial_spot\072f9c7d-c296-49d9-a432-6ec9448cab2a___GCREC_Bact.Sp 3558.JPG,Tomato_Bacterial_spot,0.017333984375,0.017333984375,406.82598876953125,0.5627593994140625,0.022003173828125,0.022003173828125,393.4798889160156,0.574371337890625,0.0221405029296875,0.0221405029296875,409.42242431640625,0.5673980712890625,0.020904541015625,0.020904541015625,397.4469909667969,0.5778961181640625
C:\Users\jagan\OneDrive\Documents\TRON\Dataset\PlantVillage\Tomato_Bacterial_spot\0740bf94-09c3-4718-8375-6ceed7db97a3___GCREC_Bact.Sp 3628.JPG,Tomato_Bacterial_spot,0.0096588134765625,0.0096588134765625,1974.59521484375,0.62445068359375,0.0105438232421875,0.0105438232421875,2103.0166015625,0.6338653564453125,0.0,0.0,0.0,0.636444091796875,0.0,0.0,0.0,0.65643310546875
C:\Users\jagan\OneDrive\Documents\TRON\Dataset\PlantVillage\Tomato_Bacterial_spot\07458546-6893-49c8-b94f-edde706b19fa___GCREC_Bact.Sp 3835.JPG,Tomato_Bacterial_spot,0.0,0.0,0.0,0.62554931640625,0.0027008056640625,0.0027008056640625,848.0545654296875,0.648895263671875,0.0,0.0,0.0,0.635284423828125,0.0,0.0,0.0,0.6574859619140625
C:\Users\jagan\OneDrive\Documents\TRON\Dataset\PlantVillage\Tomato_Bacterial_spot\0756753c-decb-4344-892f-4677b8215f0f___GCREC_Bact.Sp 5778.JPG,Tomato_Bacterial_spot,0.0,0.0,0.0,0.457672119140625,0.0,0.0,0.0,0.471343994140625,0.0,0.0,0.0,0.4607696533203125,0.0,0.0,0.0,0.4741973876953125
C:\Users\jagan\OneDrive\Documents\TRON\Dataset\PlantVillage\Tomato_Bacterial_spot\075caa8d-0748-441c-a365-754b43a5b538___GCREC_Bact.Sp 5625.JPG,Tomato_Bacterial_spot,0.0022735595703125,0.0,71.09220123291016,0.5878143310546875,0.0,0.0,0.0,0.60577392578125,0.002197265625,0.0,71.94053649902344,0.593505859375,0.0,0.0,0.0,0.61181640625
C:\Users\jagan\OneDrive\Documents\TRON\Dataset\PlantVillage\Tomato_Bacterial_spot\07f5c629-92da-49ad-b132-6268199882f8___GCREC_Bact.Sp 3362.JPG,Tomato_Bacterial_spot,0.0,0.0,0.0,0.494903564453125,0.0,0.0,0.0,0.508148193359375,0.0,0.0,0.0,0.509185791015625,0.0,0.0,0.0,0.5216217041015625
C:\Users\jagan\OneDrive\Documents\TRON\Dataset\PlantVillage\Tomato_Bacterial_spot\0809f630-10f6-48b4-9aa2-6c08852aa83a___GCREC_Bact.Sp 5626.JPG,Tomato_Bacterial_spot,0.0,0.0,0.0,0.640411376953125,0.0,0.0,0.0,0.6596221923828125,0.0,0.0,0.0,0.644317626953125,0.0,0.0,0.0,0.6631317138671875
C:\Users\jagan\OneDrive\Documents\TRON\Dataset\PlantVillage\Tomato_Bacterial_spot\086880d1-73c4-40d3-99ea-d446c2299692___GCREC_Bact.Sp 3333.JPG,Tomato_Bacterial_spot,0.0,0.0,0.0,0.5931243896484375,0.0,0.0,0.0,0.6090545654296875,0.0,0.0,0.0,0.5962982177734375,0.0,0.0,0.0,0.6123809814453125
C:\Users\jagan\OneDrive\Documents\TRON\Dataset\PlantVillage\Tomato_Bacterial_spot\09442ca2-e279-4937-8ba0-faa85901f199___GCREC_Bact.Sp 5643.JPG,Tomato_Bacterial_spot,0.024627685546875,0.024627685546875,676.1953125,0.4871368408203125,0.03765869140625,0.03765869140625,755.368896484375,0.500946044921875,0.0145111083984375,0.0145111083984375,471.1779479980469,0.5040435791015625,0.0292205810546875,0.0292205810546875,732.1178588867188,0.515960693359375
C:\Users\jagan\OneDrive\Documents\TRON\Dataset\PlantVillage\Tomato_Bacterial_spot\095f2dd4-7e65-44ab-a867-c5d9634ec532___GCREC_Bact.Sp 3801.JPG,Tomato_Bacterial_spot,0.0,0.0,0.0,0.6621856689453125,0.0,0.0,0.0,0.6692352294921875,0.0,0.0,0.0,0.6650848388671875,0.0,0.0,0.0,0.672943115234375
C:\Users\jagan\OneDrive\Documents\TRON\Dataset\PlantVillage\Tomato_Bacterial_spot\098b62a4-f92b-4c0d-9ab9-a6061a9d1625___GCREC_Bact.Sp 2955.JPG,Tomato_Bacterial_spot,0.0,0.0,0.0,0.49957275390625,0.0,0.0,0.0,0.5118408203125,0.0,0.0,0.0,0.5109710693359375,0.0,0.0,0.0,0.521514892578125
C:\Users\jagan\OneDrive\Documents\TRON\Dataset\PlantVillage\Tomato_Bacterial_spot\0a1655ed-797c-4d1d-ba35-dc255d68a2ee___GCREC_Bact.Sp 3560.JPG,Tomato_Bacterial_spot,0.002471923828125,0.0,101.1789779663086,0.6058349609375,0.0024871826171875,0.0,115.20162963867188,0.62738037109375,0.0024871826171875,0.0,101.93126678466797,0.607879638671875,0.002471923828125,0.0,115.77522277832031,0.6295013427734375
C:\Users\jagan\OneDrive\Documents\TRON\Dataset\PlantVillage\Tomato_Early_blight\0012b9d2-2130-4a06-a834-b1f3af34f57e___RS_Erly.B 8389.JPG,Tomato_Early_blight,0.0,0.0,0.0,0.70623779296875,0.0,0.0,0.0,0.7182464599609375,0.0,0.0,0.0,0.7120819091796875,0.0,0.0,0.0,0.725677490234375
C:\Users\jagan\OneDrive\Documents\TRON\Dataset\PlantVillage\Tomato_Early_blight\00c5c908-fc25-4710-a109-db143da23112___RS_Erly.B 7778.JPG,Tomato_Early_blight,0.0,0.0,0.0,0.4585418701171875,0.0,0.0,0.0,0.4674224853515625,0.0,0.0,0.0,0.4613189697265625,0.0,0.0,0.0,0.4696807861328125
C:\Users\jagan\OneDrive\Documents\TRON\Dataset\PlantVillage\Tomato_Early_blight\00e7c4b2-3005-4558-9cfa-235e356cb7a8___RS_Erly.B 7844.JPG,Tomato_Early_blight,0.0,0.0,0.0,0.5304412841796875,0.0,0.0,0.0,0.544219970703125,0.0,0.0,0.0,0.5315704345703125,0.0,0.0,0.0,0.5455322265625
C:\Users\jagan\OneDrive\Documents\TRON\Dataset\PlantVillage\Tomato_Early_blight\0114f7b3-7f56-4bef-aa47-7a82da142d4b___RS_Erly.B 7437.JPG,Tomato_Early_blight,0.0,0.0,0.0,0.538848876953125,0.0,0.0,0.0,0.55084228515625,0.0,0.0,0.0,0.5460662841796875,0.0,0.0,0.0,0.556793212890625
C:\Users\jagan\OneDrive\Documents\TRON\Dataset\PlantVillage\Tomato_Early_blight\011aa278-a39e-40b0-b6e4-2e2f835889f0___RS_Erly.B 8251.JPG,Tomato_Early_blight,0.109893798828125,0.109893798828125,11246.1640625,0.5411376953125,0.089691162109375,0.089691162109375,10293.4560546875,0.5937042236328125,0.0,0.0,0.0,0.7027130126953125,0.0,0.0,0.0,0.7200775146484375
C:\Users\jagan\OneDrive\Documents\TRON\Dataset\PlantVillage\Tomato_Early_blight\01861c93-ea8b-4820-aaa8-cc6003b3e75b___RS_Erly.B 7855.JPG,Tomato_Early_blight,0.0,0.0,0.0,0.4273834228515625,0.0,0.0,0.0,0.42913818359375,0.0,0.0,0.0,0.42950439453125,0.0,0.0,0.0,0.4317169189453125
C:\Users\jagan\OneDrive\Documents\TRON\Dataset\PlantVillage\Tomato_Early_blight\01f87f04-ff38-4aba-b7d1-587aa06e5282___RS_Erly.B 7851.JPG,Tomato_Early_blight,0.0,0.0,0.0,0.5524444580078125,0.0,0.0,0.0,0.5733795166015625,0.0,0.0,0.0,0.5567779541015625,0.0,0.0,0.0,0.5756683349609375
C:\Users\jagan\OneDrive\Documents\TRON\Dataset\PlantVillage\Tomato_Early_blight\0208ed52-1b28-4c9c-88e3-4667581e1109___RS_Erly.B 7829.JPG,Tomato_Early_blight,0.0,0.0,0.0,0.480621337890625,0.0,0.0,0.0,0.4961395263671875,0.0,0.0,0.0,0.49420166015625,0.0,0.0,0.0,0.50628662109375
C:\Users\jagan\OneDrive\Documents\TRON\Dataset\PlantVillage\Tomato_Early_blight\03b4571c-b1eb-4e2a-b372-307046913f50___RS_Erly.B 7548.JPG,Tomato_Early_blight,0.0148773193359375,0.0148773193359375,597.798095703125,0.4293670654296875,0.0117645263671875,0.0117645263671875,558.8530883789062,0.46197509765625,0.014739990234375,0.014739990234375,600.7555541992188,0.440704345703125,0.0140380859375,0.0140380859375,573.6204223632812,0.4775543212890625
C:\Users\jagan\OneDrive\Documents\TRON\Dataset\PlantVillage\Tomato_Early_blight\04747279-48b2-4ce1-932b-e511424beb6b___RS_Erly.B 8240.JPG,Tomato_Early_blight,0.0,0.0,0.0,0.6119842529296875,0.0,0.0,0.0,0.632843017578125,0.0,0.0,0.0,0.614501953125,0.0,0.0,0.0,0.6344757080078125
C:\Users\jagan\OneDrive\Documents\TRON\Dataset\PlantVillage\Tomato_Early_blight\04e38351-80bc-4260-8a4d-187f7817c3e5___RS_Erly.B 7439.JPG,Tomato_Early_blight,0.0359649658203125,0.0,78.68196105957031,0.577789306640625,0.0373382568359375,0.0,80.54043579101562,0.588226318359375,0.0362548828125,0.0,81.54552459716797,0.58203125,0.039306640625,0.0,85.34907531738281,0.5908355712890625
C:\Users\jagan\OneDrive\Documents\TRON\Dataset\PlantVillage\Tomato_Early_blight\055ae8d8-09e1-4b27-b385-9ff8a3e0eaae___RS_Erly.B 8247.JPG,Tomato_Early_blight,0.0065460205078125,0.0065460205078125,789.2105102539062,0.7401275634765625,0.005828857421875,0.005828857421875,875.7410888671875,0.758514404296875,0.0065460205078125,0.0065460205078125,783.0100708007812,0.7486114501953125,0.00604248046875,0.00604248046875,885.7135620117188,0.767120361328125
C:\Users\jagan\OneDrive\Documents\TRON\Dataset\PlantVillage\Tomato_Early_blight\06339fe1-154f-4bcb-be91-a29e86e25929___RS_Erly.B 7440.JPG,Tomato_Early_blight,0.0021209716796875,0.0021209716796875,1049.7457275390625,0.487274169921875,0.0,0.0,0.0,0.4927978515625,0.0,0.0,0.0,0.50909423828125,0.0,0.0,0.0,0.5145721435546875
C:\Users\jagan\OneDrive\Documents\TRON\Dataset\PlantVillage\Tomato_Early_blight\06d0298e-18e5-4bf5-8d33-8feef6600f15___RS_Erly.B 7573.JPG,Tomato_Early_blight,0.0,0.0,0.0,0.5394287109375,0.0,0.0,0.0,0.552520751953125,0.0,0.0,0.0,0.5432281494140625,0.0,0.0,0.0,0.556182861328125
C:\Users\jagan\OneDrive\Documents\TRON\Dataset\PlantVillage\Tomato_Early_blight\072ae43a-416b-434a-a5a2-1b48bc47fada___RS_Erly.B 7472.JPG,Tomato_Early_blight,0.0268707275390625,0.0268707275390625,4769.35888671875,0.6608428955078125,0.021453857421875,0.021453857421875,4594.06591796875,0.6772918701171875,0.0,0.0,0.0,0.69573974609375,0.0,0.0,0.0,0.7078704833984375
C:\Users\jagan\OneDrive\Documents\TRON\Dataset\PlantVillage\Tomato_Early_blight\07409e2c-a730-4b11-b25e-31025bd63a91___RS_Erly.B 9578.JPG,Tomato_Early_blight,0.0114593505859375,0.0,97.98826599121094,0.5850830078125,0.00775146484375,0.0,103.40391540527344,0.5928192138671875,0.010406494140625,0.0,101.97669219970703,0.5892181396484375,0.004669189453125,0.0,108.96766662597656,0.5967864990234375
C:\Users\jagan\OneDrive\Documents\TRON\Dataset\PlantVillage\Tomato_Early_blight\074bc781-f586-46b0-bef5-0237e3bf5043___RS_Erly.B 8375.JPG,Tomato_Early_blight,0.0,0.0,0.0,0.768768310546875,0.0,0.0,0.0,0.7871246337890625,0.0,0.0,0.0,0.77197265625,0.0,0.0,0.0,0.789398193359375
C:\Users\jagan\OneDrive\Documents\TRON\Dataset\PlantVillage\Tomato_Early_blight\07502bbb-1733-4d49-a3dc-557b1d4391da___RS_Erly.B 7516.JPG,Tomato_Early_blight,0.0,0.0,0.0,0.5281982421875,0.0,0.0,0.0,0.534149169921875,0.0,0.0,0.0,0.529632568359375,0.0,0.0,0.0,0.53607177734375
C:\Users\jagan\OneDrive\Documents\TRON\Dataset\PlantVillage\Tomato_Early_blight\079e0d43-e9d2-4217-b8e8-2f3b989cdab2___RS_Erly.B 7588.JPG,Tomato_Early_blight,0.0095977783203125,0.0040740966796875,196.4132080078125,0.54669189453125,0.0072174072265625,0.00408935546875,72.44803619384766,0.569305419921875,0.0072479248046875,0.0,147.9292449951172,0.564544677734375,0.0070037841796875,0.0,153.98367309570312,0.588897705078125
C:\Users\jagan\OneDrive\Documents\TRON\Dataset\PlantVillage\Tomato_Early_blight\08615b7d-eca7-487e-a9ea-07842ecf81e8___RS_Erly.B 7543.JPG,Tomato_Early_blight,0.003875732421875,0.0,261.91510009765625,0.5644989013671875,0.0,0.0,0.0,0.5805206298828125,0.0,0.0,0.0,0.5732269287109375,0.0,0.0,0.0,0.5860443115234375
C:\Users\jagan\OneDrive\Documents\TRON\Dataset\PlantVillage\Tomato_Early_blight\090af0e4-75f2-495a-8bca-a3370c6dd2a6___RS_Erly.B 9562.JPG,Tomato_Early_blight,0.0045623779296875,0.0,59.49745178222656,0.4809112548828125,0.0041351318359375,0.0,57.551856994628906,0.4928436279296875,0.0045623779296875,0.0,59.49745178222656,0.4894561767578125,0.0035552978515625,0.0,57.34660720825195,0.5007781982421875
C:\Users\jagan\OneDrive\Documents\TRON\Dataset\PlantVillage\Tomato_Early_blight\0a2726e0-3358-4a46-b6dc-563a5a9f2bdf___RS_Erly.B 7860.JPG,Tomato_Early_blight,0.0,0.0,0.0,0.5361328125,0.0,0.0,0.0,0.55206298828125,0.0,0.0,0.0,0.5381927490234375,0.0,0.0,0.0,0.55462646484375
C:\Users\jagan\OneDrive\Documents\TRON\Dataset\PlantVillage\Tomato_Early_blight\0abc57ec-7f3b-482a-8579-21f3b2fb780b___RS_Erly.B 7609.JPG,Tomato_Early_blight,0.0,0.0,0.0,0.5414581298828125,0.0,0.0,0.0,0.5605926513671875,0.0,0.0,0.0,0.5468292236328125,0.0,0.0,0.0,0.5648040771484375
C:\Users\jagan\OneDrive\Documents\TRON\Dataset\PlantVillage\Tomato_Early_blight\0ae44a6c-1213-4312-a11b-c7c5d4e585d0___RS_Erly.B 9442.JPG,Tomato_Early_blight,0.0,0.0,0.0,0.5722808837890625,0.0,0.0,0.0,0.5783538818359375,0.0,0.0,0.0,0.5763397216796875,0.0,0.0,0.0,0.581512451171875
C:\Users\jagan\OneDrive\Documents\TRON\Dataset\PlantVillage\Tomato_Early_blight\0b494c44-8cd0-4491-bdfd-8a354209c3ae___RS_Erly.B 9561.JPG,Tomato_Early_blight,0.0031890869140625,0.0,102.02485656738281,0.67498779296875,0.0022430419921875,0.0,102.73191833496094,0.700958251953125,0.0058441162109375,0.0,139.48280334472656,0.6790618896484375,0.002227783203125,0.0,70.92081451416016,0.703094482421875
C:\Users\jagan\OneDrive\Documents\TRON\Dataset\PlantVillage\Tomato_Early_blight\0ba3d536-8732-4ea1-b3e1-a1be86e5dc6a___RS_Erly.B 9499.JPG,Tomato_Early_blight,0.1176300048828125,0.1176300048828125,978.6281127929688,0.46392822265625,0.111114501953125,0.111114501953125,852.6556396484375,0.4772186279296875,0.0269927978515625,0.0269927978515625,1601.6905517578125,0.580169677734375,0.0067901611328125,0.0067901611328125,2997.619873046875,0.606048583984375
C:\Users\jagan\OneDrive\Documents\TRON\Dataset\PlantVillage\Tomato_Early_blight\0bd357fe-1e54-4c65-979c-e894e0b8a3aa___RS_Erly.B 8328.JPG,Tomato_Early_blight,0.0025177001953125,0.0025177001953125,18807.171875,0.434783935546875,0.0,0.0,0.0,0.4513092041015625,0.0,0.0,0.0,0.4564056396484375,0.0,0.0,0.0,0.4683990478515625
C:\Users\jagan\OneDrive\Documents\TRON\Dataset\PlantVillage\Tomato_Early_blight\0c221e01-a85e-4794-b45b-3a91e349a8d2___RS_Erly.B 6425.JPG,Tomato_Early_blight,0.0037384033203125,0.0,254.87728881835938,0.533782958984375,0.0040283203125,0.0,269.3333435058594,0.5496978759765625,0.0025177001953125,0.0,254.28958129882812,0.5397796630859375,0.0038909912109375,0.0,266.36627197265625,0.5546875
C:\Users\jagan\OneDrive\Documents\TRON\Dataset\PlantVillage\Tomato_Early_blight\0cd1ebaf-3975-4749-b625-50b7b0751c36___RS_Erly.B 7508.JPG,Tomato_Early_blight,0.0,0.0,0.0,0.4520111083984375,0.0,0.0,0.0,0.4556121826171875,0.0,0.0,0.0,0.4603118896484375,0.0,0.0,0.0,0.46417236328125
C:\Users\jagan\OneDrive\Documents\TRON\Dataset\PlantVillage\Tomato_Early_blight\0cd2270f-87f8-45b5-a4af-19fa34b2acaa___RS_Erly.B 9567.JPG,Tomato_Early_blight,0.0761566162109375,0.002777099609375,192.1496124267578,0.541412353515625,0.02789306640625,0.0,115.26959228515625,0.6383056640625,0.0242462158203125,0.002044677734375,96.85049438476562,0.62249755859375,0.0260009765625,0.0,118.35904693603516,0.6414337158203125
C:\Users\jagan\OneDrive\Documents\TRON\Dataset\PlantVillage\Tomato_Early_blight\0e03c87e-b43f-4cfe-a837-71306c68f4c0___RS_Erly.B 7733.JPG,Tomato_Early_blight,0.0387420654296875,0.0387420654296875,10830.0791015625,0.5009002685546875,0.03485107421875,0.03485107421875,10990.828125,0.5145111083984375,0.0076446533203125,0.0076446533203125,12674.177734375,0.5345916748046875,0.007110595703125,0.007110595703125,12974.083984375,0.54644775390625
C:\Users\jagan\OneDrive\Documents\TRON\Dataset\PlantVillage\Tomato_Early_blight\0e2abcfb-e62b-4c61-a24a-0800cad904a8___RS_Erly.B 7382.JPG,Tomato_Early_blight,0.0,0.0,0.0,0.4344329833984375,0.0,0.0,0.0,0.4390716552734375,0.0,0.0,0.0,0.43670654296875,0.0,0.0,0.0,0.44146728515625
C:\Users\jagan\OneDrive\Documents\TRON\Dataset\PlantVillage\Tomato_Early_blight\0ecc2ee7-fb66-41fa-a23b-9bdeaf31078a___RS_Erly.B 6381.JPG,Tomato_Early_blight,0.0,0.0,0.0,0.6666717529296875,0.0,0.0,0.0,0.685089111328125,0.0,0.0,0.0,0.6712188720703125,0.0,0.0,0.0,0.6886444091796875
C:\Users\jagan\OneDrive\Documents\TRON\Dataset\PlantVillage\Tomato_Early_blight\0efaac13-1988-48db-aec3-f31df3045b95___RS_Erly.B 8342.JPG,Tomato_Early_blight,0.0,0.0,0.0,0.80157470703125,0.0065155029296875,0.0,104.25237274169922,0.83343505859375,0.0,0.0,0.0,0.8113555908203125,0.0065460205078125,0.0,87.50874328613281,0.8404998779296875
C:\Users\jagan\OneDrive\Documents\TRON\Dataset\PlantVillage\Tomato_Early_blight\0f03a09c-aa48-4d51-95e1-752c466c3742___RS_Erly.B 6413.JPG,Tomato_Early_blight,0.01348876953125,0.0,84.3897933959961,0.4622039794921875,0.0139617919921875,0.0,83.76610565185547,0.46771240234375,0.011505126953125,0.0,75.27385711669922,0.470184326171875,0.0123443603515625,0.0,75.66455078125,0.4764862060546875
C:\Users\jagan\OneDrive\Documents\TRON\Dataset\PlantVillage\Tomato_Early_blight\0f065614-a53a-4c83-9d29-5d3e4ab5b41d___RS_Erly.B 7676.JPG,Tomato_Early_blight,0.0,0.0,0.0,0.5915679931640625,0.0,0.0,0.0,0.6069793701171875,0.0,0.0,0.0,0.5947265625,0.0,0.0,0.0,0.609375
C:\Users\jagan\OneDrive\Documents\TRON\Dataset\PlantVillage\Tomato_Early_blight\0f111718-a749-42cf-9495-412f4b51acf0___RS_Erly.B 7482.JPG,Tomato_Early_blight,0.0,0.0,0.0,0.4959564208984375,0.0,0.0,0.0,0.505828857421875,0.0,0.0,0.0,0.4995269775390625,0.0,0.0,0.0,0.5088653564453125
C:\Users\jagan\OneDrive\Documents\TRON\Dataset\PlantVillage\Tomato_Early_blight\0f1fb081-c715-414e-aa64-2c398ba6c320___RS_Erly.B 6382.JPG,Tomato_Early_blight,0.0023040771484375,0.0,59.19038391113281,0.5573577880859375,0.00341796875,0.0,60.0980339050293,0.5737457275390625,0.0,0.0,0.0,0.55908203125,0.00274658203125,0.0,58.97589111328125,0.5746307373046875
C:\Users\jagan\OneDrive\Documents\TRON\Dataset\PlantVillage\Tomato_Early_blight\0f4e562d-77ee-47c2-8ee9-34b391bc0fc3___RS_Erly.B 9434.JPG,Tomato_Early_blight,0.0,0.0,0.0,0.5453948974609375,0.0,0.0,0.0,0.548126220703125,0.0,0.0,0.0,0.5471038818359375,0.0,0.0,0.0,0.549591064453125
C:\Users\jagan\OneDrive\Documents\TRON\Dataset\PlantVillage\Tomato_Early_blight\0f7a2408-9c26-4ff9-bee5-2bfcd91a11f7___RS_Erly.B 9440.JPG,Tomato_Early_blight,0.01129150390625,0.01129150390625,896.1282348632812,0.528564453125,0.01043701171875,0.01043701171875,951.968994140625,0.550384521484375,0.0033721923828125,0.0033721923828125,1126.69140625,0.5403289794921875,0.0032196044921875,0.0032196044921875,1027.0174560546875,0.564300537109375
C:\Users\jagan\OneDrive\Documents\TRON\Dataset\PlantVillage\Tomato_Late_blight\00355ec2-f12c-4015-b8f9-94354f69ce22___RS_Late.B 5311.JPG,Tomato_Late_blight,0.02044677734375,0.02044677734375,1083.327392578125,0.64013671875,0.014312744140625,0.014312744140625,910.4170532226562,0.6601104736328125,0.0147552490234375,0.0147552490234375,772.3511352539062,0.6500396728515625,0.0,0.0,0.0,0.67864990234375
C:\Users\jagan\OneDrive\Documents\TRON\Dataset\PlantVillage\Tomato_Late_blight\005a2c1f-4e15-49e4-9e5c-61dc3ecf9708___RS_Late.B 5096.JPG,Tomato_Late_blight,0.0,0.0,0.0,0.5862579345703125,0.0,0.0,0.0,0.60418701171875,0.0,0.0,0.0,0.58837890625,0.0,0.0,0.0,0.6075286865234375
C:\Users\jagan\OneDrive\Documents\TRON\Dataset\PlantVillage\Tomato_Late_blight\008ebb44-eb77-4843-b621-4b88b5df7d43___RS_Late.B 5188.JPG,Tomato_Late_blight,0.0,0.0,0.0,0.545196533203125,0.0,0.0,0.0,0.5578460693359375,0.0,0.0,0.0,0.5581817626953125,0.0,0.0,0.0,0.5702056884765625
C:\Users\jagan\OneDrive\Documents\TRON\Dataset\PlantVillage\Tomato_Late_blight\00ce4c63-9913-4b16-898c-29f99acf0dc3___RS_Late.B 4982.JPG,Tomato_Late_blight,0.003662109375,0.0,173.06494140625,0.4990386962890625,0.003662109375,0.0,173.06494140625,0.5141143798828125,0.003662109375,0.0,173.06494140625,0.501953125,0.003662109375,0.0,173.06494140625,0.516754150390625
C:\Users\jagan\OneDrive\Documents\TRON\Dataset\PlantVillage\Tomato_Late_blight\01425d17-4c97-46e3-b395-c1453b78ab78___GHLB2 Leaf 9100.JPG,Tomato_Late_blight,0.0,0.0,0.0,0.2863616943359375,0.0,0.0,0.0,0.2927703857421875,0.0,0.0,0.0,0.289154052734375,0.0,0.0,0.0,0.29534912109375
C:\Users\jagan\OneDrive\Documents\TRON\Dataset\PlantVillage\Tomato_Late_blight\014d4972-1301-46d3-afc4-56470b774137___GHLB2 Leaf 8831.JPG,Tomato_Late_blight,0.012969970703125,0.0,103.74153137207031,0.18841552734375,0.012969970703125,0.0,103.74153137207031,0.190460205078125,0.012969970703125,0.0,103.74153137207031,0.19403076171875,0.012969970703125,0.0,103.74153137207031,0.196533203125
C:\Users\jagan\OneDrive\Documents\TRON\Dataset\PlantVillage\Tomato_Late_blight\014eee0c-8000-4762-b4b8-63ecc2fadc13___GHLB2ES Leaf 69.1.JPG,Tomato_Late_blight,0.0251007080078125,0.0,86.35740661621094,0.3477020263671875,0.0211334228515625,0.0,83.0252685546875,0.35870361328125,0.0251007080078125,0.0,86.35740661621094,0.355712890625,0.0211334228515625,0.0,83.0252685546875,0.367034912109375
C:\Users\jagan\OneDrive\Documents\TRON\Dataset\PlantVillage\Tomato_Late_blight\01527fac-41e4-484c-af41-1ed7bc3b5ce6___RS_Late.B 6134.JPG,Tomato_Late_blight,0.0402679443359375,0.0,119.05082702636719,0.4378204345703125,0.04302978515625,0.0,124.77522277832031,0.4446258544921875,0.0430755615234375,0.0,124.61844635009766,0.4423980712890625,0.044647216796875,0.0,131.47769165039062,0.4481964111328125
C:\Users\jagan\OneDrive\Documents\TRON\Dataset\PlantVillage\Tomato_Late_blight\017a9839-6097-45aa-85b0-3051db151484___RS_Late.B 5125.JPG,Tomato_Late_blight,0.0,0.0,0.0,0.633544921875,0.0,0.0,0.0,0.647308349609375,0.0,0.0,0.0,0.635345458984375,0.0,0.0,0.0,0.6493377685546875
C:\Users\jagan\OneDrive\Documents\TRON\Dataset\PlantVillage\Tomato_Late_blight\01a68044-9c5b-4658-a944-6108c6862ce7___GHLB Leaf 2.1 Day 16.JPG,Tomato_Late_blight,0.0185394287109375,0.0,21.846567153930664,0.5339813232421875,0.0185394287109375,0.0,21.846567153930664,0.542144775390625,0.0185394287109375,0.0,21.846567153930664,0.5400390625,0.022308349609375,0.0,21.44972038269043,0.55181884765625
C:\Users\jagan\OneDrive\Documents\TRON\Dataset\PlantVillage\Tomato_Late_blight\01c391d2-1b3a-4b58-b205-a75674bba6e9___GHLB2 Leaf 8824.JPG,Tomato_Late_blight,0.0049896240234375,0.0,143.1287078857422,0.1878662109375,0.0049896240234375,0.0,143.1287078857422,0.189056396484375,0.0049896240234375,0.0,143.1287078857422,0.1890106201171875,0.0049896240234375,0.0,143.1287078857422,0.19012451171875
C:\Users\jagan\OneDrive\Documents\TRON\Dataset\PlantVillage\Tomato_Late_blight\01cd2d73-c741-45a5-9610-a2cea2266b80___GHLB2 Leaf 121.JPG,Tomato_Late_blight,0.010223388671875,0.00469970703125,142.34344482421875,0.438385009765625,0.0085601806640625,0.00457763671875,144.2388458251953,0.4453277587890625,0.007568359375,0.0,139.1819610595703,0.4441070556640625,0.0073394775390625,0.0,141.8072052001953,0.450531005859375
C:\Users\jagan\OneDrive\Documents\TRON\Dataset\PlantVillage\Tomato_Late_blight\01d9be0b-c5e7-49db-8cdf-46bd0ef2c6e7___RS_Late.B 7066.JPG,Tomato_Late_blight,0.02001953125,0.02001953125,7313.50830078125,0.583953857421875,0.016448974609375,0.016448974609375,6396.595703125,0.633453369140625,0.0031585693359375,0.0031585693359375,2748.22021484375,0.6574249267578125,0.0020599365234375,0.0020599365234375,2627.103759765625,0.6807708740234375
C:\Users\jagan\OneDrive\Documents\TRON\Dataset\PlantVillage\Tomato_Late_blight\01ebf21e-ef94-4c92-b007-0b26741c2fc8___GHLB2 Leaf 9075.JPG,Tomato_Late_blight,0.0,0.0,0.0,0.3271484375,0.0,0.0,0.0,0.339630126953125,0.0,0.0,0.0,0.3297882080078125,0.0,0.0,0.0,0.341705322265625
C:\Users\jagan\OneDrive\Documents\TRON\Dataset\PlantVillage\Tomato_Late_blight\01ece5a1-8398-4e68-a9e3-198c57b51b01___GHLB2 Leaf 8757.JPG,Tomato_Late_blight,0.0,0.0,0.0,0.1424407958984375,0.0,0.0,0.0,0.14483642578125,0.0,0.0,0.0,0.1451263427734375,0.0,0.0,0.0,0.1480255126953125
C:\Users\jagan\OneDrive\Documents\TRON\Dataset\PlantVillage\Tomato_Late_blight\0220afd9-d40e-4b72-8405-78b417c7b8af___GHLB2 Leaf 8987.JPG,Tomato_Late_blight,0.0,0.0,0.0,0.14959716796875,0.0,0.0,0.0,0.15118408203125,0.0,0.0,0.0,0.15447998046875,0.0,0.0,0.0,0.1567840576171875
C:\Users\jagan\OneDrive\Documents\TRON\Dataset\PlantVillage\Tomato_Late_blight\023315df-8824-4760-9480-4dca3a023931___GHLB2 Leaf 8719.JPG,Tomato_Late_blight,0.0028839111328125,0.0,228.92666625976562,0.2611083984375,0.0028839111328125,0.0,228.92666625976562,0.2618560791015625,0.0028839111328125,0.0,228.92666625976562,0.261688232421875,0.0028839111328125,0.0,228.92666625976562,0.2624359130859375
C:\Users\jagan\OneDrive\Documents\TRON\Dataset\PlantVillage\Tomato_Late_blight\024dc5bb-7990-4256-b2b4-a8495b71cbd4___RS_Late.B 6064.JPG,Tomato_Late_blight,0.0543212890625,0.0,43.068077087402344,0.5168609619140625,0.053802490234375,0.0,41.70866775512695,0.52471923828125,0.05426025390625,0.0,42.2387809753418,0.517852783203125,0.053802490234375,0.0,41.70866775512695,0.52581787109375
C:\Users\jagan\OneDrive\Documents\TRON\Dataset\PlantVillage\Tomato_Late_blight\02790384-a589-421b-8695-693e77970418___GHLB2 Leaf 8920.JPG,Tomato_Late_blight,0.0398406982421875,0.0,13.951974868774414,0.1964874267578125,0.0340576171875,0.0,13.866570472717285,0.20391845703125,0.0340576171875,0.0,13.866570472717285,0.2000274658203125,0.0340576171875,0.0,13.866570472717285,0.2063140869140625
C:\Users\jagan\OneDrive\Documents\TRON\Dataset\PlantVillage\Tomato_Late_blight\02a3e0cd-04da-4e08-b929-167bcb7f46f4___GHLB2 Leaf 8731.JPG,Tomato_Late_blight,0.0200042724609375,0.0,34.981781005859375,0.1450653076171875,0.0200042724609375,0.0,34.981781005859375,0.147247314453125,0.0200042724609375,0.0,34.981781005859375,0.1455230712890625,0.0200042724609375,0.0,34.981781005859375,0.1476287841796875
C:\Users\jagan\OneDrive\Documents\TRON\Dataset\PlantVillage\Tomato_Late_blight\02effbf1-e958-4531-a19b-f8be754d2805___RS_Late.B 5206.JPG,Tomato_Late_blight,0.0,0.0,0.0,0.466400146484375,0.0,0.0,0.0,0.478729248046875,0.0,0.0,0.0,0.4803009033203125,0.0,0.0,0.0,0.4866180419921875
C:\Users\jagan\OneDrive\Documents\TRON\Dataset\PlantVillage\Tomato_Late_blight\02fe963e-7c68-4fd3-9f8f-36bf9e153c20___GHLB2 Leaf 8581.JPG,Tomato_Late_blight,0.048309326171875,0.0,65.5889663696289,0.5722808837890625,0.0262451171875,0.0,107.97196960449219,0.5872802734375,0.0478973388671875,0.0,65.45148468017578,0.5748291015625,0.0262451171875,0.0,107.97196960449219,0.59088134765625
C:\Users\jagan\OneDrive\Documents\TRON\Dataset\PlantVillage\Tomato_Late_blight\031ab3ab-02f4-4397-9886-54345461580d___RS_Late.B 6654.JPG,Tomato_Late_blight,0.0359344482421875,0.0,105.58018493652344,0.5802764892578125,0.0117950439453125,0.0,85.91255950927734,0.5959930419921875,0.0359344482421875,0.0,105.58018493652344,0.5847015380859375,0.0117950439453125,0.0,85.91255950927734,0.601226806640625
C:\Users\jagan\OneDrive\Documents\TRON\Dataset\PlantVillage\Tomato_Late_blight\0334d40b-d880-442f-a7db-e5c85a2e0bed___RS_Late.B 6367.JPG,Tomato_Late_blight,0.0,0.0,0.0,0.6041717529296875,0.0,0.0,0.0,0.620208740234375,0.0,0.0,0.0,0.606903076171875,0.0,0.0,0.0,0.6233062744140625
C:\Users\jagan\OneDrive\Documents\TRON\Dataset\PlantVillage\Tomato_Late_blight\03a15d38-e1b5-4586-b763-2bad2d268290___RS_Late.B 5207.JPG,Tomato_Late_blight,0.0129852294921875,0.003875732421875,279.645751953125,0.50518798828125,0.0116119384765625,0.0116119384765625,304.4576110839844,0.5120697021484375,0.01116943359375,0.01116943359375,306.3389892578125,0.525177001953125,0.0097503662109375,0.0097503662109375,332.3185729980469,0.5331878662109375
C:\Users\jagan\OneDrive\Documents\TRON\Dataset\PlantVillage\Tomato_Late_blight\03e8a2f9-6a7e-43dd-8a1b-3eb7cf99b89b___RS_Late.B 5034.JPG,Tomato_Late_blight,0.0134429931640625,0.0082855224609375,55.84651565551758,0.5646209716796875,0.00274658203125,0.0,30.805278778076172,0.6113739013671875,0.0129241943359375,0.0,45.802032470703125,0.5830841064453125,0.00274658203125,0.0,30.805278778076172,0.614471435546875
C:\Users\jagan\OneDrive\Documents\TRON\Dataset\PlantVillage\Tomato_Late_blight\0418161a-871a-4d36-b988-c95f89e0feaf___RS_Late.B 7063.JPG,Tomato_Late_blight,0.1969757080078125,0.1969757080078125,12702.21875,0.229522705078125,0.191558837890625,0.191558837890625,12584.623046875,0.23980712890625,0.0,0.0,0.0,0.450225830078125,0.0,0.0,0.0,0.4551544189453125
C:\Users\jagan\OneDrive\Documents\TRON\Dataset\PlantVillage\Tomato_Late_blight\04540250-4926-47a6-9240-e047a04befc5___GHLB2 Leaf 9019.JPG,Tomato_Late_blight,0.0069732666015625,0.0,87.72428894042969,0.1375274658203125,0.0069732666015625,0.0,87.72428894042969,0.1392059326171875,0.0069732666015625,0.0,87.72428894042969,0.141510009765625,0.0069732666015625,0.0,87.72428894042969,0.1429290771484375
C:\Users\jagan\OneDrive\Documents\TRON\Dataset\PlantVillage\Tomato_Late_blight\048eddf2-6142-4031-b23a-654cc3803d01___RS_Late.B 6097.JPG,Tomato_Late_blight,0.0233917236328125,0.0,178.5966033935547,0.7216949462890625,0.0,0.0,0.0,0.7530670166015625,0.0201568603515625,0.0,171.91094970703125,0.7236175537109375,0.0,0.0,0.0,0.75396728515625
C:\Users\jagan\OneDrive\Documents\TRON\Dataset\PlantVillage\Tomato_Late_blight\04ba0ca5-c52c-4bab-897b-2d38f7835a03___RS_Late.B 5631.JPG,Tomato_Late_blight,0.0139617919921875,0.0139617919921875,6950.2626953125,0.300567626953125,0.0,0.0,0.0,0.3243865966796875,0.0,0.0,0.0,0.3253173828125,0.0,0.0,0.0,0.328887939453125
C:\Users\jagan\OneDrive\Documents\TRON\Dataset\PlantVillage\Tomato_Late_blight\04d8f472-b6ba-4bf7-82eb-a643937af9aa___GHLB2 Leaf 113.3.JPG,Tomato_Late_blight,0.0153350830078125,0.0153350830078125,364.92755126953125,0.3715972900390625,0.0153350830078125,0.0153350830078125,364.92755126953125,0.3814849853515625,0.0153350830078125,0.0153350830078125,364.92755126953125,0.3935089111328125,0.0153350830078125,0.0153350830078125,364.92755126953125,0.4037933349609375
C:\Users\jagan\OneDrive\Documents\TRON\Dataset\PlantVillage\Tomato_Late_blight\04da342d-5952-4f2f-b19c-14cdc7fcb07b___GHLB2 Leaf 8716.JPG,Tomato_Late_blight,0.0,0.0,0.0,0.33306884765625,0.0,0.0,0.0,0.34161376953125,0.0,0.0,0.0,0.3358306884765625,0.0,0.0,0.0,0.345245361328125
C:\Users\jagan\OneDrive\Documents\TRON\Dataset\PlantVillage\Tomato_Late_blight\050ddb3f-1eb7-4905-8fa3-fc537dc50b7a___GHLB2 Leaf 9042.JPG,Tomato_Late_blight,0.0,0.0,0.0,0.234222412109375,0.0,0.0,0.0,0.2381591796875,0.0,0.0,0.0,0.2346038818359375,0.0,0.0,0.0,0.2384490966796875
C:\Users\jagan\OneDrive\Documents\TRON\Dataset\PlantVillage\Tomato_Late_blight\0524e8c4-56d9-41e2-b22d-33f22950ff93___RS_Late.B 5320.JPG,Tomato_Late_blight,0.0,0.0,0.0,0.699066162109375,0.0,0.0,0.0,0.724029541015625,0.0,0.0,0.0,0.7068328857421875,0.0,0.0,0.0,0.728790283203125
C:\Users\jagan\OneDrive\Documents\TRON\Dataset\PlantVillage\Tomato_Late_blight\052ec825-37a3-4467-a5ea-2e0601c29fbd___RS_Late.B 6786.JPG,Tomato_Late_blight,0.0,0.0,0.0,0.6997528076171875,0.0,0.0,0.0,0.7184295654296875,0.0,0.0,0.0,0.7034149169921875,0.0,0.0,0.0,0.7213134765625
C:\Users\jagan\OneDrive\Documents\TRON\Dataset\PlantVillage\Tomato_Late_blight\0566e4e3-675b-4289-9e36-ad199448975b___GHLB2 Leaf 161.2.JPG,Tomato_Late_blight,0.019866943359375,0.0,62.45589828491211,0.481414794921875,0.0192108154296875,0.0,58.62712097167969,0.4897918701171875,0.0188446044921875,0.0,47.75699996948242,0.4853668212890625,0.0184478759765625,0.0,47.12006378173828,0.493316650390625
C:\Users\jagan\OneDrive\Documents\TRON\Dataset\PlantVillage\Tomato_Late_blight\05b90bad-941f-499f-a2f6-a88e54c1da85___GHLB2 Leaf 155.2.JPG,Tomato_Late_blight,0.0493621826171875,0.0493621826171875,685.5089111328125,0.2722015380859375,0.0493621826171875,0.0493621826171875,685.5089111328125,0.275238037109375,0.0493621826171875,0.0493621826171875,685.5089111328125,0.2760009765625,0.0493621826171875,0.0493621826171875,685.5089111328125,0.2783966064453125
C:\Users\jagan\OneDrive\Documents\TRON\Dataset\PlantVillage\Tomato_Late_blight\06412832-90d3-4713-9e82-f2cca52dadc8___GHLB2 Leaf 8734.JPG,Tomato_Late_blight,0.012939453125,0.0,194.785888671875,0.1248321533203125,0.012939453125,0.0,194.785888671875,0.1263885498046875,0.012939453125,0.0,194.785888671875,0.1256103515625,0.012939453125,0.0,194.785888671875,0.1269073486328125
C:\Users\jagan\OneDrive\Documents\TRON\Dataset\PlantVillage\Tomato_Late_blight\06471eca-3cac-4cc9-afc3-1841af0ba672___GHLB2 Leaf 8893.JPG,Tomato_Late_blight,0.0,0.0,0.0,0.244659423828125,0.0,0.0,0.0,0.2597808837890625,0.0,0.0,0.0,0.2484130859375,0.0,0.0,0.0,0.2623748779296875
C:\Users\jagan\OneDrive\Documents\TRON\Dataset\PlantVillage\Tomato_Late_blight\06913075-dad1-4047-b5a2-74fe680efa3b___RS_Late.B 6048.JPG,Tomato_Late_blight,0.0830535888671875,0.0,279.2943115234375,0.3756256103515625,0.0464630126953125,0.0,225.14627075195312,0.38885498046875,0.082763671875,0.0,276.2609558105469,0.377838134765625,0.054962158203125,0.0,211.72837829589844,0.3910980224609375
C:\Users\jagan\OneDrive\Documents\TRON\Dataset\PlantVillage\Tomato_Leaf_Mold\00694db7-3327-45e0-b4da-a8bb7ab6a4b7___Crnl_L.Mold 6923.JPG,Tomato_Leaf_Mold,0.0,0.0,0.0,0.24017333984375,0.0,0.0,0.0,0.2413177490234375,0.0,0.0,0.0,0.2418975830078125,0.0,0.0,0.0,0.243316650390625
C:\Users\jagan\OneDrive\Documents\TRON\Dataset\PlantVillage\Tomato_Leaf_Mold\02415b3d-2ba8-4654-8398-a480ad901bbf___Crnl_L.Mold 8645.JPG,Tomato_Leaf_Mold,0.0025634765625,0.0025634765625,797.4783935546875,0.4413604736328125,0.0024261474609375,0.0024261474609375,764.82666015625,0.4532470703125,0.0025634765625,0.0025634765625,797.4783935546875,0.44384765625,0.0024261474609375,0.0024261474609375,764.82666015625,0.4555511474609375
C:\Users\jagan\OneDrive\Documents\TRON\Dataset\PlantVillage\Tomato_Leaf_Mold\030ea180-4eb5-4f91-918e-56c7cfe2c001___Crnl_L.Mold 7076.JPG,Tomato_Leaf_Mold,0.0,0.0,0.0,0.3227996826171875,0.0,0.0,0.0,0.32513427734375,0.0,0.0,0.0,0.3273468017578125,0.0,0.0,0.0,0.3305206298828125
C:\Users\jagan\OneDrive\Documents\TRON\Dataset\PlantVillage\Tomato_Leaf_Mold\036d12b0-1e97-4975-bd80-a8a3c48588e7___Crnl_L.Mold 6500.JPG,Tomato_Leaf_Mold,0.0,0.0,0.0,0.4480133056640625,0.0,0.0,0.0,0.45672607421875,0.0,0.0,0.0,0.4495849609375,0.0,0.0,0.0,0.4583282470703125
C:\Users\jagan\OneDrive\Documents\TRON\Dataset\PlantVillage\Tomato_Leaf_Mold\03c6374e-c292-440e-b2e3-a70c5e64562a___Crnl_L.Mold 8935.JPG,Tomato_Leaf_Mold,0.0020599365234375,0.0,94.3257064819336,0.4486541748046875,0.0,0.0,0.0,0.457061767578125,0.0,0.0,0.0,0.4491119384765625,0.0,0.0,0.0,0.457763671875
C:\Users\jagan\OneDrive\Documents\TRON\Dataset\PlantVillage\Tomato_Leaf_Mold\041f3e00-0236-4d32-897f-8d13f3a9aa1f___Crnl_L.Mold 9135.JPG,Tomato_Leaf_Mold,0.0,0.0,0.0,0.4208526611328125,0.0,0.0,0.0,0.4283905029296875,0.0,0.0,0.0,0.4220428466796875,0.0,0.0,0.0,0.429962158203125
C:\Users\jagan\OneDrive\Documents\TRON\Dataset\PlantVillage\Tomato_Leaf_Mold\0425e1f8-950e-4f8f-a8cc-66809d61ef54___Crnl_L.Mold 6783.JPG,Tomato_Leaf_Mold,0.0,0.0,0.0,0.369140625,0.0,0.0,0.0,0.37603759765625,0.0,0.0,0.0,0.3712310791015625,0.0,0.0,0.0,0.37786865234375
C:\Users\jagan\OneDrive\Documents\TRON\Dataset\PlantVillage\Tomato_Leaf_Mold\0462054e-f0aa-41a7-a9cc-95d0784b9767___Crnl_L.Mold 6547.JPG,Tomato_Leaf_Mold,0.0,0.0,0.0,0.3949737548828125,0.0,0.0,0.0,0.4006500244140625,0.0,0.0,0.0,0.399932861328125,0.0,0.0,0.0,0.4058990478515625
C:\Users\jagan\OneDrive\Documents\TRON\Dataset\PlantVillage\Tomato_Leaf_Mold\05138150-866c-460e-a252-19d269a81d4d___Crnl_L.Mold 6745.JPG,Tomato_Leaf_Mold,0.0,0.0,0.0,0.33343505859375,0.0,0.0,0.0,0.34210205078125,0.0,0.0,0.0,0.3365325927734375,0.0,0.0,0.0,0.3455810546875
C:\Users\jagan\OneDrive\Documents\TRON\Dataset\PlantVillage\Tomato_Leaf_Mold\05205449-e0d0-4d2f-a2fb-6f1fc0e2e9c5___Crnl_L.Mold 8717.JPG,Tomato_Leaf_Mold,0.0,0.0,0.0,0.5214691162109375,0.0,0.0,0.0,0.535797119140625,0.0,0.0,0.0,0.5219573974609375,0.0,0.0,0.0,0.535797119140625
C:\Users\jagan\OneDrive\Documents\TRON\Dataset\PlantVillage\Tomato_Leaf_Mold\0595201b-049b-47ff-9e56-7e042932c0fe___Crnl_L.Mold 9179.JPG,Tomato_Leaf_Mold,0.0166168212890625,0.0166168212890625,1273.2392578125,0.571044921875,0.0209503173828125,0.0209503173828125,1203.9378662109375,0.5796356201171875,0.0074310302734375,0.0074310302734375,826.7279663085938,0.5778961181640625,0.00848388671875,0.00848388671875,773.0562133789062,0.5869903564453125
C:\Users\jagan\OneDrive\Documents\TRON\Dataset\PlantVillage\Tomato_Leaf_Mold\05bbff69-adad-4e16-8fad-c265be82e25a___Crnl_L.Mold 6929.JPG,Tomato_Leaf_Mold,0.0,0.0,0.0,0.3590545654296875,0.0,0.0,0.0,0.363555908203125,0.0,0.0,0.0,0.362060546875,0.0,0.0,0.0,0.3669586181640625
C:\Users\jagan\OneDrive\Documents\TRON\Dataset\PlantVillage\Tomato_Leaf_Mold\062842d6-a49e-4aec-94fb-d6868db0e53d___Crnl_L.Mold 8805.JPG,Tomato_Leaf_Mold,0.0,0.0,0.0,0.3837738037109375,0.0,0.0,0.0,0.394500732421875,0.0,0.0,0.0,0.384857177734375,0.0,0.0,0.0,0.3956146240234375
C:\Users\jagan\OneDrive\Documents\TRON\Dataset\PlantVillage\Tomato_Leaf_Mold\0741bcde-474a-4b81-b6d5-217ab4f7d0e9___Crnl_L.Mold 6660.JPG,Tomato_Leaf_Mold,0.0,0.0,0.0,0.5479736328125,0.0,0.0,0.0,0.5563812255859375,0.0,0.0,0.0,0.5500946044921875,0.0,0.0,0.0,0.5586700439453125
C:\Users\jagan\OneDrive\Documents\TRON\Dataset\PlantVillage\Tomato_Leaf_Mold\077218cb-00b9-4bdf-b091-108a42c7a601___Crnl_L.Mold 7118.JPG,Tomato_Leaf_Mold,0.0028076171875,0.0028076171875,312.3051452636719,0.3174591064453125,0.0026092529296875,0.0026092529296875,316.7964172363281,0.3195953369140625,0.0,0.0,0.0,0.334991455078125,0.0,0.0,0.0,0.33831787109375
C:\Users\jagan\OneDrive\Documents\TRON\Dataset\PlantVillage\Tomato_Leaf_Mold\080ae890-cc9c-487e-94a2-f3bcc7decb32___Crnl_L.Mold 7043.JPG,Tomato_Leaf_Mold,0.0,0.0,0.0,0.33013916015625,0.0,0.0,0.0,0.3341522216796875,0.0,0.0,0.0,0.3316497802734375,0.0,0.0,0.0,0.3362579345703125
C:\Users\jagan\OneDrive\Documents\TRON\Dataset\PlantVillage\Tomato_Leaf_Mold\0857ce1f-5347-493a-acd9-77b698950b45___Crnl_L.Mold 6748.JPG,Tomato_Leaf_Mold,0.0,0.0,0.0,0.4152679443359375,0.0,0.0,0.0,0.4229278564453125,0.0,0.0,0.0,0.4227142333984375,0.0,0.0,0.0,0.4329376220703125
C:\Users\jagan\OneDrive\Documents\TRON\Dataset\PlantVillage\Tomato_Leaf_Mold\091238ce-b84c-4629-a8b2-ba78254bd2e0___Crnl_L.Mold 8788.JPG,Tomato_Leaf_Mold,0.0044097900390625,0.0,135.3343963623047,0.466583251953125,0.0038604736328125,0.0,142.0674591064453,0.48052978515625,0.0044097900390625,0.0,135.3343963623047,0.46728515625,0.0038604736328125,0.0,142.0674591064453,0.4817352294921875
C:\Users\jagan\OneDrive\Documents\TRON\Dataset\PlantVillage\Tomato_Leaf_Mold\092442ed-3ad2-4195-8cd5-cc2ba74469e1___Crnl_L.Mold 6578.JPG,Tomato_Leaf_Mold,0.0,0.0,0.0,0.2930755615234375,0.0,0.0,0.0,0.29534912109375,0.0,0.0,0.0,0.298370361328125,0.0,0.0,0.0,0.3002471923828125
C:\Users\jagan\OneDrive\Documents\TRON\Dataset\PlantVillage\Tomato_Leaf_Mold\097b050a-eaa4-4e4a-a30a-b72d1a4c0cc4___Crnl_L.Mold 8682.JPG,Tomato_Leaf_Mold,0.0,0.0,0.0,0.465179443359375,0.0,0.0,0.0,0.4696807861328125,0.0,0.0,0.0,0.4676055908203125,0.0,0.0,0.0,0.4731597900390625
C:\Users\jagan\OneDrive\Documents\TRON\Dataset\PlantVillage\Tomato_Leaf_Mold\09e0ad88-2008-4558-b870-8d06b82a7203___Crnl_L.Mold 6756.JPG,Tomato_Leaf_Mold,0.0,0.0,0.0,0.5778961181640625,0.0,0.0,0.0,0.5888824462890625,0.0,0.0,0.0,0.578521728515625,0.0,0.0,0.0,0.5891876220703125
C:\Users\jagan\OneDrive\Documents\TRON\Dataset\PlantVillage\Tomato_Leaf_Mold\0a9b3ff4-5343-4814-ac2c-fdb3613d4e4d___Crnl_L.Mold 6559.JPG,Tomato_Leaf_Mold,0.0,0.0,0.0,0.5200653076171875,0.0,0.0,0.0,0.521820068359375,0.0,0.0,0.0,0.521942138671875,0.0,0.0,0.0,0.5237274169921875
C:\Users\jagan\OneDrive\Documents\TRON\Dataset\PlantVillage\Tomato_Leaf_Mold\0ac36661-a47d-47ff-8948-42edec033b87___Crnl_L.Mold 9127.JPG,Tomato_Leaf_Mold,0.0,0.0,0.0,0.393707275390625,0.0,0.0,0.0,0.4022979736328125,0.0,0.0,0.0,0.3973236083984375,0.0,0.0,0.0,0.405853271484375
C:\Users\jagan\OneDrive\Documents\TRON\Dataset\PlantVillage\Tomato_Leaf_Mold\0adab1d4-5696-4cd8-8453-3931b70e856d___Crnl_L.Mold 8689.JPG,Tomato_Leaf_Mold,0.02789306640625,0.0,167.227294921875,0.5040435791015625,0.0453948974609375,0.0,188.41860961914062,0.529144287109375,0.0277862548828125,0.0,166.62783813476562,0.5048065185546875,0.0453033447265625,0.0,188.16339111328125,0.5294647216796875
C:\Users\jagan\OneDrive\Documents\TRON\Dataset\PlantVillage\Tomato_Leaf_Mold\0ae36892-5cb1-476e-8a51-b7fd8183a535___Crnl_L.Mold 6728.JPG,Tomato_Leaf_Mold,0.0,0.0,0.0,0.3918304443359375,0.0,0.0,0.0,0.396759033203125,0.0,0.0,0.0,0.3933868408203125,0.0,0.0,0.0,0.3984222412109375
C:\Users\jagan\OneDrive\Documents\TRON\Dataset\PlantVillage\Tomato_Leaf_Mold\0b3d5bf2-607f-4f95-bdcd-3542b8bd3244___Crnl_L.Mold 6654.JPG,Tomato_Leaf_Mold,0.0,0.0,0.0,0.471923828125,0.0,0.0,0.0,0.4852447509765625,0.0,0.0,0.0,0.47607421875,0.0,0.0,0.0,0.489501953125
C:\Users\jagan\OneDrive\Documents\TRON\Dataset\PlantVillage\Tomato_Leaf_Mold\0b943ada-01a9-4ce0-a607-e799394856de___Crnl_L.Mold 7008.JPG,Tomato_Leaf_Mold,0.0,0.0,0.0,0.212799072265625,0.0,0.0,0.0,0.215118408203125,0.0,0.0,0.0,0.21710205078125,0.0,0.0,0.0,0.218994140625
C:\Users\jagan\OneDrive\Documents\TRON\Dataset\PlantVillage\Tomato_Leaf_Mold\0ba88812-fa4f-4602-bcec-c03cd7d0ba2b___Crnl_L.Mold 6990.JPG,Tomato_Leaf_Mold,0.0,0.0,0.0,0.3498382568359375,0.0,0.0,0.0,0.3555755615234375,0.0,0.0,0.0,0.3532257080078125,0.0,0.0,0.0,0.3592071533203125
C:\Users\jagan\OneDrive\Documents\TRON\Dataset\PlantVillage\Tomato_Leaf_Mold\0bae0514-799a-479f-a407-ad763f458916___Crnl_L.Mold 8989.JPG,Tomato_Leaf_Mold,0.019256591796875,0.0,141.71275329589844,0.5796966552734375,0.013153076171875,0.0,188.55953979492188,0.602935791015625,0.01409912109375,0.0,181.45693969726562,0.58306884765625,0.011932373046875,0.0,183.94229125976562,0.6049041748046875
C:\Users\jagan\OneDrive\Documents\TRON\Dataset\PlantVillage\Tomato_Leaf_Mold\0bb34c9b-ecf7-4fb1-8ee1-098bccdcdaae___Crnl_L.Mold 6522.JPG,Tomato_Leaf_Mold,0.0,0.0,0.0,0.479156494140625,0.0,0.0,0.0,0.494140625,0.0,0.0,0.0,0.4822845458984375,0.0,0.0,0.0,0.4975433349609375
C:\Users\jagan\OneDrive\Documents\TRON\Dataset\PlantVillage\Tomato_Leaf_Mold\0bc8fe4f-f614-43ce-bb2f-e3c0ef79f148___Crnl_L.Mold 8907.JPG,Tomato_Leaf_Mold,0.0286712646484375,0.0,133.1653289794922,0.444610595703125,0.028289794921875,0.0,127.3865737915039,0.4517364501953125,0.026824951171875,0.0,120.86949157714844,0.44805908203125,0.02655029296875,0.0,115.46102905273438,0.45458984375
C:\Users\jagan\OneDrive\Documents\TRON\Dataset\PlantVillage\Tomato_Leaf_Mold\0c0debed-e807-4236-a2e3-d9b72f54367f___Crnl_L.Mold 6899.JPG,Tomato_Leaf_Mold,0.0,0.0,0.0,0.3506622314453125,0.0,0.0,0.0,0.352264404296875,0.0,0.0,0.0,0.3540191650390625,0.0,0.0,0.0,0.3556976318359375
C:\Users\jagan\OneDrive\Documents\TRON\Dataset\PlantVillage\Tomato_Leaf_Mold\0ced0bae-d224-43f5-8fd7-072c7cbd8f77___Crnl_L.Mold 9161.JPG,Tomato_Leaf_Mold,0.0542449951171875,0.0542449951171875,803.470703125,0.512603759765625,0.052764892578125,0.052764892578125,883.7058715820312,0.525177001953125,0.0445404052734375,0.0445404052734375,828.5128173828125,0.527374267578125,0.0446929931640625,0.0446929931640625,852.8282470703125,0.5388946533203125
C:\Users\jagan\OneDrive\Documents\TRON\Dataset\PlantVillage\Tomato_Leaf_Mold\0db4cbf4-fa94-42c8-8bf5-90114281c569___Crnl_L.Mold 8681.JPG,Tomato_Leaf_Mold,0.0,0.0,0.0,0.485137939453125,0.0,0.0,0.0,0.498779296875,0.0,0.0,0.0,0.485992431640625,0.0,0.0,0.0,0.4985504150390625
C:\Users\jagan\OneDrive\Documents\TRON\Dataset\PlantVillage\Tomato_Leaf_Mold\0de02a32-f166-4d67-bbb8-689e96d04c44___Crnl_L.Mold 8811.JPG,Tomato_Leaf_Mold,0.0028839111328125,0.002197265625,258.57080078125,0.4747314453125,0.0031280517578125,0.0022735595703125,276.7199401855469,0.487335205078125,0.0028839111328125,0.002197265625,258.57080078125,0.4786834716796875,0.0031280517578125,0.0022735595703125,276.7199401855469,0.4910888671875
C:\Users\jagan\OneDrive\Documents\TRON\Dataset\PlantVillage\Tomato_Leaf_Mold\0e508a3f-af06-4c8a-be78-5c38d2d4fb68___Crnl_L.Mold 6775.JPG,Tomato_Leaf_Mold,0.0,0.0,0.0,0.41387939453125,0.0,0.0,0.0,0.4178009033203125,0.0,0.0,0.0,0.419708251953125,0.0,0.0,0.0,0.425079345703125
C:\Users\jagan\OneDrive\Documents\TRON\Dataset\PlantVillage\Tomato_Leaf_Mold\0e5b669e-8534-45ab-a3c0-63134e685069___Crnl_L.Mold 7144.JPG,Tomato_Leaf_Mold,0.0,0.0,0.0,0.295196533203125,0.0,0.0,0.0,0.3027191162109375,0.0,0.0,0.0,0.29779052734375,0.0,0.0,0.0,0.305633544921875
C:\Users\jagan\OneDrive\Documents\TRON\Dataset\PlantVillage\Tomato_Leaf_Mold\0ed11606-167f-4951-9a07-ffaa7e2aa88a___Crnl_L.Mold 6831.JPG,Tomato_Leaf_Mold,0.0,0.0,0.0,0.34368896484375,0.0,0.0,0.0,0.345672607421875,0.0,0.0,0.0,0.346282958984375,0.0,0.0,0.0,0.3480377197265625
C:\Users\jagan\OneDrive\Documents\TRON\Dataset\PlantVillage\Tomato_Leaf_Mold\0eda4dc5-7f7b-4e27-9e53-1e0326eef88e___Crnl_L.Mold 8850.JPG,Tomato_Leaf_Mold,0.0,0.0,0.0,0.5107421875,0.0,0.0,0.0,0.5189666748046875,0.0,0.0,0.0,0.51171875,0.0,0.0,0.0,0.5191192626953125
C:\Users\jagan\OneDrive\Documents\TRON\Dataset\PlantVillage\Tomato_Leaf_Mold\0ee63bfa-d01f-4adb-b954-924f271a4d4f___Crnl_L.Mold 9022.JPG,Tomato_Leaf_Mold,0.052825927734375,0.0,36.655738830566406,0.445831298828125,0.0207672119140625,0.0,28.439693450927734,0.46337890625,0.0526580810546875,0.0,36.74077606201172,0.446502685546875,0.0207672119140625,0.0,28.439693450927734,0.46417236328125
C:\Users\jagan\OneDrive\Documents\TRON\Dataset\PlantVillage\Tomato_Septoria_leaf_spot\0025c401-7785-49c5-8bef-780a8a0d3652___Matt.S_CG 2694.JPG,Tomato_Septoria_leaf_spot,0.0110626220703125,0.0110626220703125,12093.0732421875,0.6560516357421875,0.009857177734375,0.009857177734375,12634.3349609375,0.681976318359375,0.0064239501953125,0.0064239501953125,12572.5478515625,0.665435791015625,0.002716064453125,0.002716064453125,16270.26953125,0.6970977783203125
C:\Users\jagan\OneDrive\Documents\TRON\Dataset\PlantVillage\Tomato_Septoria_leaf_spot\009bb542-f0c0-40f2-98a7-f547c5adec45___Matt.S_CG 1355.JPG,Tomato_Septoria_leaf_spot,0.0,0.0,0.0,0.4653167724609375,0.0,0.0,0.0,0.481842041015625,0.0,0.0,0.0,0.4661102294921875,0.0,0.0,0.0,0.482177734375
C:\Users\jagan\OneDrive\Documents\TRON\Dataset\PlantVillage\Tomato_Septoria_leaf_spot\009ce7ca-77de-4e4e-9f59-bec9162df779___Matt.S_CG 7403.JPG,Tomato_Septoria_leaf_spot,0.0,0.0,0.0,0.6566009521484375,0.0,0.0,0.0,0.6736907958984375,0.0,0.0,0.0,0.658843994140625,0.0,0.0,0.0,0.6743316650390625
C:\Users\jagan\OneDrive\Documents\TRON\Dataset\PlantVillage\Tomato_Septoria_leaf_spot\00f16858-f392-4d9e-ad9f-efab8049a13f___JR_Sept.L.S 8368.JPG,Tomato_Septoria_leaf_spot,0.0,0.0,0.0,0.463104248046875,0.0,0.0,0.0,0.46905517578125,0.0,0.0,0.0,0.469940185546875,0.0,0.0,0.0,0.4754791259765625
C:\Users\jagan\OneDrive\Documents\TRON\Dataset\PlantVillage\Tomato_Septoria_leaf_spot\015c2613-fb1c-4f31-88f1-c7e5be9ddc97___JR_Sept.L.S 8431.JPG,Tomato_Septoria_leaf_spot,0.0,0.0,0.0,0.3802032470703125,0.0,0.0,0.0,0.390411376953125,0.0,0.0,0.0,0.3822174072265625,0.0,0.0,0.0,0.392730712890625
C:\Users\jagan\OneDrive\Documents\TRON\Dataset\PlantVillage\Tomato_Septoria_leaf_spot\0176f68f-a3d8-473b-9bea-c075a5507b34___JR_Sept.L.S 2504.JPG,Tomato_Septoria_leaf_spot,0.004486083984375,0.0,145.1981964111328,0.35400390625,0.004486083984375,0.0,145.1981964111328,0.3578948974609375,0.004486083984375,0.0,145.1981964111328,0.3569793701171875,0.004486083984375,0.0,145.1981964111328,0.3607025146484375
C:\Users\jagan\OneDrive\Documents\TRON\Dataset\PlantVillage\Tomato_Septoria_leaf_spot\01f54ad9-9c03-4ffd-86f4-829fc2939120___Matt.S_CG 0702.JPG,Tomato_Septoria_leaf_spot,0.0079803466796875,0.0079803466796875,1167.7420654296875,0.298248291015625,0.007781982421875,0.007781982421875,1179.2056884765625,0.30169677734375,0.00762939453125,0.00762939453125,1124.4639892578125,0.2996978759765625,0.0074005126953125,0.0074005126953125,1133.189697265625,0.3031768798828125
C:\Users\jagan\OneDrive\Documents\TRON\Dataset\PlantVillage\Tomato_Septoria_leaf_spot\021f9747-f308-4694-859b-10f541a0e63c___JR_Sept.L.S 2506.JPG,Tomato_Septoria_leaf_spot,0.0,0.0,0.0,0.534423828125,0.0,0.0,0.0,0.5481109619140625,0.0,0.0,0.0,0.5361480712890625,0.0,0.0,0.0,0.5495452880859375
C:\Users\jagan\OneDrive\Documents\TRON\Dataset\PlantVillage\Tomato_Septoria_leaf_spot\0286577f-36c8-4b0d-bbf5-404993cd089d___Matt.S_CG 1422.JPG,Tomato_Septoria_leaf_spot,0.0,0.0,0.0,0.4769744873046875,0.0,0.0,0.0,0.4878692626953125,0.0,0.0,0.0,0.4780731201171875,0.0,0.0,0.0,0.4889373779296875
C:\Users\jagan\OneDrive\Documents\TRON\Dataset\PlantVillage\Tomato_Septoria_leaf_spot\029c0186-56f1-41de-bb6b-3743bdfb10ee___JR_Sept.L.S 8562.JPG,Tomato_Septoria_leaf_spot,0.0,0.0,0.0,0.41265869140625,0.0,0.0,0.0,0.4258880615234375,0.0,0.0,0.0,0.4220428466796875,0.0,0.0,0.0,0.4332275390625
C:\Users\jagan\OneDrive\Documents\TRON\Dataset\PlantVillage\Tomato_Septoria_leaf_spot\02ab6821-757a-401b-ac04-919fdceee1f0___Matt.S_CG 1653.JPG,Tomato_Septoria_leaf_spot,0.0080108642578125,0.0080108642578125,12958.6357421875,0.4575958251953125,0.0057830810546875,0.0057830810546875,13315.2119140625,0.482269287109375,0.0,0.0,0.0,0.4744110107421875,0.0,0.0,0.0,0.4966583251953125
C:\Users\jagan\OneDrive\Documents\TRON\Dataset\PlantVillage\Tomato_Septoria_leaf_spot\02d2c484-8bdb-4ef2-8d07-0bdb3ac330cc___Matt.S_CG 0975.JPG,Tomato_Septoria_leaf_spot,0.0087738037109375,0.0083770751953125,114.1595687866211,0.583648681640625,0.006744384765625,0.006744384765625,691.850341796875,0.595062255859375,0.0087738037109375,0.0075225830078125,113.6517105102539,0.5849151611328125,0.006561279296875,0.0059814453125,87.74747467041016,0.5951995849609375
C:\Users\jagan\OneDrive\Documents\TRON\Dataset\PlantVillage\Tomato_Septoria_leaf_spot\037d8289-4297-4462-95aa-3cecf4cf5a62___Matt.S_CG 7764.JPG,Tomato_Septoria_leaf_spot,0.0,0.0,0.0,0.60614013671875,0.0,0.0,0.0,0.62640380859375,0.0,0.0,0.0,0.6090087890625,0.0,0.0,0.0,0.628997802734375
C:\Users\jagan\OneDrive\Documents\TRON\Dataset\PlantVillage\Tomato_Septoria_leaf_spot\03b3e88f-63ad-49e1-88c2-b8bfffd6aaf6___Matt.S_CG 1226.JPG,Tomato_Septoria_leaf_spot,0.035614013671875,0.035614013671875,1007.9110717773438,0.4495849609375,0.0452880859375,0.0452880859375,1069.9466552734375,0.4592132568359375,0.027252197265625,0.027252197265625,1075.1109619140625,0.45965576171875,0.03472900390625,0.03472900390625,1130.7115478515625,0.471435546875
C:\Users\jagan\OneDrive\Documents\TRON\Dataset\PlantVillage\Tomato_Septoria_leaf_spot\041684a2-1a2c-430f-ab09-b17293f015bc___JR_Sept.L.S 8400.JPG,Tomato_Septoria_leaf_spot,0.0,0.0,0.0,0.532501220703125,0.0,0.0,0.0,0.5482025146484375,0.0,0.0,0.0,0.5375518798828125,0.0,0.0,0.0,0.5526275634765625
C:\Users\jagan\OneDrive\Documents\TRON\Dataset\PlantVillage\Tomato_Septoria_leaf_spot\04c912dc-3e26-43ff-a6e3-69de49a6e529___JR_Sept.L.S 8519.JPG,Tomato_Septoria_leaf_spot,0.0,0.0,0.0,0.463043212890625,0.0,0.0,0.0,0.467498779296875,0.0,0.0,0.0,0.4639739990234375,0.0,0.0,0.0,0.4689788818359375
C:\Users\jagan\OneDrive\Documents\TRON\Dataset\PlantVillage\Tomato_Septoria_leaf_spot\06225525-413e-411b-a503-85e8dc6050a8___JR_Sept.L.S 8351.JPG,Tomato_Septoria_leaf_spot,0.0,0.0,0.0,0.3408050537109375,0.0,0.0,0.0,0.3426666259765625,0.0,0.0,0.0,0.34222412109375,0.0,0.0,0.0,0.344207763671875
C:\Users\jagan\OneDrive\Documents\TRON\Dataset\PlantVillage\Tomato_Septoria_leaf_spot\0650f176-add9-444e-893e-707969054a43___JR_Sept.L.S 2722.JPG,Tomato_Septoria_leaf_spot,0.002227783203125,0.002227783203125,3663.072021484375,0.281005859375,0.0,0.0,0.0,0.285247802734375,0.0,0.0,0.0,0.290679931640625,0.0,0.0,0.0,0.2951202392578125
C:\Users\jagan\OneDrive\Documents\TRON\Dataset\PlantVillage\Tomato_Septoria_leaf_spot\066b2772-c513-403b-9550-26def3b79ec3___JR_Sept.L.S 2497.JPG,Tomato_Septoria_leaf_spot,0.0,0.0,0.0,0.5302734375,0.0,0.0,0.0,0.54876708984375,0.0,0.0,0.0,0.531890869140625,0.0,0.0,0.0,0.54949951171875
C:\Users\jagan\OneDrive\Documents\TRON\Dataset\PlantVillage\Tomato_Septoria_leaf_spot\06778fed-2b98-49b1-a9d3-d57765586a3f___Matt.S_CG 2795.JPG,Tomato_Septoria_leaf_spot,0.0,0.0,0.0,0.6104736328125,0.0,0.0,0.0,0.6444091796875,0.0,0.0,0.0,0.613525390625,0.0,0.0,0.0,0.6464691162109375
C:\Users\jagan\OneDrive\Documents\TRON\Dataset\PlantVillage\Tomato_Septoria_leaf_spot\069e7256-c9ac-4544-a89c-54a1ebf4ed23___Matt.S_CG 2434.JPG,Tomato_Septoria_leaf_spot,0.0,0.0,0.0,0.5669403076171875,0.0,0.0,0.0,0.5832061767578125,0.0,0.0,0.0,0.5673980712890625,0.0,0.0,0.0,0.5834808349609375
C:\Users\jagan\OneDrive\Documents\TRON\Dataset\PlantVillage\Tomato_Septoria_leaf_spot\0745df82-cfd3-498c-add3-1a4d20f281b2___JR_Sept.L.S 8430.JPG,Tomato_Septoria_leaf_spot,0.0,0.0,0.0,0.380615234375,0.0,0.0,0.0,0.392822265625,0.0,0.0,0.0,0.3821868896484375,0.0,0.0,0.0,0.3963165283203125
C:\Users\jagan\OneDrive\Documents\TRON\Dataset\PlantVillage\Tomato_Septoria_leaf_spot\0751ddb1-c3ee-46ee-bee1-46c24c567dc2___Matt.S_CG 6116.JPG,Tomato_Septoria_leaf_spot,0.0,0.0,0.0,0.4149169921875,0.0,0.0,0.0,0.425506591796875,0.0,0.0,0.0,0.417755126953125,0.0,0.0,0.0,0.4271087646484375
C:\Users\jagan\OneDrive\Documents\TRON\Dataset\PlantVillage\Tomato_Septoria_leaf_spot\07679a50-9d8d-4612-80f4-464785781d56___JR_Sept.L.S 2727.JPG,Tomato_Septoria_leaf_spot,0.189605712890625,0.189605712890625,1216.4722900390625,0.2757568359375,0.189605712890625,0.189605712890625,1216.4722900390625,0.2796783447265625,0.0770721435546875,0.0770721435546875,1184.6871337890625,0.3755035400390625,0.0761566162109375,0.0761566162109375,1194.5477294921875,0.3805084228515625
C:\Users\jagan\OneDrive\Documents\TRON\Dataset\PlantVillage\Tomato_Septoria_leaf_spot\07a4190c-b0c0-4e03-9ad5-474938c837d2___Matt.S_CG 1242.JPG,Tomato_Septoria_leaf_spot,0.00244140625,0.00244140625,785.7125244140625,0.60723876953125,0.00213623046875,0.00213623046875,764.9170532226562,0.616668701171875,0.002197265625,0.002197265625,660.603759765625,0.610931396484375,0.0,0.0,0.0,0.6202392578125
C:\Users\jagan\OneDrive\Documents\TRON\Dataset\PlantVillage\Tomato_Septoria_leaf_spot\07dd57ec-cbf0-4fc1-b680-6b3226da51e4___JR_Sept.L.S 8524.JPG,Tomato_Septoria_leaf_spot,0.0,0.0,0.0,0.4087982177734375,0.0,0.0,0.0,0.4219818115234375,0.0,0.0,0.0,0.4105224609375,0.0,0.0,0.0,0.4231719970703125
C:\Users\jagan\OneDrive\Documents\TRON\Dataset\PlantVillage\Tomato_Septoria_leaf_spot\0806cabf-f026-43bd-a508-0e8e5a185341___Matt.S_CG 1266.JPG,Tomato_Septoria_leaf_spot,0.0,0.0,0.0,0.522918701171875,0.0,0.0,0.0,0.532684326171875,0.0,0.0,0.0,0.52325439453125,0.0,0.0,0.0,0.5326690673828125
C:\Users\jagan\OneDrive\Documents\TRON\Dataset\PlantVillage\Tomato_Septoria_leaf_spot\085e05c8-68e6-45f5-aa76-4d58620c1593___Matt.S_CG 6700.JPG,Tomato_Septoria_leaf_spot,0.0,0.0,0.0,0.51226806640625,0.0,0.0,0.0,0.5295257568359375,0.0,0.0,0.0,0.5136260986328125,0.0,0.0,0.0,0.5306396484375
C:\Users\jagan\OneDrive\Documents\TRON\Dataset\PlantVillage\Tomato_Septoria_leaf_spot\092bc641-e271-4bf6-bbe7-451fd3ffc6f1___JR_Sept.L.S 8484.JPG,Tomato_Septoria_leaf_spot,0.0,0.0,0.0,0.371002197265625,0.0,0.0,0.0,0.375,0.0,0.0,0.0,0.3727264404296875,0.0,0.0,0.0,0.3769683837890625
C:\Users\jagan\OneDrive\Documents\TRON\Dataset\PlantVillage\Tomato_Septoria_leaf_spot\099a68fb-a30b-48b6-99ae-908449e48950___JR_Sept.L.S 2691.JPG,Tomato_Septoria_leaf_spot,0.0,0.0,0.0,0.224884033203125,0.0,0.0,0.0,0.22784423828125,0.0,0.0,0.0,0.226593017578125,0.0,0.0,0.0,0.2301483154296875
C:\Users\jagan\OneDrive\Documents\TRON\Dataset\PlantVillage\Tomato_Septoria_leaf_spot\0a146952-538a-41e5-a422-b5d50e91771e___Matt.S_CG 6079.JPG,Tomato_Septoria_leaf_spot,0.0089569091796875,0.0089569091796875,1918.161376953125,0.51177978515625,0.00518798828125,0.00518798828125,2238.1650390625,0.5209503173828125,0.0075225830078125,0.0075225830078125,1858.20361328125,0.513916015625,0.006256103515625,0.006256103515625,1943.5626220703125,0.5241546630859375
C:\Users\jagan\OneDrive\Documents\TRON\Dataset\PlantVillage\Tomato_Septoria_leaf_spot\0a25f893-1b5f-4845-baa1-f68ac03d96ac___Matt.S_CG 7863.JPG,Tomato_Septoria_leaf_spot,0.0,0.0,0.0,0.56243896484375,0.0,0.0,0.0,0.574249267578125,0.0,0.0,0.0,0.5626983642578125,0.0,0.0,0.0,0.5743560791015625
C:\Users\jagan\OneDrive\Documents\TRON\Dataset\PlantVillage\Tomato_Septoria_leaf_spot\0a68a294-30d1-4422-ab7e-a1909ec277f7___JR_Sept.L.S 8443.JPG,Tomato_Septoria_leaf_spot,0.0,0.0,0.0,0.3564910888671875,0.0,0.0,0.0,0.3629150390625,0.0,0.0,0.0,0.35882568359375,0.0,0.0,0.0,0.3661041259765625
C:\Users\jagan\OneDrive\Documents\TRON\Dataset\PlantVillage\Tomato_Septoria_leaf_spot\0a70601b-8511-4a56-9562-c95c46372874___Matt.S_CG 1032.JPG,Tomato_Septoria_leaf_spot,0.01007080078125,0.01007080078125,1323.717041015625,0.48565673828125,0.0098114013671875,0.0098114013671875,1343.283935546875,0.5010833740234375,0.00604248046875,0.00604248046875,4333.041015625,0.4922943115234375,0.0084381103515625,0.0084381103515625,4729.107421875,0.5104827880859375
C:\Users\jagan\OneDrive\Documents\TRON\Dataset\PlantVillage\Tomato_Septoria_leaf_spot\0a76257e-6a78-459b-8f51-a266805121eb___Matt.S_CG 2527.JPG,Tomato_Septoria_leaf_spot,0.0,0.0,0.0,0.629669189453125,0.0,0.0,0.0,0.6598052978515625,0.0,0.0,0.0,0.6318511962890625,0.0,0.0,0.0,0.6626434326171875
C:\Users\jagan\OneDrive\Documents\TRON\Dataset\PlantVillage\Tomato_Septoria_leaf_spot\0a95b5b7-7bfb-4201-9320-dae33498081a___JR_Sept.L.S 2482.JPG,Tomato_Septoria_leaf_spot,0.01263427734375,0.01263427734375,441.0871887207031,0.4134674072265625,0.0129852294921875,0.0126190185546875,40.9090690612793,0.4350128173828125,0.01263427734375,0.01263427734375,441.0871887207031,0.41607666015625,0.0127105712890625,0.0126190185546875,39.96765899658203,0.4371795654296875
C:\Users\jagan\OneDrive\Documents\TRON\Dataset\PlantVillage\Tomato_Septoria_leaf_spot\0b23b869-cfa6-40d7-a683-f4637d91ebff___Matt.S_CG 1286.JPG,Tomato_Septoria_leaf_spot,0.0,0.0,0.0,0.63580322265625,0.0,0.0,0.0,0.658660888671875,0.0,0.0,0.0,0.6360015869140625,0.0,0.0,0.0,0.658843994140625
C:\Users\jagan\OneDrive\Documents\TRON\Dataset\PlantVillage\Tomato_Septoria_leaf_spot\0b36c5a2-6c9f-40d9-af4b-d4b0e66997da___Matt.S_CG 6653.JPG,Tomato_Septoria_leaf_spot,0.0,0.0,0.0,0.517486572265625,0.0,0.0,0.0,0.535125732421875,0.0,0.0,0.0,0.519012451171875,0.0,0.0,0.0,0.5364227294921875
C:\Users\jagan\OneDrive\Documents\TRON\Dataset\PlantVillage\Tomato_Septoria_leaf_spot\0b4886e5-a065-44c1-aa19-bd166922d3de___JR_Sept.L.S 8498.JPG,Tomato_Septoria_leaf_spot,0.0039215087890625,0.0039215087890625,1711.9576416015625,0.199310302734375,0.0039215087890625,0.0039215087890625,1711.9576416015625,0.20086669921875,0.0039215087890625,0.0039215087890625,1711.9576416015625,0.20172119140625,0.0039215087890625,0.0039215087890625,1711.9576416015625,0.2031097412109375
C:\Users\jagan\OneDrive\Documents\TRON\Dataset\PlantVillage\Tomato_Septoria_leaf_spot\0b6a9374-858d-49ce-8a94-ab57c957718c___Matt.S_CG 2488.JPG,Tomato_Septoria_leaf_spot,0.0,0.0,0.0,0.64556884765625,0.0,0.0,0.0,0.6595001220703125,0.0,0.0,0.0,0.6480560302734375,0.0,0.0,0.0,0.663299560546875
C:\Users\jagan\OneDrive\Documents\TRON\Dataset\PlantVillage\Tomato_Spider_mites_Two_spotted_spider_mite\002835d1-c18e-4471-aa6e-8d8c29585e9b___Com.G_SpM_FL 8584.JPG,Tomato_Spider_mites_Two_spotted_spider_mite,0.003753662109375,0.003173828125,61.15163040161133,0.471649169921875,0.0033721923828125,0.0,61.624088287353516,0.4799652099609375,0.003753662109375,0.0,61.15163040161133,0.48138427734375,0.0033721923828125,0.0,61.624088287353516,0.48828125
C:\Users\jagan\OneDrive\Documents\TRON\Dataset\PlantVillage\Tomato_Spider_mites_Two_spotted_spider_mite\003b7929-a364-4e74-be1c-37c4c0a6ec63___Com.G_SpM_FL 1414.JPG,Tomato_Spider_mites_Two_spotted_spider_mite,0.02850341796875,0.00506591796875,169.66580200195312,0.413330078125,0.0173492431640625,0.0,141.556884765625,0.4185333251953125,0.02850341796875,0.00506591796875,169.66580200195312,0.4152679443359375,0.0173492431640625,0.0,141.556884765625,0.420135498046875
C:\Users\jagan\OneDrive\Documents\TRON\Dataset\PlantVillage\Tomato_Spider_mites_Two_spotted_spider_mite\00c8e9a0-1fb8-434b-8981-25511358ddc9___Com.G_SpM_FL 8717.JPG,Tomato_Spider_mites_Two_spotted_spider_mite,0.0,0.0,0.0,0.4882965087890625,0.0,0.0,0.0,0.4959564208984375,0.0,0.0,0.0,0.4933624267578125,0.0,0.0,0.0,0.5009918212890625
C:\Users\jagan\OneDrive\Documents\TRON\Dataset\PlantVillage\Tomato_Spider_mites_Two_spotted_spider_mite\0100e504-f6bc-464a-a181-38262117f30a___Com.G_SpM_FL 1202.JPG,Tomato_Spider_mites_Two_spotted_spider_mite,0.0,0.0,0.0,0.44171142578125,0.0,0.0,0.0,0.4506988525390625,0.0,0.0,0.0,0.4456634521484375,0.0,0.0,0.0,0.454193115234375
C:\Users\jagan\OneDrive\Documents\TRON\Dataset\PlantVillage\Tomato_Spider_mites_Two_spotted_spider_mite\01027422-5838-4aaf-a517-01ea4e2cb6b9___Com.G_SpM_FL 9256.JPG,Tomato_Spider_mites_Two_spotted_spider_mite,0.0,0.0,0.0,0.48052978515625,0.0,0.0,0.0,0.5088653564453125,0.0,0.0,0.0,0.4864349365234375,0.0,0.0,0.0,0.5135498046875
C:\Users\jagan\OneDrive\Documents\TRON\Dataset\PlantVillage\Tomato_Spider_mites_Two_spotted_spider_mite\012369f5-ca64-4811-888f-35d75f7f7c2b___Com.G_SpM_FL 8911.JPG,Tomato_Spider_mites_Two_spotted_spider_mite,0.0,0.0,0.0,0.7006378173828125,0.0,0.0,0.0,0.7244720458984375,0.0,0.0,0.0,0.7061004638671875,0.0,0.0,0.0,0.7259674072265625
C:\Users\jagan\OneDrive\Documents\TRON\Dataset\PlantVillage\Tomato_Spider_mites_Two_spotted_spider_mite\01720a27-7595-496b-bf53-dbe5c8c1e2c3___Com.G_SpM_FL 8476.JPG,Tomato_Spider_mites_Two_spotted_spider_mite,0.0096588134765625,0.0096588134765625,327.7410583496094,0.4434814453125,0.00811767578125,0.00811767578125,326.734130859375,0.4566802978515625,0.0096588134765625,0.0096588134765625,327.7410583496094,0.45062255859375,0.00811767578125,0.00811767578125,326.734130859375,0.46246337890625
C:\Users\jagan\OneDrive\Documents\TRON\Dataset\PlantVillage\Tomato_Spider_mites_Two_spotted_spider_mite\01854aac-d409-4136-b885-3df6943cc349___Com.G_SpM_FL 1374.JPG,Tomato_Spider_mites_Two_spotted_spider_mite,0.0059356689453125,0.0059356689453125,473.98095703125,0.47125244140625,0.0065765380859375,0.0065765380859375,529.211669921875,0.47998046875,0.0059356689453125,0.0059356689453125,473.98095703125,0.4785308837890625,0.0065765380859375,0.0065765380859375,529.211669921875,0.4852142333984375
C:\Users\jagan\OneDrive\Documents\TRON\Dataset\PlantVillage\Tomato_Spider_mites_Two_spotted_spider_mite\01963a97-0507-43a6-ae4a-1afd8e0c4f3e___Com.G_SpM_FL 1217.JPG,Tomato_Spider_mites_Two_spotted_spider_mite,0.0,0.0,0.0,0.3911590576171875,0.0,0.0,0.0,0.397491455078125,0.0,0.0,0.0,0.393890380859375,0.0,0.0,0.0,0.400360107421875
C:\Users\jagan\OneDrive\Documents\TRON\Dataset\PlantVillage\Tomato_Spider_mites_Two_spotted_spider_mite\0211efc9-5409-43a7-a46b-a87d46f23fc3___Com.G_SpM_FL 9646.JPG,Tomato_Spider_mites_Two_spotted_spider_mite,0.0,0.0,0.0,0.306884765625,0.0,0.0,0.0,0.3094940185546875,0.0,0.0,0.0,0.3092498779296875,0.0,0.0,0.0,0.312042236328125
C:\Users\jagan\OneDrive\Documents\TRON\Dataset\PlantVillage\Tomato_Spider_mites_Two_spotted_spider_mite\0247236f-c1ae-4b3f-92b3-9077fe5cb3c3___Com.G_SpM_FL 8505.JPG,Tomato_Spider_mites_Two_spotted_spider_mite,0.0,0.0,0.0,0.5976409912109375,0.0,0.0,0.0,0.614990234375,0.0,0.0,0.0,0.59893798828125,0.0,0.0,0.0,0.615447998046875
C:\Users\jagan\OneDrive\Documents\TRON\Dataset\PlantVillage\Tomato_Spider_mites_Two_spotted_spider_mite\02c791ab-ffc3-40d4-9b42-db946eee2413___Com.G_SpM_FL 1640.JPG,Tomato_Spider_mites_Two_spotted_spider_mite,0.0,0.0,0.0,0.5578460693359375,0.0,0.0,0.0,0.570098876953125,0.0,0.0,0.0,0.5650634765625,0.0,0.0,0.0,0.575714111328125
C:\Users\jagan\OneDrive\Documents\TRON\Dataset\PlantVillage\Tomato_Spider_mites_Two_spotted_spider_mite\03882a7e-b80a-4c12-b4bb-5d03c88a8c4b___Com.G_SpM_FL 8730.JPG,Tomato_Spider_mites_Two_spotted_spider_mite,0.0,0.0,0.0,0.4884490966796875,0.0,0.0,0.0,0.501556396484375,0.0,0.0,0.0,0.5040740966796875,0.0,0.0,0.0,0.51361083984375
C:\Users\jagan\OneDrive\Documents\TRON\Dataset\PlantVillage\Tomato_Spider_mites_Two_spotted_spider_mite\03dc4d71-45b6-4845-9f66-3b7aae5375e1___Com.G_SpM_FL 1193.JPG,Tomato_Spider_mites_Two_spotted_spider_mite,0.004150390625,0.004150390625,864.185791015625,0.37432861328125,0.004150390625,0.004150390625,864.185791015625,0.3773956298828125,0.004150390625,0.004150390625,864.185791015625,0.37615966796875,0.004150390625,0.004150390625,864.185791015625,0.3793792724609375
C:\Users\jagan\OneDrive\Documents\TRON\Dataset\PlantVillage\Tomato_Spider_mites_Two_spotted_spider_mite\03e18a00-ffbd-4863-a0c5-7c597c09b025___Com.G_SpM_FL 8798.JPG,Tomato_Spider_mites_Two_spotted_spider_mite,0.0,0.0,0.0,0.4979705810546875,0.0,0.0,0.0,0.5006561279296875,0.0,0.0,0.0,0.500244140625,0.0,0.0,0.0,0.5031585693359375
C:\Users\jagan\OneDrive\Documents\TRON\Dataset\PlantVillage\Tomato_Spider_mites_Two_spotted_spider_mite\03fa54ef-d6cc-40f3-8ae2-469d1ab5b541___Com.G_SpM_FL 9653.JPG,Tomato_Spider_mites_Two_spotted_spider_mite,0.0,0.0,0.0,0.357269287109375,0.0,0.0,0.0,0.35894775390625,0.0,0.0,0.0,0.358184814453125,0.0,0.0,0.0,0.361419677734375
C:\Users\jagan\OneDrive\Documents\TRON\Dataset\PlantVillage\Tomato_Spider_mites_Two_spotted_spider_mite\0421a79d-5c62-43e8-a695-ae55f987c27e___Com.G_SpM_FL 1434.JPG,Tomato_Spider_mites_Two_spotted_spider_mite,0.0533905029296875,0.0533905029296875,7799.92236328125,0.4077301025390625,0.0494842529296875,0.0494842529296875,7519.53857421875,0.415435791015625,0.003509521484375,0.003509521484375,865.1198120117188,0.49957275390625,0.002410888671875,0.002410888671875,775.1993408203125,0.5025787353515625
C:\Users\jagan\OneDrive\Documents\TRON\Dataset\PlantVillage\Tomato_Spider_mites_Two_spotted_spider_mite\04a5f541-9202-4475-b5a0-01c14543f211___Com.G_SpM_FL 8534.JPG,Tomato_Spider_mites_Two_spotted_spider_mite,0.0073394775390625,0.0,227.4322967529297,0.420654296875,0.0041656494140625,0.0,271.4399108886719,0.4271087646484375,0.0073394775390625,0.0,227.4322967529297,0.4248809814453125,0.0041656494140625,0.0,271.4399108886719,0.4305572509765625
C:\Users\jagan\OneDrive\Documents\TRON\Dataset\PlantVillage\Tomato_Spider_mites_Two_spotted_spider_mite\04b0cccf-da6f-4ad8-9ff9-0055170a990c___Com.G_SpM_FL 1284.JPG,Tomato_Spider_mites_Two_spotted_spider_mite,0.0023956298828125,0.0023956298828125,18616.60546875,0.4278106689453125,0.0023956298828125,0.0023956298828125,18616.60546875,0.4358367919921875,0.0,0.0,0.0,0.433502197265625,0.0,0.0,0.0,0.4433441162109375
C:\Users\jagan\OneDrive\Documents\TRON\Dataset\PlantVillage\Tomato_Spider_mites_Two_spotted_spider_mite\05138887-688c-4efe-a78f-f4416c1d63b0___Com.G_SpM_FL 8767.JPG,Tomato_Spider_mites_Two_spotted_spider_mite,0.0,0.0,0.0,0.4571685791015625,0.0,0.0,0.0,0.4635772705078125,0.0,0.0,0.0,0.4578857421875,0.0,0.0,0.0,0.464202880859375
C:\Users\jagan\OneDrive\Documents\TRON\Dataset\PlantVillage\Tomato_Spider_mites_Two_spotted_spider_mite\053c2c95-1110-4d4e-98d1-e189858deb3f___Com.G_SpM_FL 8449.JPG,Tomato_Spider_mites_Two_spotted_spider_mite,0.00311279296875,0.00311279296875,1870.683837890625,0.471710205078125,0.0026702880859375,0.0026702880859375,1875.6885986328125,0.4781951904296875,0.0,0.0,0.0,0.4789581298828125,0.0,0.0,0.0,0.485504150390625
C:\Users\jagan\OneDrive\Documents\TRON\Dataset\PlantVillage\Tomato_Spider_mites_Two_spotted_spider_mite\05be6ebc-1641-4707-91da-9b5650b9641a___Com.G_SpM_FL 8857.JPG,Tomato_Spider_mites_Two_spotted_spider_mite,0.0,0.0,0.0,0.5657958984375,0.0,0.0,0.0,0.5810394287109375,0.0,0.0,0.0,0.578948974609375,0.0,0.0,0.0,0.59783935546875
C:\Users\jagan\OneDrive\Documents\TRON\Dataset\PlantVillage\Tomato_Spider_mites_Two_spotted_spider_mite\05d67c02-8fb8-40dd-bbbe-efdc9837dced___Com.G_SpM_FL 1598.JPG,Tomato_Spider_mites_Two_spotted_spider_mite,0.0,0.0,0.0,0.49481201171875,0.0,0.0,0.0,0.4994659423828125,0.0,0.0,0.0,0.497283935546875,0.0,0.0,0.0,0.5077667236328125
C:\Users\jagan\OneDrive\Documents\TRON\Dataset\PlantVillage\Tomato_Spider_mites_Two_spotted_spider_mite\062c5345-1a64-4dba-8c58-0d72902742c1___Com.G_SpM_FL 8874.JPG,Tomato_Spider_mites_Two_spotted_spider_mite,0.0020294189453125,0.0020294189453125,16336.6337890625,0.525634765625,0.0020294189453125,0.0020294189453125,16336.6337890625,0.530487060546875,0.0,0.0,0.0,0.5373077392578125,0.0,0.0,0.0,0.5417022705078125
C:\Users\jagan\OneDrive\Documents\TRON\Dataset\PlantVillage\Tomato_Spider_mites_Two_spotted_spider_mite\06c29099-98e3-46ae-88f9-7160c74dafea___Com.G_SpM_FL 9427.JPG,Tomato_Spider_mites_Two_spotted_spider_mite,0.0,0.0,0.0,0.3579254150390625,0.0,0.0,0.0,0.361236572265625,0.0,0.0,0.0,0.360931396484375,0.0,0.0,0.0,0.36376953125
C:\Users\jagan\OneDrive\Documents\TRON\Dataset\PlantVillage\Tomato_Spider_mites_Two_spotted_spider_mite\06e43f45-f56b-4979-b4a3-10eafeaddf3e___Com.G_SpM_FL 9534.JPG,Tomato_Spider_mites_Two_spotted_spider_mite,0.0,0.0,0.0,0.4010162353515625,0.0,0.0,0.0,0.4033355712890625,0.0,0.0,0.0,0.40301513671875,0.0,0.0,0.0,0.4056549072265625
C:\Users\jagan\OneDrive\Documents\TRON\Dataset\PlantVillage\Tomato_Spider_mites_Two_spotted_spider_mite\06f22419-20df-43ab-9402-7ee76eb08921___Com.G_SpM_FL 1325.JPG,Tomato_Spider_mites_Two_spotted_spider_mite,0.0,0.0,0.0,0.39044189453125,0.0,0.0,0.0,0.3962249755859375,0.0,0.0,0.0,0.3921966552734375,0.0,0.0,0.0,0.39697265625
C:\Users\jagan\OneDrive\Documents\TRON\Dataset\PlantVillage\Tomato_Spider_mites_Two_spotted_spider_mite\072a0bb6-de84-4200-8393-9e5b28868a23___Com.G_SpM_FL 1412.JPG,Tomato_Spider_mites_Two_spotted_spider_mite,0.0033721923828125,0.0033721923828125,7409.314453125,0.440155029296875,0.003143310546875,0.003143310546875,6517.1630859375,0.4431304931640625,0.0,0.0,0.0,0.4468994140625,0.0,0.0,0.0,0.449462890625
C:\Users\jagan\OneDrive\Documents\TRON\Dataset\PlantVillage\Tomato_Spider_mites_Two_spotted_spider_mite\07843665-3d98-4371-873a-21b4bbe30a9d___Com.G_SpM_FL 8458.JPG,Tomato_Spider_mites_Two_spotted_spider_mite,0.0,0.0,0.0,0.6081085205078125,0.0,0.0,0.0,0.6158447265625,0.0,0.0,0.0,0.6128997802734375,0.0,0.0,0.0,0.6263275146484375
C:\Users\jagan\OneDrive\Documents\TRON\Dataset\PlantVillage\Tomato_Spider_mites_Two_spotted_spider_mite\0792af40-147c-400a-84e6-a0eeb25ac381___Com.G_SpM_FL 9381.JPG,Tomato_Spider_mites_Two_spotted_spider_mite,0.0,0.0,0.0,0.4353485107421875,0.0,0.0,0.0,0.44189453125,0.0,0.0,0.0,0.437713623046875,0.0,0.0,0.0,0.4439544677734375
C:\Users\jagan\OneDrive\Documents\TRON\Dataset\PlantVillage\Tomato_Spider_mites_Two_spotted_spider_mite\0794d252-5524-49d2-9871-011677db2698___Com.G_SpM_FL 8571.JPG,Tomato_Spider_mites_Two_spotted_spider_mite,0.2494049072265625,0.2494049072265625,8625.94140625,0.2801361083984375,0.2422637939453125,0.2422637939453125,8631.6865234375,0.299530029296875,0.0,0.0,0.0,0.5645294189453125,0.0,0.0,0.0,0.5822601318359375
C:\Users\jagan\OneDrive\Documents\TRON\Dataset\PlantVillage\Tomato_Spider_mites_Two_spotted_spider_mite\079c26a2-0862-4062-aa4b-53a5af52350f___Com.G_SpM_FL 1497.JPG,Tomato_Spider_mites_Two_spotted_spider_mite,0.0,0.0,0.0,0.3459014892578125,0.0,0.0,0.0,0.348388671875,0.0,0.0,0.0,0.34783935546875,0.0,0.0,0.0,0.350006103515625
C:\Users\jagan\OneDrive\Documents\TRON\Dataset\PlantVillage\Tomato_Spider_mites_Two_spotted_spider_mite\07a04ca5-a3f3-43c7-b035-95eccd5ca39e___Com.G_SpM_FL 1401.JPG,Tomato_Spider_mites_Two_spotted_spider_mite,0.002349853515625,0.002349853515625,3862.140380859375,0.4494171142578125,0.0023193359375,0.0023193359375,3525.827392578125,0.45758056640625,0.002349853515625,0.002349853515625,3862.140380859375,0.4526214599609375,0.0023193359375,0.0023193359375,3525.827392578125,0.46490478515625
C:\Users\jagan\OneDrive\Documents\TRON\Dataset\PlantVillage\Tomato_Spider_mites_Two_spotted_spider_mite\081a628a-9293-4aac-bde6-c117085132f6___Com.G_SpM_FL 9037.JPG,Tomato_Spider_mites_Two_spotted_spider_mite,0.0,0.0,0.0,0.4009552001953125,0.0,0.0,0.0,0.4090118408203125,0.0,0.0,0.0,0.4061279296875,0.0,0.0,0.0,0.4135284423828125
C:\Users\jagan\OneDrive\Documents\TRON\Dataset\PlantVillage\Tomato_Spider_mites_Two_spotted_spider_mite\085cdef7-8892-4873-a0e7-5715082762d0___Com.G_SpM_FL 8650.JPG,Tomato_Spider_mites_Two_spotted_spider_mite,0.0066375732421875,0.0066375732421875,9142.388671875,0.4695587158203125,0.0,0.0,0.0,0.4886627197265625,0.0,0.0,0.0,0.4840850830078125,0.0,0.0,0.0,0.4939422607421875
C:\Users\jagan\OneDrive\Documents\TRON\Dataset\PlantVillage\Tomato_Spider_mites_Two_spotted_spider_mite\08672d79-7f11-4900-9e12-aad35778f463___Com.G_SpM_FL 8753.JPG,Tomato_Spider_mites_Two_spotted_spider_mite,0.0486907958984375,0.0486907958984375,13238.5712890625,0.6191864013671875,0.0,0.0,0.0,0.703216552734375,0.0,0.0,0.0,0.6961669921875,0.0,0.0,0.0,0.714202880859375
C:\Users\jagan\OneDrive\Documents\TRON\Dataset\PlantVillage\Tomato_Spider_mites_Two_spotted_spider_mite\087cd727-92d4-4c49-a069-26b3563037e4___Com.G_SpM_FL 9573.JPG,Tomato_Spider_mites_Two_spotted_spider_mite,0.0,0.0,0.0,0.3073577880859375,0.0,0.0,0.0,0.3104095458984375,0.0,0.0,0.0,0.30963134765625,0.0,0.0,0.0,0.3129119873046875
C:\Users\jagan\OneDrive\Documents\TRON\Dataset\PlantVillage\Tomato_Spider_mites_Two_spotted_spider_mite\0889ce0b-097f-4824-a46e-7ed9a01a4862___Com.G_SpM_FL 1435.JPG,Tomato_Spider_mites_Two_spotted_spider_mite,0.039459228515625,0.039459228515625,9725.2470703125,0.5376434326171875,0.022308349609375,0.022308349609375,8657.9619140625,0.5893402099609375,0.0178680419921875,0.0178680419921875,8511.65625,0.5807647705078125,0.0,0.0,0.0,0.616851806640625
C:\Users\jagan\OneDrive\Documents\TRON\Dataset\PlantVillage\Tomato_Spider_mites_Two_spotted_spider_mite\08e9a879-8784-4775-aeef-21fbd62dd08e___Com.G_SpM_FL 8513.JPG,Tomato_Spider_mites_Two_spotted_spider_mite,0.0,0.0,0.0,0.5343780517578125,0.0,0.0,0.0,0.5479736328125,0.0,0.0,0.0,0.5368194580078125,0.0,0.0,0.0,0.55047607421875
C:\Users\jagan\OneDrive\Documents\TRON\Dataset\PlantVillage\Tomato_Spider_mites_Two_spotted_spider_mite\093aecee-3211-4aad-8f09-45ccdc92eeb6___Com.G_SpM_FL 9040.JPG,Tomato_Spider_mites_Two_spotted_spider_mite,0.0,0.0,0.0,0.4417724609375,0.0,0.0,0.0,0.4435272216796875,0.0,0.0,0.0,0.4434967041015625,0.0,0.0,0.0,0.445159912109375
C:\Users\jagan\OneDrive\Documents\TRON\Dataset\PlantVillage\Tomato__Target_Spot\003a5321-0430-42dd-a38d-30ac4563f4ba___Com.G_TgS_FL 8121.JPG,Tomato__Target_Spot,0.0,0.0,0.0,0.449310302734375,0.0,0.0,0.0,0.4546966552734375,0.0,0.0,0.0,0.4605712890625,0.0,0.0,0.0,0.4689483642578125
C:\Users\jagan\OneDrive\Documents\TRON\Dataset\PlantVillage\Tomato__Target_Spot\007ec913-8cfe-43ed-b458-f041a17266ae___Com.G_TgS_FL 9844.JPG,Tomato__Target_Spot,0.0038909912109375,0.0038909912109375,638.6920166015625,0.45440673828125,0.003753662109375,0.003753662109375,638.7230224609375,0.4583740234375,0.002166748046875,0.002166748046875,670.8278198242188,0.4621734619140625,0.0,0.0,0.0,0.465789794921875
C:\Users\jagan\OneDrive\Documents\TRON\Dataset\PlantVillage\Tomato__Target_Spot\00854623-ba28-446d-a1d5-03c0ae3f99d9___Com.G_TgS_FL 7949.JPG,Tomato__Target_Spot,0.0,0.0,0.0,0.523956298828125,0.0,0.0,0.0,0.527587890625,0.0,0.0,0.0,0.5247802734375,0.0,0.0,0.0,0.5284271240234375
C:\Users\jagan\OneDrive\Documents\TRON\Dataset\PlantVillage\Tomato__Target_Spot\0118c27a-f34a-41e1-8b2f-d2c564f83c5c___Com.G_TgS_FL 0013.JPG,Tomato__Target_Spot,0.0,0.0,0.0,0.5403900146484375,0.0,0.0,0.0,0.5720062255859375,0.0,0.0,0.0,0.544769287109375,0.0,0.0,0.0,0.5754547119140625
C:\Users\jagan\OneDrive\Documents\TRON\Dataset\PlantVillage\Tomato__Target_Spot\0197df47-a9cb-4b6c-b72c-ac0e9af6d135___Com.G_TgS_FL 0779.JPG,Tomato__Target_Spot,0.0,0.0,0.0,0.5184173583984375,0.0,0.0,0.0,0.531036376953125,0.0,0.0,0.0,0.5209197998046875,0.0,0.0,0.0,0.5397491455078125
C:\Users\jagan\OneDrive\Documents\TRON\Dataset\PlantVillage\Tomato__Target_Spot\01b2013e-4030-4cd0-843c-2dbacf5f3758___Com.G_TgS_FL 8398.JPG,Tomato__Target_Spot,0.0,0.0,0.0,0.5680389404296875,0.0,0.0,0.0,0.580078125,0.0,0.0,0.0,0.5757598876953125,0.0,0.0,0.0,0.59185791015625
C:\Users\jagan\OneDrive\Documents\TRON\Dataset\PlantVillage\Tomato__Target_Spot\01e0b8b1-e713-4c6d-973b-f7636280c58a___Com.G_TgS_FL 9816.JPG,Tomato__Target_Spot,0.0472259521484375,0.0472259521484375,1328.0687255859375,0.5225830078125,0.045440673828125,0.045440673828125,1313.617919921875,0.53717041015625,0.020416259765625,0.020416259765625,826.579345703125,0.5737762451171875,0.014617919921875,0.014617919921875,786.0257568359375,0.5882415771484375
C:\Users\jagan\OneDrive\Documents\TRON\Dataset\PlantVillage\Tomato__Target_Spot\01f0e0cb-83a7-4190-9645-bd06b70c8d65___Com.G_TgS_FL 8318.JPG,Tomato__Target_Spot,0.0,0.0,0.0,0.5059356689453125,0.0,0.0,0.0,0.513885498046875,0.0,0.0,0.0,0.5110931396484375,0.0,0.0,0.0,0.51904296875
C:\Users\jagan\OneDrive\Documents\TRON\Dataset\PlantVillage\Tomato__Target_Spot\021dbc57-a5cc-4fc9-a3cf-e64b92df20bc___Com.G_TgS_FL 9916.JPG,Tomato__Target_Spot,0.0081939697265625,0.0081939697265625,3006.265380859375,0.5041961669921875,0.0062255859375,0.0062255859375,2999.535888671875,0.5224761962890625,0.0,0.0,0.0,0.5197296142578125,0.0,0.0,0.0,0.53289794921875
C:\Users\jagan\OneDrive\Documents\TRON\Dataset\PlantVillage\Tomato__Target_Spot\025510ac-15db-4861-b02b-21da82161100___Com.G_TgS_FL 0952.JPG,Tomato__Target_Spot,0.019683837890625,0.0143585205078125,226.92669677734375,0.5290985107421875,0.026947021484375,0.0170440673828125,277.1220703125,0.54132080078125,0.01910400390625,0.0143585205078125,218.6117706298828,0.5320892333984375,0.02606201171875,0.0170440673828125,256.1302185058594,0.543701171875
C:\Users\jagan\OneDrive\Documents\TRON\Dataset\PlantVillage\Tomato__Target_Spot\02da8ab6-7510-4bf7-a0e3-457f14b6adad___Com.G_TgS_FL 1022.JPG,Tomato__Target_Spot,0.161224365234375,0.161224365234375,19321.673828125,0.3253326416015625,0.1533966064453125,0.1533966064453125,19366.703125,0.3414154052734375,0.0197906494140625,0.0197906494140625,891.9617309570312,0.4951629638671875,0.0254669189453125,0.0254669189453125,885.0614013671875,0.5064849853515625
C:\Users\jagan\OneDrive\Documents\TRON\Dataset\PlantVillage\Tomato__Target_Spot\03002b91-afe3-4c72-86b8-31028913434e___Com.G_TgS_FL 0682.JPG,Tomato__Target_Spot,0.0,0.0,0.0,0.5784454345703125,0.0,0.0,0.0,0.584716796875,0.0,0.0,0.0,0.5821990966796875,0.0,0.0,0.0,0.58795166015625
C:\Users\jagan\OneDrive\Documents\TRON\Dataset\PlantVillage\Tomato__Target_Spot\0352b802-bcae-4ced-b483-e9a14292fa3b___Com.G_TgS_FL 7872.JPG,Tomato__Target_Spot,0.0,0.0,0.0,0.627471923828125,0.0,0.0,0.0,0.64300537109375,0.0,0.0,0.0,0.6280670166015625,0.0,0.0,0.0,0.64337158203125
C:\Users\jagan\OneDrive\Documents\TRON\Dataset\PlantVillage\Tomato__Target_Spot\03e19a2b-91f1-4404-a803-9a713c2ee618___Com.G_TgS_FL 9940.JPG,Tomato__Target_Spot,0.027191162109375,0.027191162109375,17137.34375,0.4268951416015625,0.002716064453125,0.002716064453125,17681.48046875,0.48443603515625,0.0,0.0,0.0,0.4864349365234375,0.0,0.0,0.0,0.5021820068359375
C:\Users\jagan\OneDrive\Documents\TRON\Dataset\PlantVillage\Tomato__Target_Spot\03e3b044-d81f-49ca-a4d3-c6f7173b55a9___Com.G_TgS_FL 9921.JPG,Tomato__Target_Spot,0.01177978515625,0.01177978515625,945.0242309570312,0.5187835693359375,0.01177978515625,0.01177978515625,945.0242309570312,0.5262603759765625,0.0074615478515625,0.0074615478515625,1290.846923828125,0.5342559814453125,0.0074615478515625,0.0074615478515625,1290.846923828125,0.54241943359375
C:\Users\jagan\OneDrive\Documents\TRON\Dataset\PlantVillage\Tomato__Target_Spot\03ffc2bf-ec6a-43d4-b349-9fd4138467bc___Com.G_TgS_FL 0738.JPG,Tomato__Target_Spot,0.0020904541015625,0.0020904541015625,344.71917724609375,0.5007171630859375,0.0020904541015625,0.0020904541015625,344.71917724609375,0.5058441162109375,0.0020904541015625,0.0020904541015625,344.71917724609375,0.502655029296875,0.0020904541015625,0.0020904541015625,344.71917724609375,0.5086212158203125
C:\Users\jagan\OneDrive\Documents\TRON\Dataset\PlantVillage\Tomato__Target_Spot\04877a47-d7e8-461d-b943-00099f3a2a95___Com.G_TgS_FL 0838.JPG,Tomato__Target_Spot,0.0,0.0,0.0,0.6490478515625,0.002105712890625,0.0,255.7048797607422,0.665374755859375,0.0,0.0,0.0,0.653076171875,0.002105712890625,0.0,255.7048797607422,0.6716461181640625
C:\Users\jagan\OneDrive\Documents\TRON\Dataset\PlantVillage\Tomato__Target_Spot\04a27dd5-fdd0-40b7-aa5a-527e15f84a99___Com.G_TgS_FL 9679.JPG,Tomato__Target_Spot,0.0,0.0,0.0,0.5377960205078125,0.0,0.0,0.0,0.5501556396484375,0.0,0.0,0.0,0.5406341552734375,0.0,0.0,0.0,0.5523529052734375
C:\Users\jagan\OneDrive\Documents\TRON\Dataset\PlantVillage\Tomato__Target_Spot\0504591c-2413-4965-860d-fef95a241cc4___Com.G_TgS_FL 1032.JPG,Tomato__Target_Spot,0.061614990234375,0.061614990234375,21297.791015625,0.531707763671875,0.0167694091796875,0.0167694091796875,1145.0789794921875,0.608642578125,0.014007568359375,0.014007568359375,1041.7679443359375,0.6136322021484375,0.0152740478515625,0.0152740478515625,1156.161865234375,0.6270751953125
C:\Users\jagan\OneDrive\Documents\TRON\Dataset\PlantVillage\Tomato__Target_Spot\05991e8b-e178-450f-8da9-d7c10bd2cda9___Com.G_TgS_FL 9731.JPG,Tomato__Target_Spot,0.0,0.0,0.0,0.31500244140625,0.0,0.0,0.0,0.31939697265625,0.0,0.0,0.0,0.3186187744140625,0.0,0.0,0.0,0.3239288330078125
C:\Users\jagan\OneDrive\Documents\TRON\Dataset\PlantVillage\Tomato__Target_Spot\05afadf4-12e7-478e-bb0c-334e2bf553f3___Com.G_TgS_FL 0744.JPG,Tomato__Target_Spot,0.0,0.0,0.0,0.4045257568359375,0.0,0.0,0.0,0.413787841796875,0.0,0.0,0.0,0.40643310546875,0.0,0.0,0.0,0.4149322509765625
C:\Users\jagan\OneDrive\Documents\TRON\Dataset\PlantVillage\Tomato__Target_Spot\05c5b778-ab92-43c8-a390-93826690fc2d___Com.G_TgS_FL 9746.JPG,Tomato__Target_Spot,0.0,0.0,0.0,0.48480224609375,0.0,0.0,0.0,0.4926910400390625,0.0,0.0,0.0,0.4854583740234375,0.0,0.0,0.0,0.4933929443359375
C:\Users\jagan\OneDrive\Documents\TRON\Dataset\PlantVillage\Tomato__Target_Spot\05fa9fcd-ce4c-4c47-aabf-6d794ada4e1c___Com.G_TgS_FL 9802.JPG,Tomato__Target_Spot,0.0,0.0,0.0,0.535308837890625,0.0,0.0,0.0,0.5511016845703125,0.0,0.0,0.0,0.5384368896484375,0.0,0.0,0.0,0.55322265625
C:\Users\jagan\OneDrive\Documents\TRON\Dataset\PlantVillage\Tomato__Target_Spot\066c4e6b-ec9d-4762-8cad-c0ba4ebd8b44___Com.G_TgS_FL 0825.JPG,Tomato__Target_Spot,0.0,0.0,0.0,0.636199951171875,0.0,0.0,0.0,0.6497650146484375,0.0,0.0,0.0,0.6376800537109375,0.0,0.0,0.0,0.6508941650390625
C:\Users\jagan\OneDrive\Documents\TRON\Dataset\PlantVillage\Tomato__Target_Spot\068f872e-1b06-423a-8f37-40e75ac14b97___Com.G_TgS_FL 0879.JPG,Tomato__Target_Spot,0.0,0.0,0.0,0.5732269287109375,0.0,0.0,0.0,0.5851593017578125,0.0,0.0,0.0,0.5751953125,0.0,0.0,0.0,0.586700439453125
C:\Users\jagan\OneDrive\Documents\TRON\Dataset\PlantVillage\Tomato__Target_Spot\06ddddf1-c107-4e34-9546-676f00f52254___Com.G_TgS_FL 8070.JPG,Tomato__Target_Spot,0.00555419921875,0.0,141.10694885253906,0.5611114501953125,0.0,0.0,0.0,0.5741424560546875,0.00555419921875,0.0,141.10694885253906,0.5622100830078125,0.0,0.0,0.0,0.57525634765625
C:\Users\jagan\OneDrive\Documents\TRON\Dataset\PlantVillage\Tomato__Target_Spot\06deea79-68e2-4e28-b42d-0ef3a48b65fe___Com.G_TgS_FL 9819.JPG,Tomato__Target_Spot,0.0,0.0,0.0,0.516632080078125,0.002532958984375,0.002532958984375,344.4719543457031,0.5266876220703125,0.0,0.0,0.0,0.5191497802734375,0.0,0.0,0.0,0.52899169921875
C:\Users\jagan\OneDrive\Documents\TRON\Dataset\PlantVillage\Tomato__Target_Spot\08342078-4bfb-4a33-a586-a564333a1b59___Com.G_TgS_FL 0986.JPG,Tomato__Target_Spot,0.0,0.0,0.0,0.522705078125,0.0,0.0,0.0,0.53277587890625,0.0,0.0,0.0,0.527099609375,0.0,0.0,0.0,0.5367889404296875
C:\Users\jagan\OneDrive\Documents\TRON\Dataset\PlantVillage\Tomato__Target_Spot\086c833c-f885-4b46-9417-a6a3406dadbe___Com.G_TgS_FL 7985.JPG,Tomato__Target_Spot,0.0,0.0,0.0,0.5769500732421875,0.0,0.0,0.0,0.5933380126953125,0.0,0.0,0.0,0.58038330078125,0.0,0.0,0.0,0.596832275390625
C:\Users\jagan\OneDrive\Documents\TRON\Dataset\PlantVillage\Tomato__Target_Spot\08b9a677-e59f-4f3b-a4ff-325d211abdd2___Com.G_TgS_FL 1126.JPG,Tomato__Target_Spot,0.159088134765625,0.159088134765625,20250.1875,0.48529052734375,0.07073974609375,0.07073974609375,18175.29296875,0.6073150634765625,0.01190185546875,0.01190185546875,793.8473510742188,0.649810791015625,0.0052337646484375,0.0052337646484375,640.49609375,0.6826324462890625
C:\Users\jagan\OneDrive\Documents\TRON\Dataset\PlantVillage\Tomato__Target_Spot\093309e9-6802-4e67-9d9c-b944aff0f743___Com.G_TgS_FL 9732.JPG,Tomato__Target_Spot,0.0,0.0,0.0,0.34417724609375,0.0,0.0,0.0,0.3527069091796875,0.0,0.0,0.0,0.3468017578125,0.0,0.0,0.0,0.3560943603515625
C:\Users\jagan\OneDrive\Documents\TRON\Dataset\PlantVillage\Tomato__Target_Spot\0a2de4c5-d688-4f9d-9107-ace1d281c307___Com.G_TgS_FL 7941.JPG,Tomato__Target_Spot,0.0,0.0,0.0,0.55322265625,0.0,0.0,0.0,0.5597686767578125,0.0,0.0,0.0,0.5554962158203125,0.0,0.0,0.0,0.5614166259765625
C:\Users\jagan\OneDrive\Documents\TRON\Dataset\PlantVillage\Tomato__Target_Spot\0a3b6099-c254-4bc3-8360-53a9f558a0c4___Com.G_TgS_FL 8259.JPG,Tomato__Target_Spot,0.0,0.0,0.0,0.56414794921875,0.0,0.0,0.0,0.5794677734375,0.0,0.0,0.0,0.56964111328125,0.0,0.0,0.0,0.5831451416015625
C:\Users\jagan\OneDrive\Documents\TRON\Dataset\PlantVillage\Tomato__Target_Spot\0a458dfc-b513-44f2-a3ce-dab4c3adb939___Com.G_TgS_FL 8166.JPG,Tomato__Target_Spot,0.0,0.0,0.0,0.4706268310546875,0.0,0.0,0.0,0.4826812744140625,0.0,0.0,0.0,0.473419189453125,0.0,0.0,0.0,0.485595703125
C:\Users\jagan\OneDrive\Documents\TRON\Dataset\PlantVillage\Tomato__Target_Spot\0a51617c-ecb5-42ce-9d34-300307be3465___Com.G_TgS_FL 0976.JPG,Tomato__Target_Spot,0.0,0.0,0.0,0.6247100830078125,0.0,0.0,0.0,0.634185791015625,0.0,0.0,0.0,0.62646484375,0.0,0.0,0.0,0.6356353759765625
C:\Users\jagan\OneDrive\Documents\TRON\Dataset\PlantVillage\Tomato__Target_Spot\0a610d40-f5b8-4580-8e32-cc90b3620017___Com.G_TgS_FL 8191.JPG,Tomato__Target_Spot,0.0,0.0,0.0,0.573638916015625,0.0,0.0,0.0,0.5833282470703125,0.0,0.0,0.0,0.5751495361328125,0.0,0.0,0.0,0.5846405029296875
C:\Users\jagan\OneDrive\Documents\TRON\Dataset\PlantVillage\Tomato__Target_Spot\0abb0bf0-8a1e-4699-80ee-c434385d9514___Com.G_TgS_FL 8115.JPG,Tomato__Target_Spot,0.00567626953125,0.00567626953125,1788.534912109375,0.5644378662109375,0.006927490234375,0.006927490234375,1912.1134033203125,0.57781982421875,0.00494384765625,0.00494384765625,1460.138671875,0.570037841796875,0.01080322265625,0.01080322265625,1573.5906982421875,0.5836944580078125
C:\Users\jagan\OneDrive\Documents\TRON\Dataset\PlantVillage\Tomato__Target_Spot\0ac9e61f-8dda-4628-bbf9-4fd81012b7a3___Com.G_TgS_FL 8245.JPG,Tomato__Target_Spot,0.00537109375,0.00537109375,13624.427734375,0.565155029296875,0.0,0.0,0.0,0.5800933837890625,0.0,0.0,0.0,0.57708740234375,0.0,0.0,0.0,0.58966064453125
C:\Users\jagan\OneDrive\Documents\TRON\Dataset\PlantVillage\Tomato__Target_Spot\0b126ce6-af82-477f-8f4e-1de79d84a6dd___Com.G_TgS_FL 8294.JPG,Tomato__Target_Spot,0.0,0.0,0.0,0.459228515625,0.0,0.0,0.0,0.4669189453125,0.0,0.0,0.0,0.4622802734375,0.0,0.0,0.0,0.470489501953125
C:\Users\jagan\OneDrive\Documents\TRON\Dataset\PlantVillage\Tomato__Target_Spot\0b6c4305-0cdc-4150-914b-5d7a5acb7881___Com.G_TgS_FL 8257.JPG,Tomato__Target_Spot,0.0,0.0,0.0,0.6554718017578125,0.0,0.0,0.0,0.68157958984375,0.0,0.0,0.0,0.6572113037109375,0.0,0.0,0.0,0.6827392578125
C:\Users\jagan\OneDrive\Documents\TRON\Dataset\PlantVillage\Tomato__Tomato_YellowLeaf__Curl_Virus\0068fe04-aa0c-4d92-8af0-f05c9d8db6eb___UF.GRC_YLCV_Lab 01755.JPG,Tomato__Tomato_YellowLeaf__Curl_Virus,0.0,0.0,0.0,0.5885772705078125,0.0,0.0,0.0,0.61309814453125,0.0,0.0,0.0,0.5894775390625,0.0,0.0,0.0,0.61407470703125
C:\Users\jagan\OneDrive\Documents\TRON\Dataset\PlantVillage\Tomato__Tomato_YellowLeaf__Curl_Virus\00b41556-fe22-41fb-93aa-76b0c45d923a___UF.GRC_YLCV_Lab 02644.JPG,Tomato__Tomato_YellowLeaf__Curl_Virus,0.0,0.0,0.0,0.335296630859375,0.0,0.0,0.0,0.3370208740234375,0.0,0.0,0.0,0.3354339599609375,0.0,0.0,0.0,0.3371124267578125
C:\Users\jagan\OneDrive\Documents\TRON\Dataset\PlantVillage\Tomato__Tomato_YellowLeaf__Curl_Virus\0120b8af-1482-4af9-85d1-a2bfe24c6985___UF.GRC_YLCV_Lab 02748.JPG,Tomato__Tomato_YellowLeaf__Curl_Virus,0.02099609375,0.0,53.11171340942383,0.5518951416015625,0.0174102783203125,0.0,52.3362922668457,0.579010009765625,0.0193939208984375,0.0,54.197383880615234,0.5546417236328125,0.016448974609375,0.0,49.774757385253906,0.580718994140625
C:\Users\jagan\OneDrive\Documents\TRON\Dataset\PlantVillage\Tomato__Tomato_YellowLeaf__Curl_Virus\014d1604-dbbb-4b24-b167-37ec77cccfc6___UF.GRC_YLCV_Lab 01441.JPG,Tomato__Tomato_YellowLeaf__Curl_Virus,0.0,0.0,0.0,0.4923248291015625,0.0,0.0,0.0,0.5084686279296875,0.0,0.0,0.0,0.4933319091796875,0.0,0.0,0.0,0.509185791015625
C:\Users\jagan\OneDrive\Documents\TRON\Dataset\PlantVillage\Tomato__Tomato_YellowLeaf__Curl_Virus\01512b8e-6589-41ce-82f1-e16a24da38e7___YLCV_GCREC 2099.JPG,Tomato__Tomato_YellowLeaf__Curl_Virus,0.0,0.0,0.0,0.6179351806640625,0.0,0.0,0.0,0.6411590576171875,0.0,0.0,0.0,0.619415283203125,0.0,0.0,0.0,0.64208984375
C:\Users\jagan\OneDrive\Documents\TRON\Dataset\PlantVillage\Tomato__Tomato_YellowLeaf__Curl_Virus\015f38c2-b5c3-47da-8130-87c810f2516c___YLCV_GCREC 2372.JPG,Tomato__Tomato_YellowLeaf__Curl_Virus,0.04046630859375,0.04046630859375,876.5972900390625,0.3450775146484375,0.0399627685546875,0.0399627685546875,879.3466796875,0.3475341796875,0.0222625732421875,0.0222625732421875,1128.19384765625,0.358306884765625,0.021942138671875,0.021942138671875,1129.3238525390625,0.360565185546875
C:\Users\jagan\OneDrive\Documents\TRON\Dataset\PlantVillage\Tomato__Tomato_YellowLeaf__Curl_Virus\018c6768-6da7-4aa8-8285-52290d8bffab___UF.GRC_YLCV_Lab 02344.JPG,Tomato__Tomato_YellowLeaf__Curl_Virus,0.034820556640625,0.0,28.627342224121094,0.5126495361328125,0.0341796875,0.0,28.78562355041504,0.526611328125,0.0340118408203125,0.0,28.85524559020996,0.5135498046875,0.0333099365234375,0.0,28.992267608642578,0.52728271484375
C:\Users\jagan\OneDrive\Documents\TRON\Dataset\PlantVillage\Tomato__Tomato_YellowLeaf__Curl_Virus\01ab67dd-f4cf-4141-87fc-24056902abf4___YLCV_GCREC 5148.JPG,Tomato__Tomato_YellowLeaf__Curl_Virus,0.0,0.0,0.0,0.3831329345703125,0.0,0.0,0.0,0.3902740478515625,0.0,0.0,0.0,0.3882904052734375,0.0,0.0,0.0,0.3961029052734375
C:\Users\jagan\OneDrive\Documents\TRON\Dataset\PlantVillage\Tomato__Tomato_YellowLeaf__Curl_Virus\01ce3a43-e874-4317-b4fe-dea4402cb7ce___UF.GRC_YLCV_Lab 09572.JPG,Tomato__Tomato_YellowLeaf__Curl_Virus,0.06707763671875,0.002197265625,213.71434020996094,0.52374267578125,0.0649261474609375,0.002197265625,216.34188842773438,0.5333404541015625,0.0667572021484375,0.002197265625,214.01748657226562,0.5258636474609375,0.064666748046875,0.002197265625,216.76905822753906,0.5355987548828125
C:\Users\jagan\OneDrive\Documents\TRON\Dataset\PlantVillage\Tomato__Tomato_YellowLeaf__Curl_Virus\01eb1927-e742-449d-97ea-5b83bbfe5b11___UF.GRC_YLCV_Lab 02751.JPG,Tomato__Tomato_YellowLeaf__Curl_Virus,0.073394775390625,0.0,26.04486846923828,0.4772796630859375,0.06903076171875,0.0,25.242677688598633,0.490386962890625,0.0729522705078125,0.0,26.075115203857422,0.478912353515625,0.0691375732421875,0.0,25.193607330322266,0.491851806640625
C:\Users\jagan\OneDrive\Documents\TRON\Dataset\PlantVillage\Tomato__Tomato_YellowLeaf__Curl_Virus\01f7eeb8-19c7-4c7b-9789-00538abf46fe___UF.GRC_YLCV_Lab 09492.JPG,Tomato__Tomato_YellowLeaf__Curl_Virus,0.0026702880859375,0.0,124.79332733154297,0.4879150390625,0.002410888671875,0.0,121.46150970458984,0.505615234375,0.002655029296875,0.0,125.02615356445312,0.4881591796875,0.0023956298828125,0.0,121.69304656982422,0.5059356689453125
C:\Users\jagan\OneDrive\Documents\TRON\Dataset\PlantVillage\Tomato__Tomato_YellowLeaf__Curl_Virus\01fa2c83-fffb-4aad-a456-e991aeb93f3e___UF.GRC_YLCV_Lab 02154.JPG,Tomato__Tomato_YellowLeaf__Curl_Virus,0.0,0.0,0.0,0.358917236328125,0.0,0.0,0.0,0.3605499267578125,0.0,0.0,0.0,0.359527587890625,0.0,0.0,0.0,0.3612213134765625
C:\Users\jagan\OneDrive\Documents\TRON\Dataset\PlantVillage\Tomato__Tomato_YellowLeaf__Curl_Virus\0202eabf-19ef-4656-8ede-5d0e96906304___YLCV_GCREC 2604.JPG,Tomato__Tomato_YellowLeaf__Curl_Virus,0.0,0.0,0.0,0.56317138671875,0.0,0.0,0.0,0.5796661376953125,0.0,0.0,0.0,0.5672149658203125,0.0,0.0,0.0,0.5822601318359375
C:\Users\jagan\OneDrive\Documents\TRON\Dataset\PlantVillage\Tomato__Tomato_YellowLeaf__Curl_Virus\020ff520-4b65-4f52-89b3-fe6ca90e0601___UF.GRC_YLCV_Lab 02220.JPG,Tomato__Tomato_YellowLeaf__Curl_Virus,0.022491455078125,0.0,24.401439666748047,0.3397979736328125,0.0224761962890625,0.0,24.40865707397461,0.3401947021484375,0.0224456787109375,0.0,24.328996658325195,0.339874267578125,0.022430419921875,0.0,24.336200714111328,0.340301513671875
C:\Users\jagan\OneDrive\Documents\TRON\Dataset\PlantVillage\Tomato__Tomato_YellowLeaf__Curl_Virus\0223bec0-2d13-42aa-b653-3aa3ee502b85___YLCV_GCREC 2507.JPG,Tomato__Tomato_YellowLeaf__Curl_Virus,0.0,0.0,0.0,0.58935546875,0.0,0.0,0.0,0.5963592529296875,0.0,0.0,0.0,0.59014892578125,0.0,0.0,0.0,0.597259521484375
C:\Users\jagan\OneDrive\Documents\TRON\Dataset\PlantVillage\Tomato__Tomato_YellowLeaf__Curl_Virus\0273f811-11bf-4fc3-b8b1-fe33ac4b3692___UF.GRC_YLCV_Lab 03226.JPG,Tomato__Tomato_YellowLeaf__Curl_Virus,0.0071258544921875,0.0,107.2905044555664,0.5367431640625,0.005584716796875,0.0,105.52883911132812,0.55120849609375,0.0037689208984375,0.0,109.37714385986328,0.545257568359375,0.0,0.0,0.0,0.563690185546875
C:\Users\jagan\OneDrive\Documents\TRON\Dataset\PlantVillage\Tomato__Tomato_YellowLeaf__Curl_Virus\029bc326-4217-4f91-840f-1f006ef59753___YLCV_GCREC 2326.JPG,Tomato__Tomato_YellowLeaf__Curl_Virus,0.0,0.0,0.0,0.558563232421875,0.0,0.0,0.0,0.561187744140625,0.0,0.0,0.0,0.5640869140625,0.0,0.0,0.0,0.5673980712890625
C:\Users\jagan\OneDrive\Documents\TRON\Dataset\PlantVillage\Tomato__Tomato_YellowLeaf__Curl_Virus\029fb65e-a006-4a5d-8ee1-9f848e1f0eef___UF.GRC_YLCV_Lab 03243.JPG,Tomato__Tomato_YellowLeaf__Curl_Virus,0.0171051025390625,0.0,43.52265167236328,0.498809814453125,0.0171051025390625,0.0,43.52265167236328,0.507720947265625,0.0171051025390625,0.0,43.52265167236328,0.5006866455078125,0.0171051025390625,0.0,43.52265167236328,0.5099029541015625
C:\Users\jagan\OneDrive\Documents\TRON\Dataset\PlantVillage\Tomato__Tomato_YellowLeaf__Curl_Virus\02cb40d6-550a-42fb-99ce-247e4406a322___UF.GRC_YLCV_Lab 02991.JPG,Tomato__Tomato_YellowLeaf__Curl_Virus,0.1233367919921875,0.0,15.873165130615234,0.46002197265625,0.12322998046875,0.0,15.869013786315918,0.460418701171875,0.1215972900390625,0.0,15.969820976257324,0.4617156982421875,0.1210479736328125,0.0,15.961419105529785,0.462554931640625
C:\Users\jagan\OneDrive\Documents\TRON\Dataset\PlantVillage\Tomato__Tomato_YellowLeaf__Curl_Virus\02cee277-e491-468a-8ffc-f64227d33b4c___YLCV_GCREC 2197.JPG,Tomato__Tomato_YellowLeaf__Curl_Virus,0.004150390625,0.004150390625,1280.5450439453125,0.5502777099609375,0.0040130615234375,0.0040130615234375,1266.0294189453125,0.561767578125,0.0,0.0,0.0,0.5567779541015625,0.0,0.0,0.0,0.5684661865234375
C:\Users\jagan\OneDrive\Documents\TRON\Dataset\PlantVillage\Tomato__Tomato_YellowLeaf__Curl_Virus\02d5be6b-eafd-4063-9ba5-4a01901bce82___UF.GRC_YLCV_Lab 03004.JPG,Tomato__Tomato_YellowLeaf__Curl_Virus,0.0034637451171875,0.0,70.90535736083984,0.4469757080078125,0.0034637451171875,0.0,70.90535736083984,0.447540283203125,0.0034637451171875,0.0,70.90535736083984,0.447174072265625,0.0034637451171875,0.0,70.90535736083984,0.44781494140625
C:\Users\jagan\OneDrive\Documents\TRON\Dataset\PlantVillage\Tomato__Tomato_YellowLeaf__Curl_Virus\02dec71c-6051-4b2c-8a08-24efbe306766___YLCV_GCREC 5340.JPG,Tomato__Tomato_YellowLeaf__Curl_Virus,0.0480804443359375,0.0,113.77308654785156,0.3885498046875,0.0427093505859375,0.0,110.69207763671875,0.4184112548828125,0.0426025390625,0.0,114.92424774169922,0.3986663818359375,0.0405120849609375,0.0,112.34616088867188,0.4231414794921875
C:\Users\jagan\OneDrive\Documents\TRON\Dataset\PlantVillage\Tomato__Tomato_YellowLeaf__Curl_Virus\02dfcd5a-d665-4d4a-a12d-c64682647190___UF.GRC_YLCV_Lab 01991.JPG,Tomato__Tomato_YellowLeaf__Curl_Virus,0.0061492919921875,0.0,204.0460205078125,0.5086212158203125,0.006103515625,0.0,204.64759826660156,0.5142059326171875,0.0059051513671875,0.0,210.07461547851562,0.5093841552734375,0.005859375,0.0,210.837158203125,0.5149078369140625
C:\Users\jagan\OneDrive\Documents\TRON\Dataset\PlantVillage\Tomato__Tomato_YellowLeaf__Curl_Virus\03028d07-fabb-4524-af78-8919980ed2ac___UF.GRC_YLCV_Lab 03170.JPG,Tomato__Tomato_YellowLeaf__Curl_Virus,0.0,0.0,0.0,0.567657470703125,0.0,0.0,0.0,0.5743560791015625,0.0,0.0,0.0,0.5679168701171875,0.0,0.0,0.0,0.5745849609375
C:\Users\jagan\OneDrive\Documents\TRON\Dataset\PlantVillage\Tomato__Tomato_YellowLeaf__Curl_Virus\032d18ff-d9a6-4e7a-b99a-4bd8e45abe66___YLCV_GCREC 2705.JPG,Tomato__Tomato_YellowLeaf__Curl_Virus,0.0,0.0,0.0,0.5074920654296875,0.0,0.0,0.0,0.5176544189453125,0.0,0.0,0.0,0.51373291015625,0.0,0.0,0.0,0.5234832763671875
C:\Users\jagan\OneDrive\Documents\TRON\Dataset\PlantVillage\Tomato__Tomato_YellowLeaf__Curl_Virus\034a033b-6c59-4a45-a159-291561c711be___UF.GRC_YLCV_Lab 01627.JPG,Tomato__Tomato_YellowLeaf__Curl_Virus,0.0487213134765625,0.0,101.90614318847656,0.432342529296875,0.0487213134765625,0.0,101.90614318847656,0.4414215087890625,0.0487213134765625,0.0,101.90614318847656,0.4387664794921875,0.0487213134765625,0.0,101.90614318847656,0.4479522705078125
C:\Users\jagan\OneDrive\Documents\TRON\Dataset\PlantVillage\Tomato__Tomato_YellowLeaf__Curl_Virus\036662aa-5a39-4e1a-adc7-32017654d0ef___YLCV_GCREC 2463.JPG,Tomato__Tomato_YellowLeaf__Curl_Virus,0.005218505859375,0.005218505859375,780.553466796875,0.5033111572265625,0.00372314453125,0.00372314453125,941.3794555664062,0.523406982421875,0.0,0.0,0.0,0.508941650390625,0.0,0.0,0.0,0.5294342041015625
C:\Users\jagan\OneDrive\Documents\TRON\Dataset\PlantVillage\Tomato__Tomato_YellowLeaf__Curl_Virus\036ebe7a-a3e5-41cc-9938-1c20a444b6da___UF.GRC_YLCV_Lab 02685.JPG,Tomato__Tomato_YellowLeaf__Curl_Virus,0.0,0.0,0.0,0.558013916015625,0.0,0.0,0.0,0.5629119873046875,0.0,0.0,0.0,0.557891845703125,0.0,0.0,0.0,0.5627288818359375
C:\Users\jagan\OneDrive\Documents\TRON\Dataset\PlantVillage\Tomato__Tomato_YellowLeaf__Curl_Virus\0383249b-008c-4e0b-b8ee-7eae08be99d3___YLCV_GCREC 2722.JPG,Tomato__Tomato_YellowLeaf__Curl_Virus,0.0079498291015625,0.0,26.767539978027344,0.5077362060546875,0.0089569091796875,0.0,26.74419403076172,0.5178375244140625,0.007904052734375,0.0,26.795133590698242,0.5081024169921875,0.0090484619140625,0.0,27.41836166381836,0.5183563232421875
C:\Users\jagan\OneDrive\Documents\TRON\Dataset\PlantVillage\Tomato__Tomato_YellowLeaf__Curl_Virus\038d757b-d3ae-497b-9a96-00a1d60a8a20___UF.GRC_YLCV_Lab 01358.JPG,Tomato__Tomato_YellowLeaf__Curl_Virus,0.0072174072265625,0.0,57.2485466003418,0.611358642578125,0.0051116943359375,0.0,31.65920066833496,0.637908935546875,0.00701904296875,0.0,54.13771057128906,0.6127777099609375,0.0051116943359375,0.0,31.65920066833496,0.6395111083984375
C:\Users\jagan\OneDrive\Documents\TRON\Dataset\PlantVillage\Tomato__Tomato_YellowLeaf__Curl_Virus\03b15a5f-1b74-42a1-866a-1c6feb171121___UF.GRC_YLCV_Lab 02358.JPG,Tomato__Tomato_YellowLeaf__Curl_Virus,0.003631591796875,0.003631591796875,446.5930480957031,0.4527587890625,0.003631591796875,0.003631591796875,446.5930480957031,0.4572601318359375,0.003509521484375,0.003509521484375,418.7818603515625,0.4527435302734375,0.003509521484375,0.003509521484375,418.7818603515625,0.457366943359375
C:\Users\jagan\OneDrive\Documents\TRON\Dataset\PlantVillage\Tomato__Tomato_YellowLeaf__Curl_Virus\03bbea43-5a47-4c6a-b036-9a29152c8f09___UF.GRC_YLCV_Lab 01900.JPG,Tomato__Tomato_YellowLeaf__Curl_Virus,0.078094482421875,0.0,65.19608306884766,0.5693817138671875,0.061981201171875,0.0,62.86274337768555,0.5856781005859375,0.078094482421875,0.0,65.19608306884766,0.5694122314453125,0.0619659423828125,0.0,62.85429000854492,0.585723876953125
C:\Users\jagan\OneDrive\Documents\TRON\Dataset\PlantVillage\Tomato__Tomato_YellowLeaf__Curl_Virus\03d6f96a-c309-4f34-94a3-6d6c3064eaf5___YLCV_GCREC 2841.JPG,Tomato__Tomato_YellowLeaf__Curl_Virus,0.0043487548828125,0.0043487548828125,584.981689453125,0.501861572265625,0.0047454833984375,0.0047454833984375,636.0006103515625,0.5152587890625,0.0,0.0,0.0,0.505279541015625,0.0,0.0,0.0,0.5187835693359375
C:\Users\jagan\OneDrive\Documents\TRON\Dataset\PlantVillage\Tomato__Tomato_YellowLeaf__Curl_Virus\03fa456e-aa89-409f-a18c-42566f4b2882___UF.GRC_YLCV_Lab 01528.JPG,Tomato__Tomato_YellowLeaf__Curl_Virus,0.050079345703125,0.0,54.03893280029297,0.423370361328125,0.049896240234375,0.0,53.94773483276367,0.42425537109375,0.0499725341796875,0.0,54.0823860168457,0.4234466552734375,0.049896240234375,0.0,54.05061340332031,0.4242095947265625
C:\Users\jagan\OneDrive\Documents\TRON\Dataset\PlantVillage\Tomato__Tomato_YellowLeaf__Curl_Virus\0413b5b7-7e05-42ff-b2c6-385edce2dc1a___UF.GRC_YLCV_Lab 02756.JPG,Tomato__Tomato_YellowLeaf__Curl_Virus,0.0051116943359375,0.0,44.09994125366211,0.4624176025390625,0.002777099609375,0.0,37.83999252319336,0.47796630859375,0.0051116943359375,0.0,44.09994125366211,0.463653564453125,0.0034637451171875,0.0,40.2371940612793,0.479248046875
C:\Users\jagan\OneDrive\Documents\TRON\Dataset\PlantVillage\Tomato__Tomato_YellowLeaf__Curl_Virus\042b346a-35b3-4c4c-986c-658f77a2c82c___UF.GRC_YLCV_Lab 01565.JPG,Tomato__Tomato_YellowLeaf__Curl_Virus,0.0055999755859375,0.0,23.58014488220215,0.469146728515625,0.0055999755859375,0.0,23.204402923583984,0.4772796630859375,0.005126953125,0.0,23.964250564575195,0.4740142822265625,0.005035400390625,0.0,24.029054641723633,0.4810028076171875
C:\Users\jagan\OneDrive\Documents\TRON\Dataset\PlantVillage\Tomato__Tomato_YellowLeaf__Curl_Virus\044f29c7-99d9-48b7-9046-dcf99b11e69c___YLCV_GCREC 5137.JPG,Tomato__Tomato_YellowLeaf__Curl_Virus,0.0,0.0,0.0,0.6065826416015625,0.0,0.0,0.0,0.623291015625,0.0,0.0,0.0,0.60833740234375,0.0,0.0,0.0,0.6240386962890625
C:\Users\jagan\OneDrive\Documents\TRON\Dataset\PlantVillage\Tomato__Tomato_YellowLeaf__Curl_Virus\0464962a-0f2c-45bc-855a-06bfe656577a___UF.GRC_YLCV_Lab 01858.JPG,Tomato__Tomato_YellowLeaf__Curl_Virus,0.0028076171875,0.0,29.99574851989746,0.5137939453125,0.00225830078125,0.0,145.09765625,0.520416259765625,0.0028076171875,0.0,29.99574851989746,0.513916015625,0.0021820068359375,0.0,148.51541137695312,0.52032470703125
C:\Users\jagan\OneDrive\Documents\TRON\Dataset\PlantVillage\Tomato__Tomato_YellowLeaf__Curl_Virus\04a2f285-b805-4c90-853a-3ee683becb85___UF.GRC_YLCV_Lab 02040.JPG,Tomato__Tomato_YellowLeaf__Curl_Virus,0.0020599365234375,0.0020599365234375,314.257568359375,0.4048919677734375,0.0020599365234375,0.0020599365234375,314.257568359375,0.4056396484375,0.0,0.0,0.0,0.4051971435546875,0.0,0.0,0.0,0.406005859375
C:\Users\jagan\OneDrive\Documents\TRON\Dataset\PlantVillage\Tomato__Tomato_YellowLeaf__Curl_Virus\04e0bd12-ec63-432a-9b4a-23e23bb6d2be___YLCV_GCREC 2208.JPG,Tomato__Tomato_YellowLeaf__Curl_Virus,0.0045166015625,0.0,223.22012329101562,0.57373046875,0.0029144287109375,0.0,180.6337127685547,0.5876922607421875,0.0025787353515625,0.0,185.2831573486328,0.5793609619140625,0.0033721923828125,0.0,174.1414031982422,0.5966033935546875
C:\Users\jagan\OneDrive\Documents\TRON\Dataset\PlantVillage\Tomato__Tomato_mosaic_virus\01b32f27-2b9b-4961-805b-8066bf4d90f1___PSU_CG 2417.JPG,Tomato__Tomato_mosaic_virus,0.0,0.0,0.0,0.329925537109375,0.0,0.0,0.0,0.33721923828125,0.0,0.0,0.0,0.3414459228515625,0.0,0.0,0.0,0.3492584228515625
C:\Users\jagan\OneDrive\Documents\TRON\Dataset\PlantVillage\Tomato__Tomato_mosaic_virus\021accd9-bbb2-4777-8f94-93295e6de49e___PSU_CG 2075.JPG,Tomato__Tomato_mosaic_virus,0.0,0.0,0.0,0.293975830078125,0.0,0.0,0.0,0.2963104248046875,0.0,0.0,0.0,0.2938385009765625,0.0,0.0,0.0,0.2960357666015625
C:\Users\jagan\OneDrive\Documents\TRON\Dataset\PlantVillage\Tomato__Tomato_mosaic_virus\02cb8c4e-4542-4020-bb46-025de54d97ae___PSU_CG 2098.JPG,Tomato__Tomato_mosaic_virus,0.0,0.0,0.0,0.349365234375,0.0,0.0,0.0,0.35260009765625,0.0,0.0,0.0,0.349578857421875,0.0,0.0,0.0,0.35284423828125
C:\Users\jagan\OneDrive\Documents\TRON\Dataset\PlantVillage\Tomato__Tomato_mosaic_virus\03b6acc7-41a6-4670-b47c-bef6d4baea18___PSU_CG 2363.JPG,Tomato__Tomato_mosaic_virus,0.0,0.0,0.0,0.3202362060546875,0.0,0.0,0.0,0.3236846923828125,0.0,0.0,0.0,0.321807861328125,0.0,0.0,0.0,0.3255615234375
C:\Users\jagan\OneDrive\Documents\TRON\Dataset\PlantVillage\Tomato__Tomato_mosaic_virus\046a2559-23b4-4018-a3db-337347ceb391___PSU_CG 2321.JPG,Tomato__Tomato_mosaic_virus,0.0,0.0,0.0,0.3842315673828125,0.0,0.0,0.0,0.398468017578125,0.0,0.0,0.0,0.3876495361328125,0.0,0.0,0.0,0.40106201171875
C:\Users\jagan\OneDrive\Documents\TRON\Dataset\PlantVillage\Tomato__Tomato_mosaic_virus\09910ece-e505-4e19-ae9b-0d9e2eaa2cb1___PSU_CG 2047.JPG,Tomato__Tomato_mosaic_virus,0.0,0.0,0.0,0.3117523193359375,0.0,0.0,0.0,0.3231964111328125,0.0,0.0,0.0,0.31646728515625,0.0,0.0,0.0,0.3247528076171875
C:\Users\jagan\OneDrive\Documents\TRON\Dataset\PlantVillage\Tomato__Tomato_mosaic_virus\0b5e2269-7b37-43ac-9a96-c62b9bba2383___PSU_CG 2243.JPG,Tomato__Tomato_mosaic_virus,0.0,0.0,0.0,0.371795654296875,0.0,0.0,0.0,0.376861572265625,0.0,0.0,0.0,0.375244140625,0.0,0.0,0.0,0.380462646484375
C:\Users\jagan\OneDrive\Documents\TRON\Dataset\PlantVillage\Tomato__Tomato_mosaic_virus\0befa341-0db3-49f4-b4fc-beeb05854bff___PSU_CG 2338.JPG,Tomato__Tomato_mosaic_virus,0.0,0.0,0.0,0.3825225830078125,0.0,0.0,0.0,0.390045166015625,0.0,0.0,0.0,0.383880615234375,0.0,0.0,0.0,0.3912353515625
C:\Users\jagan\OneDrive\Documents\TRON\Dataset\PlantVillage\Tomato__Tomato_mosaic_virus\0bf3eb4c-e2cd-4e72-8834-4fc045bd67ae___PSU_CG 2414.JPG,Tomato__Tomato_mosaic_virus,0.0,0.0,0.0,0.261566162109375,0.0,0.0,0.0,0.2667083740234375,0.0,0.0,0.0,0.2661895751953125,0.0,0.0,0.0,0.2715606689453125
C:\Users\jagan\OneDrive\Documents\TRON\Dataset\PlantVillage\Tomato__Tomato_mosaic_virus\0c779116-043c-4715-b080-16be2e8d2552___PSU_CG 2285.JPG,Tomato__Tomato_mosaic_virus,0.0,0.0,0.0,0.3647918701171875,0.0,0.0,0.0,0.3686065673828125,0.0,0.0,0.0,0.366363525390625,0.0,0.0,0.0,0.3700714111328125
C:\Users\jagan\OneDrive\Documents\TRON\Dataset\PlantVillage\Tomato__Tomato_mosaic_virus\0ce34f26-3bd6-420e-ba31-0373b465f267___PSU_CG 2099.JPG,Tomato__Tomato_mosaic_virus,0.0,0.0,0.0,0.2923583984375,0.0,0.0,0.0,0.29437255859375,0.0,0.0,0.0,0.293243408203125,0.0,0.0,0.0,0.2950897216796875
C:\Users\jagan\OneDrive\Documents\TRON\Dataset\PlantVillage\Tomato__Tomato_mosaic_virus\0dae2780-43e7-40ac-ae45-95e5318c8f32___PSU_CG 2290.JPG,Tomato__Tomato_mosaic_virus,0.0,0.0,0.0,0.3970489501953125,0.0,0.0,0.0,0.4027862548828125,0.0,0.0,0.0,0.3988037109375,0.0,0.0,0.0,0.4047088623046875
C:\Users\jagan\OneDrive\Documents\TRON\Dataset\PlantVillage\Tomato__Tomato_mosaic_virus\0fcf9c2a-5c8c-4f37-aa43-6fd41d5e5442___PSU_CG 2055.JPG,Tomato__Tomato_mosaic_virus,0.0,0.0,0.0,0.3535308837890625,0.0,0.0,0.0,0.3667755126953125,0.0,0.0,0.0,0.35662841796875,0.0,0.0,0.0,0.3693695068359375
C:\Users\jagan\OneDrive\Documents\TRON\Dataset\PlantVillage\Tomato__Tomato_mosaic_virus\0fefaaee-79e4-45a6-8606-5a4ab1ea43a2___PSU_CG 2398.JPG,Tomato__Tomato_mosaic_virus,0.0,0.0,0.0,0.2991485595703125,0.0,0.0,0.0,0.3072052001953125,0.0,0.0,0.0,0.3031158447265625,0.0,0.0,0.0,0.310302734375
C:\Users\jagan\OneDrive\Documents\TRON\Dataset\PlantVillage\Tomato__Tomato_mosaic_virus\119554ae-c777-46da-abb7-591404fdc65f___PSU_CG 2393.JPG,Tomato__Tomato_mosaic_virus,0.0,0.0,0.0,0.32098388671875,0.0,0.0,0.0,0.3270721435546875,0.0,0.0,0.0,0.3235931396484375,0.0,0.0,0.0,0.330291748046875
C:\Users\jagan\OneDrive\Documents\TRON\Dataset\PlantVillage\Tomato__Tomato_mosaic_virus\12f82f12-23f5-4edc-82d7-8bc3ee6f4848___PSU_CG 2373.JPG,Tomato__Tomato_mosaic_virus,0.0,0.0,0.0,0.280059814453125,0.0,0.0,0.0,0.2822113037109375,0.0,0.0,0.0,0.281097412109375,0.0,0.0,0.0,0.283355712890625
C:\Users\jagan\OneDrive\Documents\TRON\Dataset\PlantVillage\Tomato__Tomato_mosaic_virus\1349c403-c930-42be-9bfd-39a099c66f4a___PSU_CG 2328.JPG,Tomato__Tomato_mosaic_virus,0.0,0.0,0.0,0.3896636962890625,0.0,0.0,0.0,0.394866943359375,0.0,0.0,0.0,0.39105224609375,0.0,0.0,0.0,0.395965576171875
C:\Users\jagan\OneDrive\Documents\TRON\Dataset\PlantVillage\Tomato__Tomato_mosaic_virus\14112644-0ec3-465b-af00-ac2286d8e15f___PSU_CG 2344.JPG,Tomato__Tomato_mosaic_virus,0.0,0.0,0.0,0.3946380615234375,0.0,0.0,0.0,0.4025421142578125,0.0,0.0,0.0,0.397125244140625,0.0,0.0,0.0,0.403656005859375
C:\Users\jagan\OneDrive\Documents\TRON\Dataset\PlantVillage\Tomato__Tomato_mosaic_virus\146eaf68-7f61-4717-ac81-2f8bb4533fec___PSU_CG 2406.JPG,Tomato__Tomato_mosaic_virus,0.0,0.0,0.0,0.361968994140625,0.0,0.0,0.0,0.3739013671875,0.0,0.0,0.0,0.3676605224609375,0.0,0.0,0.0,0.378997802734375
C:\Users\jagan\OneDrive\Documents\TRON\Dataset\PlantVillage\Tomato__Tomato_mosaic_virus\14c21616-aa9e-4d85-8aff-bdf7f4cf3720___PSU_CG 2079.JPG,Tomato__Tomato_mosaic_virus,0.0,0.0,0.0,0.2832183837890625,0.0,0.0,0.0,0.2857666015625,0.0,0.0,0.0,0.2848052978515625,0.0,0.0,0.0,0.2879638671875
C:\Users\jagan\OneDrive\Documents\TRON\Dataset\PlantVillage\Tomato__Tomato_mosaic_virus\1588e951-b57d-47a2-8371-7be3a45fd2cc___PSU_CG 2121.JPG,Tomato__Tomato_mosaic_virus,0.0,0.0,0.0,0.2891998291015625,0.0,0.0,0.0,0.29791259765625,0.0,0.0,0.0,0.2915191650390625,0.0,0.0,0.0,0.300079345703125
C:\Users\jagan\OneDrive\Documents\TRON\Dataset\PlantVillage\Tomato__Tomato_mosaic_virus\176ff795-1f59-4248-8374-bf5a88187934___PSU_CG 2160.JPG,Tomato__Tomato_mosaic_virus,0.0,0.0,0.0,0.3813323974609375,0.0,0.0,0.0,0.390106201171875,0.0,0.0,0.0,0.382415771484375,0.0,0.0,0.0,0.3907470703125
C:\Users\jagan\OneDrive\Documents\TRON\Dataset\PlantVillage\Tomato__Tomato_mosaic_virus\17964172-e35d-45c6-8273-ae73dfab0cb3___PSU_CG 2074.JPG,Tomato__Tomato_mosaic_virus,0.0,0.0,0.0,0.3862152099609375,0.0,0.0,0.0,0.3936767578125,0.0,0.0,0.0,0.3871307373046875,0.0,0.0,0.0,0.3946380615234375
C:\Users\jagan\OneDrive\Documents\TRON\Dataset\PlantVillage\Tomato__Tomato_mosaic_virus\186fd47c-c1a7-4384-b619-dc3c0c0e9d4b___PSU_CG 2203.JPG,Tomato__Tomato_mosaic_virus,0.0,0.0,0.0,0.351654052734375,0.0,0.0,0.0,0.357208251953125,0.0,0.0,0.0,0.3533935546875,0.0,0.0,0.0,0.3589935302734375
C:\Users\jagan\OneDrive\Documents\TRON\Dataset\PlantVillage\Tomato__Tomato_mosaic_virus\1ae794c7-287b-4a16-9cff-2fa11545eb00___PSU_CG 2102.JPG,Tomato__Tomato_mosaic_virus,0.0,0.0,0.0,0.2441558837890625,0.0,0.0,0.0,0.2454071044921875,0.0,0.0,0.0,0.24530029296875,0.0,0.0,0.0,0.2465362548828125
C:\Users\jagan\OneDrive\Documents\TRON\Dataset\PlantVillage\Tomato__Tomato_mosaic_virus\1b9dc07a-40ab-45bc-a873-1ad4212e35a3___PSU_CG 2289.JPG,Tomato__Tomato_mosaic_virus,0.0,0.0,0.0,0.451263427734375,0.0,0.0,0.0,0.46746826171875,0.0,0.0,0.0,0.453338623046875,0.0,0.0,0.0,0.4705047607421875
C:\Users\jagan\OneDrive\Documents\TRON\Dataset\PlantVillage\Tomato__Tomato_mosaic_virus\1ccfd473-6b3d-47a9-897b-0653d7683d75___PSU_CG 2163.JPG,Tomato__Tomato_mosaic_virus,0.0,0.0,0.0,0.428497314453125,0.0,0.0,0.0,0.4441375732421875,0.0,0.0,0.0,0.43121337890625,0.0,0.0,0.0,0.446685791015625
C:\Users\jagan\OneDrive\Documents\TRON\Dataset\PlantVillage\Tomato__Tomato_mosaic_virus\1cee26b4-0ba1-4371-8c7e-c641e6ca311d___PSU_CG 2283.JPG,Tomato__Tomato_mosaic_virus,0.0,0.0,0.0,0.4422760009765625,0.0,0.0,0.0,0.4512939453125,0.0,0.0,0.0,0.4481048583984375,0.0,0.0,0.0,0.458465576171875
C:\Users\jagan\OneDrive\Documents\TRON\Dataset\PlantVillage\Tomato__Tomato_mosaic_virus\1d89d788-438c-4cee-9403-6fd8ac9863de___PSU_CG 2254.JPG,Tomato__Tomato_mosaic_virus,0.0033111572265625,0.0033111572265625,5976.98388671875,0.2700347900390625,0.0033111572265625,0.0033111572265625,5976.98388671875,0.2740631103515625,0.0,0.0,0.0,0.2774658203125,0.0,0.0,0.0,0.2824554443359375
C:\Users\jagan\OneDrive\Documents\TRON\Dataset\PlantVillage\Tomato__Tomato_mosaic_virus\1f675039-385d-4438-b157-db0c95673580___PSU_CG 2100.JPG,Tomato__Tomato_mosaic_virus,0.0,0.0,0.0,0.30438232421875,0.0,0.0,0.0,0.306640625,0.0,0.0,0.0,0.3057861328125,0.0,0.0,0.0,0.3078460693359375
C:\Users\jagan\OneDrive\Documents\TRON\Dataset\PlantVillage\Tomato__Tomato_mosaic_virus\20ea80e7-dcdc-4df4-80b0-1c6750effed4___PSU_CG 2281.JPG,Tomato__Tomato_mosaic_virus,0.0,0.0,0.0,0.27679443359375,0.0,0.0,0.0,0.282073974609375,0.0,0.0,0.0,0.2801361083984375,0.0,0.0,0.0,0.2859344482421875
C:\Users\jagan\OneDrive\Documents\TRON\Dataset\PlantVillage\Tomato__Tomato_mosaic_virus\21fe0741-4ff6-4f8f-8969-6b8bdeea58fa___PSU_CG 2278.JPG,Tomato__Tomato_mosaic_virus,0.0,0.0,0.0,0.3402862548828125,0.0,0.0,0.0,0.3506011962890625,0.0,0.0,0.0,0.34466552734375,0.0,0.0,0.0,0.3540191650390625
C:\Users\jagan\OneDrive\Documents\TRON\Dataset\PlantVillage\Tomato__Tomato_mosaic_virus\227c893f-5a46-4df3-859d-ba3a74e4cb82___PSU_CG 2277.JPG,Tomato__Tomato_mosaic_virus,0.0,0.0,0.0,0.459259033203125,0.0,0.0,0.0,0.474151611328125,0.0,0.0,0.0,0.4633331298828125,0.0,0.0,0.0,0.47784423828125
C:\Users\jagan\OneDrive\Documents\TRON\Dataset\PlantVillage\Tomato__Tomato_mosaic_virus\22a98961-90fb-4ff5-a6db-6313fa61f74b___PSU_CG 2125.JPG,Tomato__Tomato_mosaic_virus,0.0,0.0,0.0,0.4208984375,0.0,0.0,0.0,0.432830810546875,0.0,0.0,0.0,0.424285888671875,0.0,0.0,0.0,0.436737060546875
C:\Users\jagan\OneDrive\Documents\TRON\Dataset\PlantVillage\Tomato__Tomato_mosaic_virus\23987cfe-9866-46ce-b4ec-49ad82ede267___PSU_CG 2224.JPG,Tomato__Tomato_mosaic_virus,0.0063323974609375,0.0063323974609375,573.5087890625,0.374298095703125,0.0063323974609375,0.0063323974609375,573.5087890625,0.3821258544921875,0.0063323974609375,0.0063323974609375,573.5087890625,0.3762969970703125,0.0063323974609375,0.0063323974609375,573.5087890625,0.3838043212890625
C:\Users\jagan\OneDrive\Documents\TRON\Dataset\PlantVillage\Tomato__Tomato_mosaic_virus\2474f9d1-c3b6-4ec6-bb65-b5d1dd7021dc___PSU_CG 2201.JPG,Tomato__Tomato_mosaic_virus,0.0,0.0,0.0,0.350067138671875,0.0,0.0,0.0,0.3541412353515625,0.0,0.0,0.0,0.35198974609375,0.0,0.0,0.0,0.3562774658203125
C:\Users\jagan\OneDrive\Documents\TRON\Dataset\PlantVillage\Tomato__Tomato_mosaic_virus\2480c7f8-eb75-4606-bf92-24f09ac52a37___PSU_CG 2380.JPG,Tomato__Tomato_mosaic_virus,0.0,0.0,0.0,0.309844970703125,0.0,0.0,0.0,0.3119659423828125,0.0,0.0,0.0,0.3168487548828125,0.0,0.0,0.0,0.3193817138671875
C:\Users\jagan\OneDrive\Documents\TRON\Dataset\PlantVillage\Tomato__Tomato_mosaic_virus\25857136-3515-4433-8129-c26f91e94cbe___PSU_CG 2233.JPG,Tomato__Tomato_mosaic_virus,0.0,0.0,0.0,0.3594207763671875,0.0,0.0,0.0,0.3690338134765625,0.0,0.0,0.0,0.3665618896484375,0.0,0.0,0.0,0.380340576171875
C:\Users\jagan\OneDrive\Documents\TRON\Dataset\PlantVillage\Tomato__Tomato_mosaic_virus\263f99b9-9604-42c3-9a7f-687973b8dc79___PSU_CG 2280.JPG,Tomato__Tomato_mosaic_virus,0.0,0.0,0.0,0.392333984375,0.0,0.0,0.0,0.40008544921875,0.0,0.0,0.0,0.395782470703125,0.0,0.0,0.0,0.40283203125
C:\Users\jagan\OneDrive\Documents\TRON\Dataset\PlantVillage\Tomato__Tomato_mosaic_virus\27000177-5a1d-4539-b78d-07a6f9a38089___PSU_CG 2168.JPG,Tomato__Tomato_mosaic_virus,0.007537841796875,0.007537841796875,1226.8582763671875,0.277313232421875,0.007537841796875,0.007537841796875,1226.8582763671875,0.28167724609375,0.007537841796875,0.007537841796875,1226.8582763671875,0.2810821533203125,0.007537841796875,0.007537841796875,1226.8582763671875,0.2859954833984375
C:\Users\jagan\OneDrive\Documents\TRON\Dataset\PlantVillage\Tomato_healthy\0031da2a-8edd-468f-a8b1-106657717a32___RS_HL 0105.JPG,Tomato_healthy,0.0,0.0,0.0,0.5772552490234375,0.0,0.0,0.0,0.6049041748046875,0.0,0.0,0.0,0.582550048828125,0.0,0.0,0.0,0.6082611083984375
C:\Users\jagan\OneDrive\Documents\TRON\Dataset\PlantVillage\Tomato_healthy\003944fc-3b99-4a0f-9ed4-0e07352fd8b3___RS_HL 9844.JPG,Tomato_healthy,0.0,0.0,0.0,0.540283203125,0.0,0.0,0.0,0.5562591552734375,0.0,0.0,0.0,0.5453948974609375,0.0,0.0,0.0,0.560211181640625
C:\Users\jagan\OneDrive\Documents\TRON\Dataset\PlantVillage\Tomato_healthy\00bce074-967b-4d50-967a-31fdaa35e688___RS_HL 0223.JPG,Tomato_healthy,0.0,0.0,0.0,0.6128692626953125,0.0,0.0,0.0,0.62841796875,0.0,0.0,0.0,0.6170654296875,0.0,0.0,0.0,0.6316986083984375
C:\Users\jagan\OneDrive\Documents\TRON\Dataset\PlantVillage\Tomato_healthy\017a4026-813a-4983-887a-4052bb78c397___RS_HL 0218.JPG,Tomato_healthy,0.0,0.0,0.0,0.603515625,0.0,0.0,0.0,0.6228790283203125,0.0,0.0,0.0,0.60589599609375,0.0,0.0,0.0,0.6248321533203125
C:\Users\jagan\OneDrive\Documents\TRON\Dataset\PlantVillage\Tomato_healthy\01c1da17-8d9f-4d69-8a1e-58d37453d3c3___RS_HL 9641.JPG,Tomato_healthy,0.0,0.0,0.0,0.4475250244140625,0.0,0.0,0.0,0.4561767578125,0.0,0.0,0.0,0.4488372802734375,0.0,0.0,0.0,0.4572296142578125
C:\Users\jagan\OneDrive\Documents\TRON\Dataset\PlantVillage\Tomato_healthy\02b4afdf-e1de-4c0e-a38d-3f19afeb9ea9___RS_HL 0493.JPG,Tomato_healthy,0.0,0.0,0.0,0.5293426513671875,0.0,0.0,0.0,0.54400634765625,0.0,0.0,0.0,0.533660888671875,0.0,0.0,0.0,0.5454254150390625
C:\Users\jagan\OneDrive\Documents\TRON\Dataset\PlantVillage\Tomato_healthy\0326b4b6-0f25-47af-bfd9-d8fec314a4f5___RS_HL 0621.JPG,Tomato_healthy,0.0,0.0,0.0,0.5245361328125,0.0,0.0,0.0,0.5371246337890625,0.0,0.0,0.0,0.526458740234375,0.0,0.0,0.0,0.5397186279296875
C:\Users\jagan\OneDrive\Documents\TRON\Dataset\PlantVillage\Tomato_healthy\03bc8804-bc25-4930-b9bf-35c35920dc3f___RS_HL 9940.JPG,Tomato_healthy,0.0,0.0,0.0,0.560577392578125,0.0,0.0,0.0,0.5796356201171875,0.0,0.0,0.0,0.5630035400390625,0.0,0.0,0.0,0.581756591796875
C:\Users\jagan\OneDrive\Documents\TRON\Dataset\PlantVillage\Tomato_healthy\04141939-3a8c-47b2-a582-e8371ccc120f___RS_HL 0275.JPG,Tomato_healthy,0.0,0.0,0.0,0.57403564453125,0.0,0.0,0.0,0.5859375,0.0,0.0,0.0,0.57861328125,0.0,0.0,0.0,0.5905609130859375
C:\Users\jagan\OneDrive\Documents\TRON\Dataset\PlantVillage\Tomato_healthy\042d59c2-2fd8-45c2-91bb-c0a05dd07f30___RS_HL 0257.JPG,Tomato_healthy,0.0,0.0,0.0,0.4562530517578125,0.0,0.0,0.0,0.4678955078125,0.0,0.0,0.0,0.464630126953125,0.0,0.0,0.0,0.475860595703125
C:\Users\jagan\OneDrive\Documents\TRON\Dataset\PlantVillage\Tomato_healthy\04c78dad-c1eb-4a1b-bfeb-da4c7cc528e1___RS_HL 9688.JPG,Tomato_healthy,0.0,0.0,0.0,0.5529937744140625,0.0,0.0,0.0,0.563995361328125,0.0,0.0,0.0,0.5553741455078125,0.0,0.0,0.0,0.5662689208984375
C:\Users\jagan\OneDrive\Documents\TRON\Dataset\PlantVillage\Tomato_healthy\04dec2d5-560b-4f34-a4a1-36b034031e4d___RS_HL 0516.JPG,Tomato_healthy,0.0,0.0,0.0,0.62969970703125,0.0,0.0,0.0,0.6441192626953125,0.0,0.0,0.0,0.63397216796875,0.0,0.0,0.0,0.647705078125
C:\Users\jagan\OneDrive\Documents\TRON\Dataset\PlantVillage\Tomato_healthy\06040967-7b02-43b5-a3fc-4490a9a7ded6___RS_HL 0508.JPG,Tomato_healthy,0.0,0.0,0.0,0.50885009765625,0.0,0.0,0.0,0.52740478515625,0.0,0.0,0.0,0.52276611328125,0.0,0.0,0.0,0.5377044677734375
C:\Users\jagan\OneDrive\Documents\TRON\Dataset\PlantVillage\Tomato_healthy\061bd6f1-8532-4bc8-977d-bc48ffab4ac3___RS_HL 0476.JPG,Tomato_healthy,0.0,0.0,0.0,0.5547332763671875,0.0,0.0,0.0,0.56768798828125,0.0,0.0,0.0,0.5587158203125,0.0,0.0,0.0,0.5718536376953125
C:\Users\jagan\OneDrive\Documents\TRON\Dataset\PlantVillage\Tomato_healthy\062c4b5a-59d7-4bc8-a1d0-abdeb6fc9c0e___RS_HL 0295.JPG,Tomato_healthy,0.0,0.0,0.0,0.60894775390625,0.0,0.0,0.0,0.6245574951171875,0.0,0.0,0.0,0.6130218505859375,0.0,0.0,0.0,0.627593994140625
C:\Users\jagan\OneDrive\Documents\TRON\Dataset\PlantVillage\Tomato_healthy\06d3fe74-beca-4722-ae07-eeb671b82780___RS_HL 9701.JPG,Tomato_healthy,0.0,0.0,0.0,0.4927215576171875,0.0,0.0,0.0,0.5223388671875,0.0,0.0,0.0,0.49432373046875,0.0,0.0,0.0,0.5238189697265625
C:\Users\jagan\OneDrive\Documents\TRON\Dataset\PlantVillage\Tomato_healthy\06d90ad5-eb13-49aa-ae04-3a4a5454963d___RS_HL 0620.JPG,Tomato_healthy,0.0,0.0,0.0,0.5889739990234375,0.0,0.0,0.0,0.6026611328125,0.0,0.0,0.0,0.5934906005859375,0.0,0.0,0.0,0.60528564453125
C:\Users\jagan\OneDrive\Documents\TRON\Dataset\PlantVillage\Tomato_healthy\0764cff7-f198-467a-9afd-d9f0c7bcf7c9___RS_HL 0443.JPG,Tomato_healthy,0.0,0.0,0.0,0.5186767578125,0.0,0.0,0.0,0.528717041015625,0.0,0.0,0.0,0.5250244140625,0.0,0.0,0.0,0.5355224609375
C:\Users\jagan\OneDrive\Documents\TRON\Dataset\PlantVillage\Tomato_healthy\07776423-f0af-455c-a7c1-36215c7e7097___RS_HL 0321.JPG,Tomato_healthy,0.0,0.0,0.0,0.571136474609375,0.0,0.0,0.0,0.5825653076171875,0.0,0.0,0.0,0.57281494140625,0.0,0.0,0.0,0.58416748046875
C:\Users\jagan\OneDrive\Documents\TRON\Dataset\PlantVillage\Tomato_healthy\0782c04b-2a91-4e10-89a7-cf3d3e48be82___RS_HL 9645.JPG,Tomato_healthy,0.0,0.0,0.0,0.4822540283203125,0.0,0.0,0.0,0.49163818359375,0.0,0.0,0.0,0.4839019775390625,0.0,0.0,0.0,0.49346923828125
C:\Users\jagan\OneDrive\Documents\TRON\Dataset\PlantVillage\Tomato_healthy\07b44f68-fa0b-44b5-91cc-c6a7144fcc93___RS_HL 0357.JPG,Tomato_healthy,0.0,0.0,0.0,0.607879638671875,0.0,0.0,0.0,0.6233673095703125,0.0,0.0,0.0,0.612762451171875,0.0,0.0,0.0,0.6278839111328125
C:\Users\jagan\OneDrive\Documents\TRON\Dataset\PlantVillage\Tomato_healthy\07c3c887-da7d-4c81-b6ae-fabd1fb0ba5a___RS_HL 9681.JPG,Tomato_healthy,0.0,0.0,0.0,0.522613525390625,0.0,0.0,0.0,0.5321807861328125,0.0,0.0,0.0,0.5244293212890625,0.0,0.0,0.0,0.5341033935546875
C:\Users\jagan\OneDrive\Documents\TRON\Dataset\PlantVillage\Tomato_healthy\07cb5416-a029-467f-a306-252c2a64d2e6___RS_HL 0543.JPG,Tomato_healthy,0.0,0.0,0.0,0.5206298828125,0.0,0.0,0.0,0.527679443359375,0.0,0.0,0.0,0.522552490234375,0.0,0.0,0.0,0.528900146484375
C:\Users\jagan\OneDrive\Documents\TRON\Dataset\PlantVillage\Tomato_healthy\083426c2-0042-4788-91ea-b7d93395c24a___RS_HL 9929.JPG,Tomato_healthy,0.0,0.0,0.0,0.6465606689453125,0.0,0.0,0.0,0.6736907958984375,0.0,0.0,0.0,0.6483306884765625,0.0,0.0,0.0,0.6750335693359375
C:\Users\jagan\OneDrive\Documents\TRON\Dataset\PlantVillage\Tomato_healthy\087e3b12-a80b-435f-8973-a3b07888f8b4___RS_HL 9847.JPG,Tomato_healthy,0.0,0.0,0.0,0.60302734375,0.0,0.0,0.0,0.6146087646484375,0.0,0.0,0.0,0.604827880859375,0.0,0.0,0.0,0.61761474609375
C:\Users\jagan\OneDrive\Documents\TRON\Dataset\PlantVillage\Tomato_healthy\0972d906-c7f6-4c30-80f5-6c665ea36770___RS_HL 0115.JPG,Tomato_healthy,0.0,0.0,0.0,0.5666351318359375,0.0,0.0,0.0,0.576568603515625,0.0,0.0,0.0,0.5751495361328125,0.0,0.0,0.0,0.5863037109375
C:\Users\jagan\OneDrive\Documents\TRON\Dataset\PlantVillage\Tomato_healthy\09e0f4bb-e933-4969-8097-58cf47065790___RS_HL 0387.JPG,Tomato_healthy,0.023681640625,0.023681640625,21674.494140625,0.5933074951171875,0.0,0.0,0.0,0.6540069580078125,0.0,0.0,0.0,0.644683837890625,0.0,0.0,0.0,0.6590423583984375
C:\Users\jagan\OneDrive\Documents\TRON\Dataset\PlantVillage\Tomato_healthy\0a0d6a11-ddd6-4dac-8469-d5f65af5afca___RS_HL 0555.JPG,Tomato_healthy,0.0499267578125,0.0499267578125,29482.498046875,0.499755859375,0.0412445068359375,0.0412445068359375,28121.666015625,0.515716552734375,0.0,0.0,0.0,0.5605621337890625,0.0,0.0,0.0,0.56781005859375
C:\Users\jagan\OneDrive\Documents\TRON\Dataset\PlantVillage\Tomato_healthy\0aacdad5-c9b9-4309-96e3-0797bbed1375___RS_HL 9836.JPG,Tomato_healthy,0.0,0.0,0.0,0.503814697265625,0.0,0.0,0.0,0.512054443359375,0.0,0.0,0.0,0.50518798828125,0.0,0.0,0.0,0.51397705078125
C:\Users\jagan\OneDrive\Documents\TRON\Dataset\PlantVillage\Tomato_healthy\0b5cfce2-38fd-4984-8926-2d2911c48490___RS_HL 9733.JPG,Tomato_healthy,0.0,0.0,0.0,0.54705810546875,0.0,0.0,0.0,0.5626220703125,0.0,0.0,0.0,0.5504302978515625,0.0,0.0,0.0,0.564483642578125
C:\Users\jagan\OneDrive\Documents\TRON\Dataset\PlantVillage\Tomato_healthy\0bfe260c-a71e-474e-bfb1-78f1e5ca5698___RS_HL 0497.JPG,Tomato_healthy,0.0,0.0,0.0,0.5530242919921875,0.0,0.0,0.0,0.5669403076171875,0.0,0.0,0.0,0.5551910400390625,0.0,0.0,0.0,0.568939208984375
C:\Users\jagan\OneDrive\Documents\TRON\Dataset\PlantVillage\Tomato_healthy\0c3eaf2d-8203-441d-9248-1c64e00b5b8b___RS_HL 0018.JPG,Tomato_healthy,0.0,0.0,0.0,0.5988922119140625,0.0,0.0,0.0,0.6163482666015625,0.0,0.0,0.0,0.600860595703125,0.0,0.0,0.0,0.618438720703125
C:\Users\jagan\OneDrive\Documents\TRON\Dataset\PlantVillage\Tomato_healthy\0cabff41-b00b-4692-98af-6b8b0aeba7aa___RS_HL 9774.JPG,Tomato_healthy,0.0,0.0,0.0,0.4964141845703125,0.0,0.0,0.0,0.5029144287109375,0.0,0.0,0.0,0.4995880126953125,0.0,0.0,0.0,0.5057220458984375
C:\Users\jagan\OneDrive\Documents\TRON\Dataset\PlantVillage\Tomato_healthy\0caff918-5807-40f2-b9e4-7dd34a7bab5d___RS_HL 0345.JPG,Tomato_healthy,0.0,0.0,0.0,0.56085205078125,0.0,0.0,0.0,0.5662689208984375,0.0,0.0,0.0,0.563720703125,0.0,0.0,0.0,0.5686798095703125
C:\Users\jagan\OneDrive\Documents\TRON\Dataset\PlantVillage\Tomato_healthy\0d3691ab-5413-4313-870e-9e5d2faf33ea___RS_HL 9958.JPG,Tomato_healthy,0.0,0.0,0.0,0.4700164794921875,0.0,0.0,0.0,0.4839324951171875,0.0,0.0,0.0,0.4836883544921875,0.0,0.0,0.0,0.4993438720703125
C:\Users\jagan\OneDrive\Documents\TRON\Dataset\PlantVillage\Tomato_healthy\0d515778-61ef-4f0b-ab54-75607c80220f___RS_HL 9745.JPG,Tomato_healthy,0.0,0.0,0.0,0.51934814453125,0.0,0.0,0.0,0.5307769775390625,0.0,0.0,0.0,0.5211639404296875,0.0,0.0,0.0,0.537261962890625
C:\Users\jagan\OneDrive\Documents\TRON\Dataset\PlantVillage\Tomato_healthy\0d615a38-cfa4-45e4-b1b4-9977220e19ca___RS_HL 9815.JPG,Tomato_healthy,0.0,0.0,0.0,0.576873779296875,0.0,0.0,0.0,0.589141845703125,0.0,0.0,0.0,0.5885162353515625,0.0,0.0,0.0,0.601318359375
C:\Users\jagan\OneDrive\Documents\TRON\Dataset\PlantVillage\Tomato_healthy\0d789240-9714-4378-8b63-4afb12ddfa44___RS_HL 9735.JPG,Tomato_healthy,0.0,0.0,0.0,0.5715484619140625,0.0,0.0,0.0,0.580963134765625,0.0,0.0,0.0,0.5761566162109375,0.0,0.0,0.0,0.5862274169921875
C:\Users\jagan\OneDrive\Documents\TRON\Dataset\PlantVillage\Tomato_healthy\0d91db63-181b-4c3a-939b-181cc812e466___RS_HL 0308.JPG,Tomato_healthy,0.002044677734375,0.002044677734375,27352.119140625,0.6669921875,0.0,0.0,0.0,0.7023773193359375,0.0,0.0,0.0,0.6775970458984375,0.0,0.0,0.0,0.7073516845703125
C:\Users\jagan\OneDrive\Documents\TRON\Dataset\PlantVillage\Tomato_healthy\0d932b2a-584e-4971-8590-70c5f0a049cf___RS_HL 9739.JPG,Tomato_healthy,0.0,0.0,0.0,0.59515380859375,0.0,0.0,0.0,0.6163482666015625,0.0,0.0,0.0,0.5980682373046875,0.0,0.0,0.0,0.6217498779296875
